[2025-07-25T09:50:07.523+0000] {processor.py:161} INFO - Started process (PID=1056) to work on /opt/airflow/dags/load_raw_from_minio.py
[2025-07-25T09:50:07.525+0000] {processor.py:830} INFO - Processing file /opt/airflow/dags/load_raw_from_minio.py for tasks to queue
[2025-07-25T09:50:07.533+0000] {logging_mixin.py:188} INFO - [2025-07-25T09:50:07.530+0000] {dagbag.py:540} INFO - Filling up the DagBag from /opt/airflow/dags/load_raw_from_minio.py
[2025-07-25T09:50:07.553+0000] {logging_mixin.py:188} INFO - [2025-07-25T09:50:07.548+0000] {dagbag.py:350} ERROR - Failed to import: /opt/airflow/dags/load_raw_from_minio.py
Traceback (most recent call last):
  File "/home/airflow/.local/lib/python3.8/site-packages/airflow/models/dagbag.py", line 346, in parse
    loader.exec_module(new_module)
  File "<frozen importlib._bootstrap_external>", line 843, in exec_module
  File "<frozen importlib._bootstrap>", line 219, in _call_with_frames_removed
  File "/opt/airflow/dags/load_raw_from_minio.py", line 11, in <module>
    from utils.validation import Event
ModuleNotFoundError: No module named 'utils'
[2025-07-25T09:50:07.554+0000] {processor.py:842} WARNING - No viable dags retrieved from /opt/airflow/dags/load_raw_from_minio.py
[2025-07-25T09:50:07.617+0000] {processor.py:183} INFO - Processing /opt/airflow/dags/load_raw_from_minio.py took 0.108 seconds
[2025-07-25T09:50:37.688+0000] {processor.py:161} INFO - Started process (PID=1063) to work on /opt/airflow/dags/load_raw_from_minio.py
[2025-07-25T09:50:37.689+0000] {processor.py:830} INFO - Processing file /opt/airflow/dags/load_raw_from_minio.py for tasks to queue
[2025-07-25T09:50:37.691+0000] {logging_mixin.py:188} INFO - [2025-07-25T09:50:37.691+0000] {dagbag.py:540} INFO - Filling up the DagBag from /opt/airflow/dags/load_raw_from_minio.py
[2025-07-25T09:50:37.699+0000] {logging_mixin.py:188} INFO - [2025-07-25T09:50:37.697+0000] {dagbag.py:350} ERROR - Failed to import: /opt/airflow/dags/load_raw_from_minio.py
Traceback (most recent call last):
  File "/home/airflow/.local/lib/python3.8/site-packages/airflow/models/dagbag.py", line 346, in parse
    loader.exec_module(new_module)
  File "<frozen importlib._bootstrap_external>", line 843, in exec_module
  File "<frozen importlib._bootstrap>", line 219, in _call_with_frames_removed
  File "/opt/airflow/dags/load_raw_from_minio.py", line 11, in <module>
    from utils.validation import Event
ModuleNotFoundError: No module named 'utils'
[2025-07-25T09:50:37.699+0000] {processor.py:842} WARNING - No viable dags retrieved from /opt/airflow/dags/load_raw_from_minio.py
[2025-07-25T09:50:37.720+0000] {processor.py:183} INFO - Processing /opt/airflow/dags/load_raw_from_minio.py took 0.036 seconds
[2025-07-25T09:50:52.769+0000] {processor.py:161} INFO - Started process (PID=1064) to work on /opt/airflow/dags/load_raw_from_minio.py
[2025-07-25T09:50:52.771+0000] {processor.py:830} INFO - Processing file /opt/airflow/dags/load_raw_from_minio.py for tasks to queue
[2025-07-25T09:50:52.773+0000] {logging_mixin.py:188} INFO - [2025-07-25T09:50:52.773+0000] {dagbag.py:540} INFO - Filling up the DagBag from /opt/airflow/dags/load_raw_from_minio.py
[2025-07-25T09:50:52.784+0000] {logging_mixin.py:188} INFO - [2025-07-25T09:50:52.783+0000] {dagbag.py:350} ERROR - Failed to import: /opt/airflow/dags/load_raw_from_minio.py
Traceback (most recent call last):
  File "/home/airflow/.local/lib/python3.8/site-packages/airflow/models/dagbag.py", line 346, in parse
    loader.exec_module(new_module)
  File "<frozen importlib._bootstrap_external>", line 843, in exec_module
  File "<frozen importlib._bootstrap>", line 219, in _call_with_frames_removed
  File "/opt/airflow/dags/load_raw_from_minio.py", line 11, in <module>
    from utils.validation import Event
ModuleNotFoundError: No module named 'utils'
[2025-07-25T09:50:52.784+0000] {processor.py:842} WARNING - No viable dags retrieved from /opt/airflow/dags/load_raw_from_minio.py
[2025-07-25T09:50:52.810+0000] {processor.py:183} INFO - Processing /opt/airflow/dags/load_raw_from_minio.py took 0.045 seconds
[2025-07-25T09:51:22.960+0000] {processor.py:161} INFO - Started process (PID=1071) to work on /opt/airflow/dags/load_raw_from_minio.py
[2025-07-25T09:51:22.961+0000] {processor.py:830} INFO - Processing file /opt/airflow/dags/load_raw_from_minio.py for tasks to queue
[2025-07-25T09:51:22.964+0000] {logging_mixin.py:188} INFO - [2025-07-25T09:51:22.963+0000] {dagbag.py:540} INFO - Filling up the DagBag from /opt/airflow/dags/load_raw_from_minio.py
[2025-07-25T09:51:22.974+0000] {logging_mixin.py:188} INFO - [2025-07-25T09:51:22.972+0000] {dagbag.py:350} ERROR - Failed to import: /opt/airflow/dags/load_raw_from_minio.py
Traceback (most recent call last):
  File "/home/airflow/.local/lib/python3.8/site-packages/airflow/models/dagbag.py", line 346, in parse
    loader.exec_module(new_module)
  File "<frozen importlib._bootstrap_external>", line 843, in exec_module
  File "<frozen importlib._bootstrap>", line 219, in _call_with_frames_removed
  File "/opt/airflow/dags/load_raw_from_minio.py", line 11, in <module>
    from utils.validation import Event
ModuleNotFoundError: No module named 'utils'
[2025-07-25T09:51:22.975+0000] {processor.py:842} WARNING - No viable dags retrieved from /opt/airflow/dags/load_raw_from_minio.py
[2025-07-25T09:51:22.996+0000] {processor.py:183} INFO - Processing /opt/airflow/dags/load_raw_from_minio.py took 0.040 seconds
[2025-07-25T09:51:53.118+0000] {processor.py:161} INFO - Started process (PID=1078) to work on /opt/airflow/dags/load_raw_from_minio.py
[2025-07-25T09:51:53.119+0000] {processor.py:830} INFO - Processing file /opt/airflow/dags/load_raw_from_minio.py for tasks to queue
[2025-07-25T09:51:53.121+0000] {logging_mixin.py:188} INFO - [2025-07-25T09:51:53.121+0000] {dagbag.py:540} INFO - Filling up the DagBag from /opt/airflow/dags/load_raw_from_minio.py
[2025-07-25T09:51:53.130+0000] {logging_mixin.py:188} INFO - [2025-07-25T09:51:53.129+0000] {dagbag.py:350} ERROR - Failed to import: /opt/airflow/dags/load_raw_from_minio.py
Traceback (most recent call last):
  File "/home/airflow/.local/lib/python3.8/site-packages/airflow/models/dagbag.py", line 346, in parse
    loader.exec_module(new_module)
  File "<frozen importlib._bootstrap_external>", line 843, in exec_module
  File "<frozen importlib._bootstrap>", line 219, in _call_with_frames_removed
  File "/opt/airflow/dags/load_raw_from_minio.py", line 11, in <module>
    from utils.validation import Event
ModuleNotFoundError: No module named 'utils'
[2025-07-25T09:51:53.131+0000] {processor.py:842} WARNING - No viable dags retrieved from /opt/airflow/dags/load_raw_from_minio.py
[2025-07-25T09:51:53.154+0000] {processor.py:183} INFO - Processing /opt/airflow/dags/load_raw_from_minio.py took 0.040 seconds
[2025-07-25T09:52:23.273+0000] {processor.py:161} INFO - Started process (PID=1085) to work on /opt/airflow/dags/load_raw_from_minio.py
[2025-07-25T09:52:23.274+0000] {processor.py:830} INFO - Processing file /opt/airflow/dags/load_raw_from_minio.py for tasks to queue
[2025-07-25T09:52:23.278+0000] {logging_mixin.py:188} INFO - [2025-07-25T09:52:23.278+0000] {dagbag.py:540} INFO - Filling up the DagBag from /opt/airflow/dags/load_raw_from_minio.py
[2025-07-25T09:52:23.287+0000] {logging_mixin.py:188} INFO - [2025-07-25T09:52:23.286+0000] {dagbag.py:350} ERROR - Failed to import: /opt/airflow/dags/load_raw_from_minio.py
Traceback (most recent call last):
  File "/home/airflow/.local/lib/python3.8/site-packages/airflow/models/dagbag.py", line 346, in parse
    loader.exec_module(new_module)
  File "<frozen importlib._bootstrap_external>", line 843, in exec_module
  File "<frozen importlib._bootstrap>", line 219, in _call_with_frames_removed
  File "/opt/airflow/dags/load_raw_from_minio.py", line 11, in <module>
    from utils.validation import Event
ModuleNotFoundError: No module named 'utils'
[2025-07-25T09:52:23.288+0000] {processor.py:842} WARNING - No viable dags retrieved from /opt/airflow/dags/load_raw_from_minio.py
[2025-07-25T09:52:23.308+0000] {processor.py:183} INFO - Processing /opt/airflow/dags/load_raw_from_minio.py took 0.039 seconds
[2025-07-25T09:52:53.521+0000] {processor.py:161} INFO - Started process (PID=1092) to work on /opt/airflow/dags/load_raw_from_minio.py
[2025-07-25T09:52:53.523+0000] {processor.py:830} INFO - Processing file /opt/airflow/dags/load_raw_from_minio.py for tasks to queue
[2025-07-25T09:52:53.525+0000] {logging_mixin.py:188} INFO - [2025-07-25T09:52:53.525+0000] {dagbag.py:540} INFO - Filling up the DagBag from /opt/airflow/dags/load_raw_from_minio.py
[2025-07-25T09:52:53.538+0000] {logging_mixin.py:188} INFO - [2025-07-25T09:52:53.535+0000] {dagbag.py:350} ERROR - Failed to import: /opt/airflow/dags/load_raw_from_minio.py
Traceback (most recent call last):
  File "/home/airflow/.local/lib/python3.8/site-packages/airflow/models/dagbag.py", line 346, in parse
    loader.exec_module(new_module)
  File "<frozen importlib._bootstrap_external>", line 843, in exec_module
  File "<frozen importlib._bootstrap>", line 219, in _call_with_frames_removed
  File "/opt/airflow/dags/load_raw_from_minio.py", line 11, in <module>
    from utils.validation import Event
ModuleNotFoundError: No module named 'utils'
[2025-07-25T09:52:53.538+0000] {processor.py:842} WARNING - No viable dags retrieved from /opt/airflow/dags/load_raw_from_minio.py
[2025-07-25T09:52:53.564+0000] {processor.py:183} INFO - Processing /opt/airflow/dags/load_raw_from_minio.py took 0.047 seconds
[2025-07-25T09:53:23.690+0000] {processor.py:161} INFO - Started process (PID=1099) to work on /opt/airflow/dags/load_raw_from_minio.py
[2025-07-25T09:53:23.691+0000] {processor.py:830} INFO - Processing file /opt/airflow/dags/load_raw_from_minio.py for tasks to queue
[2025-07-25T09:53:23.693+0000] {logging_mixin.py:188} INFO - [2025-07-25T09:53:23.693+0000] {dagbag.py:540} INFO - Filling up the DagBag from /opt/airflow/dags/load_raw_from_minio.py
[2025-07-25T09:53:23.700+0000] {logging_mixin.py:188} INFO - [2025-07-25T09:53:23.699+0000] {dagbag.py:350} ERROR - Failed to import: /opt/airflow/dags/load_raw_from_minio.py
Traceback (most recent call last):
  File "/home/airflow/.local/lib/python3.8/site-packages/airflow/models/dagbag.py", line 346, in parse
    loader.exec_module(new_module)
  File "<frozen importlib._bootstrap_external>", line 843, in exec_module
  File "<frozen importlib._bootstrap>", line 219, in _call_with_frames_removed
  File "/opt/airflow/dags/load_raw_from_minio.py", line 11, in <module>
    from utils.validation import Event
ModuleNotFoundError: No module named 'utils'
[2025-07-25T09:53:23.701+0000] {processor.py:842} WARNING - No viable dags retrieved from /opt/airflow/dags/load_raw_from_minio.py
[2025-07-25T09:53:23.723+0000] {processor.py:183} INFO - Processing /opt/airflow/dags/load_raw_from_minio.py took 0.037 seconds
[2025-07-25T09:53:53.873+0000] {processor.py:161} INFO - Started process (PID=1106) to work on /opt/airflow/dags/load_raw_from_minio.py
[2025-07-25T09:53:53.874+0000] {processor.py:830} INFO - Processing file /opt/airflow/dags/load_raw_from_minio.py for tasks to queue
[2025-07-25T09:53:53.876+0000] {logging_mixin.py:188} INFO - [2025-07-25T09:53:53.875+0000] {dagbag.py:540} INFO - Filling up the DagBag from /opt/airflow/dags/load_raw_from_minio.py
[2025-07-25T09:53:53.883+0000] {logging_mixin.py:188} INFO - [2025-07-25T09:53:53.882+0000] {dagbag.py:350} ERROR - Failed to import: /opt/airflow/dags/load_raw_from_minio.py
Traceback (most recent call last):
  File "/home/airflow/.local/lib/python3.8/site-packages/airflow/models/dagbag.py", line 346, in parse
    loader.exec_module(new_module)
  File "<frozen importlib._bootstrap_external>", line 843, in exec_module
  File "<frozen importlib._bootstrap>", line 219, in _call_with_frames_removed
  File "/opt/airflow/dags/load_raw_from_minio.py", line 11, in <module>
    from utils.validation import Event
ModuleNotFoundError: No module named 'utils'
[2025-07-25T09:53:53.884+0000] {processor.py:842} WARNING - No viable dags retrieved from /opt/airflow/dags/load_raw_from_minio.py
[2025-07-25T09:53:53.907+0000] {processor.py:183} INFO - Processing /opt/airflow/dags/load_raw_from_minio.py took 0.038 seconds
[2025-07-25T09:54:24.043+0000] {processor.py:161} INFO - Started process (PID=1113) to work on /opt/airflow/dags/load_raw_from_minio.py
[2025-07-25T09:54:24.045+0000] {processor.py:830} INFO - Processing file /opt/airflow/dags/load_raw_from_minio.py for tasks to queue
[2025-07-25T09:54:24.047+0000] {logging_mixin.py:188} INFO - [2025-07-25T09:54:24.047+0000] {dagbag.py:540} INFO - Filling up the DagBag from /opt/airflow/dags/load_raw_from_minio.py
[2025-07-25T09:54:24.053+0000] {logging_mixin.py:188} INFO - [2025-07-25T09:54:24.052+0000] {dagbag.py:350} ERROR - Failed to import: /opt/airflow/dags/load_raw_from_minio.py
Traceback (most recent call last):
  File "/home/airflow/.local/lib/python3.8/site-packages/airflow/models/dagbag.py", line 346, in parse
    loader.exec_module(new_module)
  File "<frozen importlib._bootstrap_external>", line 843, in exec_module
  File "<frozen importlib._bootstrap>", line 219, in _call_with_frames_removed
  File "/opt/airflow/dags/load_raw_from_minio.py", line 11, in <module>
    from utils.validation import Event
ModuleNotFoundError: No module named 'utils'
[2025-07-25T09:54:24.053+0000] {processor.py:842} WARNING - No viable dags retrieved from /opt/airflow/dags/load_raw_from_minio.py
[2025-07-25T09:54:24.073+0000] {processor.py:183} INFO - Processing /opt/airflow/dags/load_raw_from_minio.py took 0.033 seconds
[2025-07-25T09:54:54.208+0000] {processor.py:161} INFO - Started process (PID=1120) to work on /opt/airflow/dags/load_raw_from_minio.py
[2025-07-25T09:54:54.209+0000] {processor.py:830} INFO - Processing file /opt/airflow/dags/load_raw_from_minio.py for tasks to queue
[2025-07-25T09:54:54.211+0000] {logging_mixin.py:188} INFO - [2025-07-25T09:54:54.210+0000] {dagbag.py:540} INFO - Filling up the DagBag from /opt/airflow/dags/load_raw_from_minio.py
[2025-07-25T09:54:54.219+0000] {logging_mixin.py:188} INFO - [2025-07-25T09:54:54.218+0000] {dagbag.py:350} ERROR - Failed to import: /opt/airflow/dags/load_raw_from_minio.py
Traceback (most recent call last):
  File "/home/airflow/.local/lib/python3.8/site-packages/airflow/models/dagbag.py", line 346, in parse
    loader.exec_module(new_module)
  File "<frozen importlib._bootstrap_external>", line 843, in exec_module
  File "<frozen importlib._bootstrap>", line 219, in _call_with_frames_removed
  File "/opt/airflow/dags/load_raw_from_minio.py", line 11, in <module>
    from utils.validation import Event
ModuleNotFoundError: No module named 'utils'
[2025-07-25T09:54:54.220+0000] {processor.py:842} WARNING - No viable dags retrieved from /opt/airflow/dags/load_raw_from_minio.py
[2025-07-25T09:54:54.240+0000] {processor.py:183} INFO - Processing /opt/airflow/dags/load_raw_from_minio.py took 0.035 seconds
[2025-07-25T09:55:24.394+0000] {processor.py:161} INFO - Started process (PID=1127) to work on /opt/airflow/dags/load_raw_from_minio.py
[2025-07-25T09:55:24.395+0000] {processor.py:830} INFO - Processing file /opt/airflow/dags/load_raw_from_minio.py for tasks to queue
[2025-07-25T09:55:24.397+0000] {logging_mixin.py:188} INFO - [2025-07-25T09:55:24.397+0000] {dagbag.py:540} INFO - Filling up the DagBag from /opt/airflow/dags/load_raw_from_minio.py
[2025-07-25T09:55:24.405+0000] {logging_mixin.py:188} INFO - [2025-07-25T09:55:24.404+0000] {dagbag.py:350} ERROR - Failed to import: /opt/airflow/dags/load_raw_from_minio.py
Traceback (most recent call last):
  File "/home/airflow/.local/lib/python3.8/site-packages/airflow/models/dagbag.py", line 346, in parse
    loader.exec_module(new_module)
  File "<frozen importlib._bootstrap_external>", line 843, in exec_module
  File "<frozen importlib._bootstrap>", line 219, in _call_with_frames_removed
  File "/opt/airflow/dags/load_raw_from_minio.py", line 11, in <module>
    from utils.validation import Event
ModuleNotFoundError: No module named 'utils'
[2025-07-25T09:55:24.406+0000] {processor.py:842} WARNING - No viable dags retrieved from /opt/airflow/dags/load_raw_from_minio.py
[2025-07-25T09:55:24.429+0000] {processor.py:183} INFO - Processing /opt/airflow/dags/load_raw_from_minio.py took 0.039 seconds
[2025-07-25T09:55:45.532+0000] {processor.py:161} INFO - Started process (PID=1134) to work on /opt/airflow/dags/load_raw_from_minio.py
[2025-07-25T09:55:45.534+0000] {processor.py:830} INFO - Processing file /opt/airflow/dags/load_raw_from_minio.py for tasks to queue
[2025-07-25T09:55:45.538+0000] {logging_mixin.py:188} INFO - [2025-07-25T09:55:45.537+0000] {dagbag.py:540} INFO - Filling up the DagBag from /opt/airflow/dags/load_raw_from_minio.py
[2025-07-25T09:55:45.550+0000] {logging_mixin.py:188} INFO - [2025-07-25T09:55:45.548+0000] {dagbag.py:350} ERROR - Failed to import: /opt/airflow/dags/load_raw_from_minio.py
Traceback (most recent call last):
  File "/home/airflow/.local/lib/python3.8/site-packages/airflow/models/dagbag.py", line 346, in parse
    loader.exec_module(new_module)
  File "<frozen importlib._bootstrap_external>", line 843, in exec_module
  File "<frozen importlib._bootstrap>", line 219, in _call_with_frames_removed
  File "/opt/airflow/dags/load_raw_from_minio.py", line 11, in <module>
    from utils.validation import Event
ModuleNotFoundError: No module named 'utils'
[2025-07-25T09:55:45.550+0000] {processor.py:842} WARNING - No viable dags retrieved from /opt/airflow/dags/load_raw_from_minio.py
[2025-07-25T09:55:45.570+0000] {processor.py:183} INFO - Processing /opt/airflow/dags/load_raw_from_minio.py took 0.044 seconds
[2025-07-25T09:56:15.715+0000] {processor.py:161} INFO - Started process (PID=1141) to work on /opt/airflow/dags/load_raw_from_minio.py
[2025-07-25T09:56:15.716+0000] {processor.py:830} INFO - Processing file /opt/airflow/dags/load_raw_from_minio.py for tasks to queue
[2025-07-25T09:56:15.719+0000] {logging_mixin.py:188} INFO - [2025-07-25T09:56:15.719+0000] {dagbag.py:540} INFO - Filling up the DagBag from /opt/airflow/dags/load_raw_from_minio.py
[2025-07-25T09:56:15.729+0000] {logging_mixin.py:188} INFO - [2025-07-25T09:56:15.727+0000] {dagbag.py:350} ERROR - Failed to import: /opt/airflow/dags/load_raw_from_minio.py
Traceback (most recent call last):
  File "/home/airflow/.local/lib/python3.8/site-packages/airflow/models/dagbag.py", line 346, in parse
    loader.exec_module(new_module)
  File "<frozen importlib._bootstrap_external>", line 843, in exec_module
  File "<frozen importlib._bootstrap>", line 219, in _call_with_frames_removed
  File "/opt/airflow/dags/load_raw_from_minio.py", line 11, in <module>
    from utils.validation import Event
ModuleNotFoundError: No module named 'utils'
[2025-07-25T09:56:15.730+0000] {processor.py:842} WARNING - No viable dags retrieved from /opt/airflow/dags/load_raw_from_minio.py
[2025-07-25T09:56:15.754+0000] {processor.py:183} INFO - Processing /opt/airflow/dags/load_raw_from_minio.py took 0.043 seconds
[2025-07-25T09:56:45.884+0000] {processor.py:161} INFO - Started process (PID=1148) to work on /opt/airflow/dags/load_raw_from_minio.py
[2025-07-25T09:56:45.885+0000] {processor.py:830} INFO - Processing file /opt/airflow/dags/load_raw_from_minio.py for tasks to queue
[2025-07-25T09:56:45.887+0000] {logging_mixin.py:188} INFO - [2025-07-25T09:56:45.887+0000] {dagbag.py:540} INFO - Filling up the DagBag from /opt/airflow/dags/load_raw_from_minio.py
[2025-07-25T09:56:45.894+0000] {logging_mixin.py:188} INFO - [2025-07-25T09:56:45.893+0000] {dagbag.py:350} ERROR - Failed to import: /opt/airflow/dags/load_raw_from_minio.py
Traceback (most recent call last):
  File "/home/airflow/.local/lib/python3.8/site-packages/airflow/models/dagbag.py", line 346, in parse
    loader.exec_module(new_module)
  File "<frozen importlib._bootstrap_external>", line 843, in exec_module
  File "<frozen importlib._bootstrap>", line 219, in _call_with_frames_removed
  File "/opt/airflow/dags/load_raw_from_minio.py", line 11, in <module>
    from utils.validation import Event
ModuleNotFoundError: No module named 'utils'
[2025-07-25T09:56:45.894+0000] {processor.py:842} WARNING - No viable dags retrieved from /opt/airflow/dags/load_raw_from_minio.py
[2025-07-25T09:56:45.913+0000] {processor.py:183} INFO - Processing /opt/airflow/dags/load_raw_from_minio.py took 0.033 seconds
[2025-07-25T09:56:56.966+0000] {processor.py:161} INFO - Started process (PID=1149) to work on /opt/airflow/dags/load_raw_from_minio.py
[2025-07-25T09:56:56.967+0000] {processor.py:830} INFO - Processing file /opt/airflow/dags/load_raw_from_minio.py for tasks to queue
[2025-07-25T09:56:56.970+0000] {logging_mixin.py:188} INFO - [2025-07-25T09:56:56.969+0000] {dagbag.py:540} INFO - Filling up the DagBag from /opt/airflow/dags/load_raw_from_minio.py
[2025-07-25T09:56:56.986+0000] {logging_mixin.py:188} INFO - [2025-07-25T09:56:56.982+0000] {dagbag.py:350} ERROR - Failed to import: /opt/airflow/dags/load_raw_from_minio.py
Traceback (most recent call last):
  File "/home/airflow/.local/lib/python3.8/site-packages/airflow/models/dagbag.py", line 346, in parse
    loader.exec_module(new_module)
  File "<frozen importlib._bootstrap_external>", line 843, in exec_module
  File "<frozen importlib._bootstrap>", line 219, in _call_with_frames_removed
  File "/opt/airflow/dags/load_raw_from_minio.py", line 11, in <module>
    from utils.validation import Event
ModuleNotFoundError: No module named 'utils'
[2025-07-25T09:56:56.987+0000] {processor.py:842} WARNING - No viable dags retrieved from /opt/airflow/dags/load_raw_from_minio.py
[2025-07-25T09:56:57.015+0000] {processor.py:183} INFO - Processing /opt/airflow/dags/load_raw_from_minio.py took 0.054 seconds
[2025-07-25T09:57:27.136+0000] {processor.py:161} INFO - Started process (PID=1156) to work on /opt/airflow/dags/load_raw_from_minio.py
[2025-07-25T09:57:27.137+0000] {processor.py:830} INFO - Processing file /opt/airflow/dags/load_raw_from_minio.py for tasks to queue
[2025-07-25T09:57:27.140+0000] {logging_mixin.py:188} INFO - [2025-07-25T09:57:27.139+0000] {dagbag.py:540} INFO - Filling up the DagBag from /opt/airflow/dags/load_raw_from_minio.py
[2025-07-25T09:57:27.151+0000] {logging_mixin.py:188} INFO - [2025-07-25T09:57:27.150+0000] {dagbag.py:350} ERROR - Failed to import: /opt/airflow/dags/load_raw_from_minio.py
Traceback (most recent call last):
  File "/home/airflow/.local/lib/python3.8/site-packages/airflow/models/dagbag.py", line 346, in parse
    loader.exec_module(new_module)
  File "<frozen importlib._bootstrap_external>", line 843, in exec_module
  File "<frozen importlib._bootstrap>", line 219, in _call_with_frames_removed
  File "/opt/airflow/dags/load_raw_from_minio.py", line 11, in <module>
    from utils.validation import Event
ModuleNotFoundError: No module named 'utils'
[2025-07-25T09:57:27.152+0000] {processor.py:842} WARNING - No viable dags retrieved from /opt/airflow/dags/load_raw_from_minio.py
[2025-07-25T09:57:27.176+0000] {processor.py:183} INFO - Processing /opt/airflow/dags/load_raw_from_minio.py took 0.044 seconds
[2025-07-25T09:57:57.330+0000] {processor.py:161} INFO - Started process (PID=1163) to work on /opt/airflow/dags/load_raw_from_minio.py
[2025-07-25T09:57:57.331+0000] {processor.py:830} INFO - Processing file /opt/airflow/dags/load_raw_from_minio.py for tasks to queue
[2025-07-25T09:57:57.333+0000] {logging_mixin.py:188} INFO - [2025-07-25T09:57:57.333+0000] {dagbag.py:540} INFO - Filling up the DagBag from /opt/airflow/dags/load_raw_from_minio.py
[2025-07-25T09:57:57.343+0000] {logging_mixin.py:188} INFO - [2025-07-25T09:57:57.342+0000] {dagbag.py:350} ERROR - Failed to import: /opt/airflow/dags/load_raw_from_minio.py
Traceback (most recent call last):
  File "/home/airflow/.local/lib/python3.8/site-packages/airflow/models/dagbag.py", line 346, in parse
    loader.exec_module(new_module)
  File "<frozen importlib._bootstrap_external>", line 843, in exec_module
  File "<frozen importlib._bootstrap>", line 219, in _call_with_frames_removed
  File "/opt/airflow/dags/load_raw_from_minio.py", line 11, in <module>
    from utils.validation import Event
ModuleNotFoundError: No module named 'utils'
[2025-07-25T09:57:57.343+0000] {processor.py:842} WARNING - No viable dags retrieved from /opt/airflow/dags/load_raw_from_minio.py
[2025-07-25T09:57:57.368+0000] {processor.py:183} INFO - Processing /opt/airflow/dags/load_raw_from_minio.py took 0.046 seconds
[2025-07-25T09:58:27.529+0000] {processor.py:161} INFO - Started process (PID=1170) to work on /opt/airflow/dags/load_raw_from_minio.py
[2025-07-25T09:58:27.529+0000] {processor.py:830} INFO - Processing file /opt/airflow/dags/load_raw_from_minio.py for tasks to queue
[2025-07-25T09:58:27.533+0000] {logging_mixin.py:188} INFO - [2025-07-25T09:58:27.532+0000] {dagbag.py:540} INFO - Filling up the DagBag from /opt/airflow/dags/load_raw_from_minio.py
[2025-07-25T09:58:27.540+0000] {logging_mixin.py:188} INFO - [2025-07-25T09:58:27.538+0000] {dagbag.py:350} ERROR - Failed to import: /opt/airflow/dags/load_raw_from_minio.py
Traceback (most recent call last):
  File "/home/airflow/.local/lib/python3.8/site-packages/airflow/models/dagbag.py", line 346, in parse
    loader.exec_module(new_module)
  File "<frozen importlib._bootstrap_external>", line 843, in exec_module
  File "<frozen importlib._bootstrap>", line 219, in _call_with_frames_removed
  File "/opt/airflow/dags/load_raw_from_minio.py", line 11, in <module>
    from utils.validation import Event
ModuleNotFoundError: No module named 'utils'
[2025-07-25T09:58:27.541+0000] {processor.py:842} WARNING - No viable dags retrieved from /opt/airflow/dags/load_raw_from_minio.py
[2025-07-25T09:58:27.704+0000] {processor.py:183} INFO - Processing /opt/airflow/dags/load_raw_from_minio.py took 0.182 seconds
[2025-07-25T09:58:57.867+0000] {processor.py:161} INFO - Started process (PID=1177) to work on /opt/airflow/dags/load_raw_from_minio.py
[2025-07-25T09:58:57.869+0000] {processor.py:830} INFO - Processing file /opt/airflow/dags/load_raw_from_minio.py for tasks to queue
[2025-07-25T09:58:57.872+0000] {logging_mixin.py:188} INFO - [2025-07-25T09:58:57.871+0000] {dagbag.py:540} INFO - Filling up the DagBag from /opt/airflow/dags/load_raw_from_minio.py
[2025-07-25T09:58:57.883+0000] {logging_mixin.py:188} INFO - [2025-07-25T09:58:57.881+0000] {dagbag.py:350} ERROR - Failed to import: /opt/airflow/dags/load_raw_from_minio.py
Traceback (most recent call last):
  File "/home/airflow/.local/lib/python3.8/site-packages/airflow/models/dagbag.py", line 346, in parse
    loader.exec_module(new_module)
  File "<frozen importlib._bootstrap_external>", line 843, in exec_module
  File "<frozen importlib._bootstrap>", line 219, in _call_with_frames_removed
  File "/opt/airflow/dags/load_raw_from_minio.py", line 11, in <module>
    from utils.validation import Event
ModuleNotFoundError: No module named 'utils'
[2025-07-25T09:58:57.884+0000] {processor.py:842} WARNING - No viable dags retrieved from /opt/airflow/dags/load_raw_from_minio.py
[2025-07-25T09:58:57.912+0000] {processor.py:183} INFO - Processing /opt/airflow/dags/load_raw_from_minio.py took 0.051 seconds
[2025-07-25T09:59:16.973+0000] {processor.py:161} INFO - Started process (PID=1184) to work on /opt/airflow/dags/load_raw_from_minio.py
[2025-07-25T09:59:16.974+0000] {processor.py:830} INFO - Processing file /opt/airflow/dags/load_raw_from_minio.py for tasks to queue
[2025-07-25T09:59:16.977+0000] {logging_mixin.py:188} INFO - [2025-07-25T09:59:16.977+0000] {dagbag.py:540} INFO - Filling up the DagBag from /opt/airflow/dags/load_raw_from_minio.py
[2025-07-25T09:59:16.996+0000] {logging_mixin.py:188} INFO - [2025-07-25T09:59:16.993+0000] {dagbag.py:350} ERROR - Failed to import: /opt/airflow/dags/load_raw_from_minio.py
Traceback (most recent call last):
  File "/home/airflow/.local/lib/python3.8/site-packages/airflow/models/dagbag.py", line 346, in parse
    loader.exec_module(new_module)
  File "<frozen importlib._bootstrap_external>", line 843, in exec_module
  File "<frozen importlib._bootstrap>", line 219, in _call_with_frames_removed
  File "/opt/airflow/dags/load_raw_from_minio.py", line 11, in <module>
    from utils.validation import Event
ModuleNotFoundError: No module named 'utils'
[2025-07-25T09:59:16.997+0000] {processor.py:842} WARNING - No viable dags retrieved from /opt/airflow/dags/load_raw_from_minio.py
[2025-07-25T09:59:17.048+0000] {processor.py:183} INFO - Processing /opt/airflow/dags/load_raw_from_minio.py took 0.080 seconds
[2025-07-25T09:59:47.231+0000] {processor.py:161} INFO - Started process (PID=1191) to work on /opt/airflow/dags/load_raw_from_minio.py
[2025-07-25T09:59:47.233+0000] {processor.py:830} INFO - Processing file /opt/airflow/dags/load_raw_from_minio.py for tasks to queue
[2025-07-25T09:59:47.236+0000] {logging_mixin.py:188} INFO - [2025-07-25T09:59:47.236+0000] {dagbag.py:540} INFO - Filling up the DagBag from /opt/airflow/dags/load_raw_from_minio.py
[2025-07-25T09:59:47.246+0000] {logging_mixin.py:188} INFO - [2025-07-25T09:59:47.245+0000] {dagbag.py:350} ERROR - Failed to import: /opt/airflow/dags/load_raw_from_minio.py
Traceback (most recent call last):
  File "/home/airflow/.local/lib/python3.8/site-packages/airflow/models/dagbag.py", line 346, in parse
    loader.exec_module(new_module)
  File "<frozen importlib._bootstrap_external>", line 843, in exec_module
  File "<frozen importlib._bootstrap>", line 219, in _call_with_frames_removed
  File "/opt/airflow/dags/load_raw_from_minio.py", line 11, in <module>
    from utils.validation import Event
ModuleNotFoundError: No module named 'utils'
[2025-07-25T09:59:47.247+0000] {processor.py:842} WARNING - No viable dags retrieved from /opt/airflow/dags/load_raw_from_minio.py
[2025-07-25T09:59:47.274+0000] {processor.py:183} INFO - Processing /opt/airflow/dags/load_raw_from_minio.py took 0.047 seconds
[2025-07-25T10:00:00.327+0000] {processor.py:161} INFO - Started process (PID=1192) to work on /opt/airflow/dags/load_raw_from_minio.py
[2025-07-25T10:00:00.329+0000] {processor.py:830} INFO - Processing file /opt/airflow/dags/load_raw_from_minio.py for tasks to queue
[2025-07-25T10:00:00.334+0000] {logging_mixin.py:188} INFO - [2025-07-25T10:00:00.334+0000] {dagbag.py:540} INFO - Filling up the DagBag from /opt/airflow/dags/load_raw_from_minio.py
[2025-07-25T10:00:00.354+0000] {logging_mixin.py:188} INFO - [2025-07-25T10:00:00.352+0000] {dagbag.py:350} ERROR - Failed to import: /opt/airflow/dags/load_raw_from_minio.py
Traceback (most recent call last):
  File "/home/airflow/.local/lib/python3.8/site-packages/airflow/models/dagbag.py", line 346, in parse
    loader.exec_module(new_module)
  File "<frozen importlib._bootstrap_external>", line 843, in exec_module
  File "<frozen importlib._bootstrap>", line 219, in _call_with_frames_removed
  File "/opt/airflow/dags/load_raw_from_minio.py", line 12, in <module>
    from utils.validation import Event
ModuleNotFoundError: No module named 'utils'
[2025-07-25T10:00:00.355+0000] {processor.py:842} WARNING - No viable dags retrieved from /opt/airflow/dags/load_raw_from_minio.py
[2025-07-25T10:00:00.389+0000] {processor.py:183} INFO - Processing /opt/airflow/dags/load_raw_from_minio.py took 0.069 seconds
[2025-07-25T10:00:30.539+0000] {processor.py:161} INFO - Started process (PID=1199) to work on /opt/airflow/dags/load_raw_from_minio.py
[2025-07-25T10:00:30.540+0000] {processor.py:830} INFO - Processing file /opt/airflow/dags/load_raw_from_minio.py for tasks to queue
[2025-07-25T10:00:30.542+0000] {logging_mixin.py:188} INFO - [2025-07-25T10:00:30.542+0000] {dagbag.py:540} INFO - Filling up the DagBag from /opt/airflow/dags/load_raw_from_minio.py
[2025-07-25T10:00:30.551+0000] {logging_mixin.py:188} INFO - [2025-07-25T10:00:30.549+0000] {dagbag.py:350} ERROR - Failed to import: /opt/airflow/dags/load_raw_from_minio.py
Traceback (most recent call last):
  File "/home/airflow/.local/lib/python3.8/site-packages/airflow/models/dagbag.py", line 346, in parse
    loader.exec_module(new_module)
  File "<frozen importlib._bootstrap_external>", line 843, in exec_module
  File "<frozen importlib._bootstrap>", line 219, in _call_with_frames_removed
  File "/opt/airflow/dags/load_raw_from_minio.py", line 12, in <module>
    from utils.validation import Event
ModuleNotFoundError: No module named 'utils'
[2025-07-25T10:00:30.551+0000] {processor.py:842} WARNING - No viable dags retrieved from /opt/airflow/dags/load_raw_from_minio.py
[2025-07-25T10:00:30.573+0000] {processor.py:183} INFO - Processing /opt/airflow/dags/load_raw_from_minio.py took 0.038 seconds
[2025-07-25T10:01:00.727+0000] {processor.py:161} INFO - Started process (PID=1206) to work on /opt/airflow/dags/load_raw_from_minio.py
[2025-07-25T10:01:00.728+0000] {processor.py:830} INFO - Processing file /opt/airflow/dags/load_raw_from_minio.py for tasks to queue
[2025-07-25T10:01:00.730+0000] {logging_mixin.py:188} INFO - [2025-07-25T10:01:00.729+0000] {dagbag.py:540} INFO - Filling up the DagBag from /opt/airflow/dags/load_raw_from_minio.py
[2025-07-25T10:01:00.738+0000] {logging_mixin.py:188} INFO - [2025-07-25T10:01:00.737+0000] {dagbag.py:350} ERROR - Failed to import: /opt/airflow/dags/load_raw_from_minio.py
Traceback (most recent call last):
  File "/home/airflow/.local/lib/python3.8/site-packages/airflow/models/dagbag.py", line 346, in parse
    loader.exec_module(new_module)
  File "<frozen importlib._bootstrap_external>", line 843, in exec_module
  File "<frozen importlib._bootstrap>", line 219, in _call_with_frames_removed
  File "/opt/airflow/dags/load_raw_from_minio.py", line 12, in <module>
    from utils.validation import Event
ModuleNotFoundError: No module named 'utils'
[2025-07-25T10:01:00.739+0000] {processor.py:842} WARNING - No viable dags retrieved from /opt/airflow/dags/load_raw_from_minio.py
[2025-07-25T10:01:00.760+0000] {processor.py:183} INFO - Processing /opt/airflow/dags/load_raw_from_minio.py took 0.037 seconds
[2025-07-25T10:01:30.898+0000] {processor.py:161} INFO - Started process (PID=1213) to work on /opt/airflow/dags/load_raw_from_minio.py
[2025-07-25T10:01:30.900+0000] {processor.py:830} INFO - Processing file /opt/airflow/dags/load_raw_from_minio.py for tasks to queue
[2025-07-25T10:01:30.903+0000] {logging_mixin.py:188} INFO - [2025-07-25T10:01:30.902+0000] {dagbag.py:540} INFO - Filling up the DagBag from /opt/airflow/dags/load_raw_from_minio.py
[2025-07-25T10:01:30.912+0000] {logging_mixin.py:188} INFO - [2025-07-25T10:01:30.911+0000] {dagbag.py:350} ERROR - Failed to import: /opt/airflow/dags/load_raw_from_minio.py
Traceback (most recent call last):
  File "/home/airflow/.local/lib/python3.8/site-packages/airflow/models/dagbag.py", line 346, in parse
    loader.exec_module(new_module)
  File "<frozen importlib._bootstrap_external>", line 843, in exec_module
  File "<frozen importlib._bootstrap>", line 219, in _call_with_frames_removed
  File "/opt/airflow/dags/load_raw_from_minio.py", line 12, in <module>
    from utils.validation import Event
ModuleNotFoundError: No module named 'utils'
[2025-07-25T10:01:30.913+0000] {processor.py:842} WARNING - No viable dags retrieved from /opt/airflow/dags/load_raw_from_minio.py
[2025-07-25T10:01:30.939+0000] {processor.py:183} INFO - Processing /opt/airflow/dags/load_raw_from_minio.py took 0.046 seconds
[2025-07-25T10:02:01.070+0000] {processor.py:161} INFO - Started process (PID=1220) to work on /opt/airflow/dags/load_raw_from_minio.py
[2025-07-25T10:02:01.072+0000] {processor.py:830} INFO - Processing file /opt/airflow/dags/load_raw_from_minio.py for tasks to queue
[2025-07-25T10:02:01.074+0000] {logging_mixin.py:188} INFO - [2025-07-25T10:02:01.074+0000] {dagbag.py:540} INFO - Filling up the DagBag from /opt/airflow/dags/load_raw_from_minio.py
[2025-07-25T10:02:01.084+0000] {logging_mixin.py:188} INFO - [2025-07-25T10:02:01.082+0000] {dagbag.py:350} ERROR - Failed to import: /opt/airflow/dags/load_raw_from_minio.py
Traceback (most recent call last):
  File "/home/airflow/.local/lib/python3.8/site-packages/airflow/models/dagbag.py", line 346, in parse
    loader.exec_module(new_module)
  File "<frozen importlib._bootstrap_external>", line 843, in exec_module
  File "<frozen importlib._bootstrap>", line 219, in _call_with_frames_removed
  File "/opt/airflow/dags/load_raw_from_minio.py", line 12, in <module>
    from utils.validation import Event
ModuleNotFoundError: No module named 'utils'
[2025-07-25T10:02:01.085+0000] {processor.py:842} WARNING - No viable dags retrieved from /opt/airflow/dags/load_raw_from_minio.py
[2025-07-25T10:02:01.108+0000] {processor.py:183} INFO - Processing /opt/airflow/dags/load_raw_from_minio.py took 0.042 seconds
[2025-07-25T10:02:31.255+0000] {processor.py:161} INFO - Started process (PID=1227) to work on /opt/airflow/dags/load_raw_from_minio.py
[2025-07-25T10:02:31.256+0000] {processor.py:830} INFO - Processing file /opt/airflow/dags/load_raw_from_minio.py for tasks to queue
[2025-07-25T10:02:31.259+0000] {logging_mixin.py:188} INFO - [2025-07-25T10:02:31.259+0000] {dagbag.py:540} INFO - Filling up the DagBag from /opt/airflow/dags/load_raw_from_minio.py
[2025-07-25T10:02:31.271+0000] {logging_mixin.py:188} INFO - [2025-07-25T10:02:31.269+0000] {dagbag.py:350} ERROR - Failed to import: /opt/airflow/dags/load_raw_from_minio.py
Traceback (most recent call last):
  File "/home/airflow/.local/lib/python3.8/site-packages/airflow/models/dagbag.py", line 346, in parse
    loader.exec_module(new_module)
  File "<frozen importlib._bootstrap_external>", line 843, in exec_module
  File "<frozen importlib._bootstrap>", line 219, in _call_with_frames_removed
  File "/opt/airflow/dags/load_raw_from_minio.py", line 12, in <module>
    from utils.validation import Event
ModuleNotFoundError: No module named 'utils'
[2025-07-25T10:02:31.272+0000] {processor.py:842} WARNING - No viable dags retrieved from /opt/airflow/dags/load_raw_from_minio.py
[2025-07-25T10:02:31.299+0000] {processor.py:183} INFO - Processing /opt/airflow/dags/load_raw_from_minio.py took 0.049 seconds
[2025-07-25T10:02:48.360+0000] {processor.py:161} INFO - Started process (PID=1234) to work on /opt/airflow/dags/load_raw_from_minio.py
[2025-07-25T10:02:48.361+0000] {processor.py:830} INFO - Processing file /opt/airflow/dags/load_raw_from_minio.py for tasks to queue
[2025-07-25T10:02:48.364+0000] {logging_mixin.py:188} INFO - [2025-07-25T10:02:48.363+0000] {dagbag.py:540} INFO - Filling up the DagBag from /opt/airflow/dags/load_raw_from_minio.py
[2025-07-25T10:02:48.375+0000] {logging_mixin.py:188} INFO - [2025-07-25T10:02:48.374+0000] {dagbag.py:350} ERROR - Failed to import: /opt/airflow/dags/load_raw_from_minio.py
Traceback (most recent call last):
  File "/home/airflow/.local/lib/python3.8/site-packages/airflow/models/dagbag.py", line 346, in parse
    loader.exec_module(new_module)
  File "<frozen importlib._bootstrap_external>", line 843, in exec_module
  File "<frozen importlib._bootstrap>", line 219, in _call_with_frames_removed
  File "/opt/airflow/dags/load_raw_from_minio.py", line 2, in <module>
    sys.path.insert(0, os.path.abspath(os.path.join(os.path.dirname(__file__), '..')))
NameError: name 'os' is not defined
[2025-07-25T10:02:48.376+0000] {processor.py:842} WARNING - No viable dags retrieved from /opt/airflow/dags/load_raw_from_minio.py
[2025-07-25T10:02:48.401+0000] {processor.py:183} INFO - Processing /opt/airflow/dags/load_raw_from_minio.py took 0.046 seconds
[2025-07-25T10:03:18.573+0000] {processor.py:161} INFO - Started process (PID=1241) to work on /opt/airflow/dags/load_raw_from_minio.py
[2025-07-25T10:03:18.575+0000] {processor.py:830} INFO - Processing file /opt/airflow/dags/load_raw_from_minio.py for tasks to queue
[2025-07-25T10:03:18.578+0000] {logging_mixin.py:188} INFO - [2025-07-25T10:03:18.578+0000] {dagbag.py:540} INFO - Filling up the DagBag from /opt/airflow/dags/load_raw_from_minio.py
[2025-07-25T10:03:18.588+0000] {logging_mixin.py:188} INFO - [2025-07-25T10:03:18.586+0000] {dagbag.py:350} ERROR - Failed to import: /opt/airflow/dags/load_raw_from_minio.py
Traceback (most recent call last):
  File "/home/airflow/.local/lib/python3.8/site-packages/airflow/models/dagbag.py", line 346, in parse
    loader.exec_module(new_module)
  File "<frozen importlib._bootstrap_external>", line 843, in exec_module
  File "<frozen importlib._bootstrap>", line 219, in _call_with_frames_removed
  File "/opt/airflow/dags/load_raw_from_minio.py", line 2, in <module>
    sys.path.insert(0, os.path.abspath(os.path.join(os.path.dirname(__file__), '..')))
NameError: name 'os' is not defined
[2025-07-25T10:03:18.589+0000] {processor.py:842} WARNING - No viable dags retrieved from /opt/airflow/dags/load_raw_from_minio.py
[2025-07-25T10:03:18.619+0000] {processor.py:183} INFO - Processing /opt/airflow/dags/load_raw_from_minio.py took 0.050 seconds
[2025-07-25T10:03:30.656+0000] {processor.py:161} INFO - Started process (PID=1242) to work on /opt/airflow/dags/load_raw_from_minio.py
[2025-07-25T10:03:30.658+0000] {processor.py:830} INFO - Processing file /opt/airflow/dags/load_raw_from_minio.py for tasks to queue
[2025-07-25T10:03:30.662+0000] {logging_mixin.py:188} INFO - [2025-07-25T10:03:30.661+0000] {dagbag.py:540} INFO - Filling up the DagBag from /opt/airflow/dags/load_raw_from_minio.py
[2025-07-25T10:03:30.679+0000] {logging_mixin.py:188} INFO - [2025-07-25T10:03:30.677+0000] {dagbag.py:350} ERROR - Failed to import: /opt/airflow/dags/load_raw_from_minio.py
Traceback (most recent call last):
  File "/home/airflow/.local/lib/python3.8/site-packages/airflow/models/dagbag.py", line 346, in parse
    loader.exec_module(new_module)
  File "<frozen importlib._bootstrap_external>", line 843, in exec_module
  File "<frozen importlib._bootstrap>", line 219, in _call_with_frames_removed
  File "/opt/airflow/dags/load_raw_from_minio.py", line 13, in <module>
    from utils.validation import Event
ModuleNotFoundError: No module named 'utils'
[2025-07-25T10:03:30.680+0000] {processor.py:842} WARNING - No viable dags retrieved from /opt/airflow/dags/load_raw_from_minio.py
[2025-07-25T10:03:30.708+0000] {processor.py:183} INFO - Processing /opt/airflow/dags/load_raw_from_minio.py took 0.057 seconds
[2025-07-25T10:04:00.866+0000] {processor.py:161} INFO - Started process (PID=1249) to work on /opt/airflow/dags/load_raw_from_minio.py
[2025-07-25T10:04:00.868+0000] {processor.py:830} INFO - Processing file /opt/airflow/dags/load_raw_from_minio.py for tasks to queue
[2025-07-25T10:04:00.870+0000] {logging_mixin.py:188} INFO - [2025-07-25T10:04:00.870+0000] {dagbag.py:540} INFO - Filling up the DagBag from /opt/airflow/dags/load_raw_from_minio.py
[2025-07-25T10:04:00.880+0000] {logging_mixin.py:188} INFO - [2025-07-25T10:04:00.878+0000] {dagbag.py:350} ERROR - Failed to import: /opt/airflow/dags/load_raw_from_minio.py
Traceback (most recent call last):
  File "/home/airflow/.local/lib/python3.8/site-packages/airflow/models/dagbag.py", line 346, in parse
    loader.exec_module(new_module)
  File "<frozen importlib._bootstrap_external>", line 843, in exec_module
  File "<frozen importlib._bootstrap>", line 219, in _call_with_frames_removed
  File "/opt/airflow/dags/load_raw_from_minio.py", line 13, in <module>
    from utils.validation import Event
ModuleNotFoundError: No module named 'utils'
[2025-07-25T10:04:00.880+0000] {processor.py:842} WARNING - No viable dags retrieved from /opt/airflow/dags/load_raw_from_minio.py
[2025-07-25T10:04:00.904+0000] {processor.py:183} INFO - Processing /opt/airflow/dags/load_raw_from_minio.py took 0.042 seconds
[2025-07-25T10:04:31.035+0000] {processor.py:161} INFO - Started process (PID=1256) to work on /opt/airflow/dags/load_raw_from_minio.py
[2025-07-25T10:04:31.037+0000] {processor.py:830} INFO - Processing file /opt/airflow/dags/load_raw_from_minio.py for tasks to queue
[2025-07-25T10:04:31.039+0000] {logging_mixin.py:188} INFO - [2025-07-25T10:04:31.038+0000] {dagbag.py:540} INFO - Filling up the DagBag from /opt/airflow/dags/load_raw_from_minio.py
[2025-07-25T10:04:31.047+0000] {logging_mixin.py:188} INFO - [2025-07-25T10:04:31.045+0000] {dagbag.py:350} ERROR - Failed to import: /opt/airflow/dags/load_raw_from_minio.py
Traceback (most recent call last):
  File "/home/airflow/.local/lib/python3.8/site-packages/airflow/models/dagbag.py", line 346, in parse
    loader.exec_module(new_module)
  File "<frozen importlib._bootstrap_external>", line 843, in exec_module
  File "<frozen importlib._bootstrap>", line 219, in _call_with_frames_removed
  File "/opt/airflow/dags/load_raw_from_minio.py", line 13, in <module>
    from utils.validation import Event
ModuleNotFoundError: No module named 'utils'
[2025-07-25T10:04:31.048+0000] {processor.py:842} WARNING - No viable dags retrieved from /opt/airflow/dags/load_raw_from_minio.py
[2025-07-25T10:04:31.073+0000] {processor.py:183} INFO - Processing /opt/airflow/dags/load_raw_from_minio.py took 0.042 seconds
[2025-07-25T10:05:01.230+0000] {processor.py:161} INFO - Started process (PID=1263) to work on /opt/airflow/dags/load_raw_from_minio.py
[2025-07-25T10:05:01.231+0000] {processor.py:830} INFO - Processing file /opt/airflow/dags/load_raw_from_minio.py for tasks to queue
[2025-07-25T10:05:01.233+0000] {logging_mixin.py:188} INFO - [2025-07-25T10:05:01.233+0000] {dagbag.py:540} INFO - Filling up the DagBag from /opt/airflow/dags/load_raw_from_minio.py
[2025-07-25T10:05:01.243+0000] {logging_mixin.py:188} INFO - [2025-07-25T10:05:01.241+0000] {dagbag.py:350} ERROR - Failed to import: /opt/airflow/dags/load_raw_from_minio.py
Traceback (most recent call last):
  File "/home/airflow/.local/lib/python3.8/site-packages/airflow/models/dagbag.py", line 346, in parse
    loader.exec_module(new_module)
  File "<frozen importlib._bootstrap_external>", line 843, in exec_module
  File "<frozen importlib._bootstrap>", line 219, in _call_with_frames_removed
  File "/opt/airflow/dags/load_raw_from_minio.py", line 13, in <module>
    from utils.validation import Event
ModuleNotFoundError: No module named 'utils'
[2025-07-25T10:05:01.243+0000] {processor.py:842} WARNING - No viable dags retrieved from /opt/airflow/dags/load_raw_from_minio.py
[2025-07-25T10:05:01.261+0000] {processor.py:183} INFO - Processing /opt/airflow/dags/load_raw_from_minio.py took 0.035 seconds
[2025-07-25T10:05:31.423+0000] {processor.py:161} INFO - Started process (PID=1270) to work on /opt/airflow/dags/load_raw_from_minio.py
[2025-07-25T10:05:31.425+0000] {processor.py:830} INFO - Processing file /opt/airflow/dags/load_raw_from_minio.py for tasks to queue
[2025-07-25T10:05:31.427+0000] {logging_mixin.py:188} INFO - [2025-07-25T10:05:31.427+0000] {dagbag.py:540} INFO - Filling up the DagBag from /opt/airflow/dags/load_raw_from_minio.py
[2025-07-25T10:05:31.436+0000] {logging_mixin.py:188} INFO - [2025-07-25T10:05:31.434+0000] {dagbag.py:350} ERROR - Failed to import: /opt/airflow/dags/load_raw_from_minio.py
Traceback (most recent call last):
  File "/home/airflow/.local/lib/python3.8/site-packages/airflow/models/dagbag.py", line 346, in parse
    loader.exec_module(new_module)
  File "<frozen importlib._bootstrap_external>", line 843, in exec_module
  File "<frozen importlib._bootstrap>", line 219, in _call_with_frames_removed
  File "/opt/airflow/dags/load_raw_from_minio.py", line 13, in <module>
    from utils.validation import Event
ModuleNotFoundError: No module named 'utils'
[2025-07-25T10:05:31.437+0000] {processor.py:842} WARNING - No viable dags retrieved from /opt/airflow/dags/load_raw_from_minio.py
[2025-07-25T10:05:31.462+0000] {processor.py:183} INFO - Processing /opt/airflow/dags/load_raw_from_minio.py took 0.043 seconds
[2025-07-25T10:05:59.687+0000] {processor.py:161} INFO - Started process (PID=1277) to work on /opt/airflow/dags/load_raw_from_minio.py
[2025-07-25T10:05:59.689+0000] {processor.py:830} INFO - Processing file /opt/airflow/dags/load_raw_from_minio.py for tasks to queue
[2025-07-25T10:05:59.691+0000] {logging_mixin.py:188} INFO - [2025-07-25T10:05:59.691+0000] {dagbag.py:540} INFO - Filling up the DagBag from /opt/airflow/dags/load_raw_from_minio.py
[2025-07-25T10:05:59.706+0000] {logging_mixin.py:188} INFO - [2025-07-25T10:05:59.704+0000] {dagbag.py:350} ERROR - Failed to import: /opt/airflow/dags/load_raw_from_minio.py
Traceback (most recent call last):
  File "/home/airflow/.local/lib/python3.8/site-packages/airflow/models/dagbag.py", line 346, in parse
    loader.exec_module(new_module)
  File "<frozen importlib._bootstrap_external>", line 843, in exec_module
  File "<frozen importlib._bootstrap>", line 219, in _call_with_frames_removed
  File "/opt/airflow/dags/load_raw_from_minio.py", line 14, in <module>
    from utils.validation import Event
ModuleNotFoundError: No module named 'utils'
[2025-07-25T10:05:59.706+0000] {processor.py:842} WARNING - No viable dags retrieved from /opt/airflow/dags/load_raw_from_minio.py
[2025-07-25T10:05:59.733+0000] {processor.py:183} INFO - Processing /opt/airflow/dags/load_raw_from_minio.py took 0.050 seconds
[2025-07-25T10:06:29.864+0000] {processor.py:161} INFO - Started process (PID=1284) to work on /opt/airflow/dags/load_raw_from_minio.py
[2025-07-25T10:06:29.866+0000] {processor.py:830} INFO - Processing file /opt/airflow/dags/load_raw_from_minio.py for tasks to queue
[2025-07-25T10:06:29.871+0000] {logging_mixin.py:188} INFO - [2025-07-25T10:06:29.870+0000] {dagbag.py:540} INFO - Filling up the DagBag from /opt/airflow/dags/load_raw_from_minio.py
[2025-07-25T10:06:29.888+0000] {logging_mixin.py:188} INFO - [2025-07-25T10:06:29.885+0000] {dagbag.py:350} ERROR - Failed to import: /opt/airflow/dags/load_raw_from_minio.py
Traceback (most recent call last):
  File "/home/airflow/.local/lib/python3.8/site-packages/airflow/models/dagbag.py", line 346, in parse
    loader.exec_module(new_module)
  File "<frozen importlib._bootstrap_external>", line 843, in exec_module
  File "<frozen importlib._bootstrap>", line 219, in _call_with_frames_removed
  File "/opt/airflow/dags/load_raw_from_minio.py", line 14, in <module>
    from utils.validation import Event
ModuleNotFoundError: No module named 'utils'
[2025-07-25T10:06:29.889+0000] {processor.py:842} WARNING - No viable dags retrieved from /opt/airflow/dags/load_raw_from_minio.py
[2025-07-25T10:06:29.921+0000] {processor.py:183} INFO - Processing /opt/airflow/dags/load_raw_from_minio.py took 0.066 seconds
[2025-07-25T10:07:00.045+0000] {processor.py:161} INFO - Started process (PID=1291) to work on /opt/airflow/dags/load_raw_from_minio.py
[2025-07-25T10:07:00.047+0000] {processor.py:830} INFO - Processing file /opt/airflow/dags/load_raw_from_minio.py for tasks to queue
[2025-07-25T10:07:00.051+0000] {logging_mixin.py:188} INFO - [2025-07-25T10:07:00.050+0000] {dagbag.py:540} INFO - Filling up the DagBag from /opt/airflow/dags/load_raw_from_minio.py
[2025-07-25T10:07:00.069+0000] {logging_mixin.py:188} INFO - [2025-07-25T10:07:00.063+0000] {dagbag.py:350} ERROR - Failed to import: /opt/airflow/dags/load_raw_from_minio.py
Traceback (most recent call last):
  File "/home/airflow/.local/lib/python3.8/site-packages/airflow/models/dagbag.py", line 346, in parse
    loader.exec_module(new_module)
  File "<frozen importlib._bootstrap_external>", line 843, in exec_module
  File "<frozen importlib._bootstrap>", line 219, in _call_with_frames_removed
  File "/opt/airflow/dags/load_raw_from_minio.py", line 14, in <module>
    from utils.validation import Event
ModuleNotFoundError: No module named 'utils'
[2025-07-25T10:07:00.071+0000] {processor.py:842} WARNING - No viable dags retrieved from /opt/airflow/dags/load_raw_from_minio.py
[2025-07-25T10:07:00.104+0000] {processor.py:183} INFO - Processing /opt/airflow/dags/load_raw_from_minio.py took 0.064 seconds
[2025-07-25T10:07:30.234+0000] {processor.py:161} INFO - Started process (PID=1298) to work on /opt/airflow/dags/load_raw_from_minio.py
[2025-07-25T10:07:30.236+0000] {processor.py:830} INFO - Processing file /opt/airflow/dags/load_raw_from_minio.py for tasks to queue
[2025-07-25T10:07:30.238+0000] {logging_mixin.py:188} INFO - [2025-07-25T10:07:30.238+0000] {dagbag.py:540} INFO - Filling up the DagBag from /opt/airflow/dags/load_raw_from_minio.py
[2025-07-25T10:07:30.248+0000] {logging_mixin.py:188} INFO - [2025-07-25T10:07:30.246+0000] {dagbag.py:350} ERROR - Failed to import: /opt/airflow/dags/load_raw_from_minio.py
Traceback (most recent call last):
  File "/home/airflow/.local/lib/python3.8/site-packages/airflow/models/dagbag.py", line 346, in parse
    loader.exec_module(new_module)
  File "<frozen importlib._bootstrap_external>", line 843, in exec_module
  File "<frozen importlib._bootstrap>", line 219, in _call_with_frames_removed
  File "/opt/airflow/dags/load_raw_from_minio.py", line 14, in <module>
    from utils.validation import Event
ModuleNotFoundError: No module named 'utils'
[2025-07-25T10:07:30.248+0000] {processor.py:842} WARNING - No viable dags retrieved from /opt/airflow/dags/load_raw_from_minio.py
[2025-07-25T10:07:30.272+0000] {processor.py:183} INFO - Processing /opt/airflow/dags/load_raw_from_minio.py took 0.043 seconds
[2025-07-25T10:08:00.423+0000] {processor.py:161} INFO - Started process (PID=1305) to work on /opt/airflow/dags/load_raw_from_minio.py
[2025-07-25T10:08:00.425+0000] {processor.py:830} INFO - Processing file /opt/airflow/dags/load_raw_from_minio.py for tasks to queue
[2025-07-25T10:08:00.427+0000] {logging_mixin.py:188} INFO - [2025-07-25T10:08:00.426+0000] {dagbag.py:540} INFO - Filling up the DagBag from /opt/airflow/dags/load_raw_from_minio.py
[2025-07-25T10:08:00.434+0000] {logging_mixin.py:188} INFO - [2025-07-25T10:08:00.433+0000] {dagbag.py:350} ERROR - Failed to import: /opt/airflow/dags/load_raw_from_minio.py
Traceback (most recent call last):
  File "/home/airflow/.local/lib/python3.8/site-packages/airflow/models/dagbag.py", line 346, in parse
    loader.exec_module(new_module)
  File "<frozen importlib._bootstrap_external>", line 843, in exec_module
  File "<frozen importlib._bootstrap>", line 219, in _call_with_frames_removed
  File "/opt/airflow/dags/load_raw_from_minio.py", line 14, in <module>
    from utils.validation import Event
ModuleNotFoundError: No module named 'utils'
[2025-07-25T10:08:00.435+0000] {processor.py:842} WARNING - No viable dags retrieved from /opt/airflow/dags/load_raw_from_minio.py
[2025-07-25T10:08:00.460+0000] {processor.py:183} INFO - Processing /opt/airflow/dags/load_raw_from_minio.py took 0.040 seconds
[2025-07-25T10:08:30.587+0000] {processor.py:161} INFO - Started process (PID=1312) to work on /opt/airflow/dags/load_raw_from_minio.py
[2025-07-25T10:08:30.588+0000] {processor.py:830} INFO - Processing file /opt/airflow/dags/load_raw_from_minio.py for tasks to queue
[2025-07-25T10:08:30.592+0000] {logging_mixin.py:188} INFO - [2025-07-25T10:08:30.591+0000] {dagbag.py:540} INFO - Filling up the DagBag from /opt/airflow/dags/load_raw_from_minio.py
[2025-07-25T10:08:30.605+0000] {logging_mixin.py:188} INFO - [2025-07-25T10:08:30.601+0000] {dagbag.py:350} ERROR - Failed to import: /opt/airflow/dags/load_raw_from_minio.py
Traceback (most recent call last):
  File "/home/airflow/.local/lib/python3.8/site-packages/airflow/models/dagbag.py", line 346, in parse
    loader.exec_module(new_module)
  File "<frozen importlib._bootstrap_external>", line 843, in exec_module
  File "<frozen importlib._bootstrap>", line 219, in _call_with_frames_removed
  File "/opt/airflow/dags/load_raw_from_minio.py", line 14, in <module>
    from utils.validation import Event
ModuleNotFoundError: No module named 'utils'
[2025-07-25T10:08:30.607+0000] {processor.py:842} WARNING - No viable dags retrieved from /opt/airflow/dags/load_raw_from_minio.py
[2025-07-25T10:08:30.639+0000] {processor.py:183} INFO - Processing /opt/airflow/dags/load_raw_from_minio.py took 0.058 seconds
[2025-07-25T10:09:00.748+0000] {processor.py:161} INFO - Started process (PID=1319) to work on /opt/airflow/dags/load_raw_from_minio.py
[2025-07-25T10:09:00.749+0000] {processor.py:830} INFO - Processing file /opt/airflow/dags/load_raw_from_minio.py for tasks to queue
[2025-07-25T10:09:00.753+0000] {logging_mixin.py:188} INFO - [2025-07-25T10:09:00.752+0000] {dagbag.py:540} INFO - Filling up the DagBag from /opt/airflow/dags/load_raw_from_minio.py
[2025-07-25T10:09:00.762+0000] {logging_mixin.py:188} INFO - [2025-07-25T10:09:00.760+0000] {dagbag.py:350} ERROR - Failed to import: /opt/airflow/dags/load_raw_from_minio.py
Traceback (most recent call last):
  File "/home/airflow/.local/lib/python3.8/site-packages/airflow/models/dagbag.py", line 346, in parse
    loader.exec_module(new_module)
  File "<frozen importlib._bootstrap_external>", line 843, in exec_module
  File "<frozen importlib._bootstrap>", line 219, in _call_with_frames_removed
  File "/opt/airflow/dags/load_raw_from_minio.py", line 14, in <module>
    from utils.validation import Event
ModuleNotFoundError: No module named 'utils'
[2025-07-25T10:09:00.762+0000] {processor.py:842} WARNING - No viable dags retrieved from /opt/airflow/dags/load_raw_from_minio.py
[2025-07-25T10:09:00.794+0000] {processor.py:183} INFO - Processing /opt/airflow/dags/load_raw_from_minio.py took 0.051 seconds
[2025-07-25T10:09:28.971+0000] {processor.py:161} INFO - Started process (PID=1326) to work on /opt/airflow/dags/load_raw_from_minio.py
[2025-07-25T10:09:28.975+0000] {processor.py:830} INFO - Processing file /opt/airflow/dags/load_raw_from_minio.py for tasks to queue
[2025-07-25T10:09:28.981+0000] {logging_mixin.py:188} INFO - [2025-07-25T10:09:28.980+0000] {dagbag.py:540} INFO - Filling up the DagBag from /opt/airflow/dags/load_raw_from_minio.py
[2025-07-25T10:09:29.015+0000] {logging_mixin.py:188} INFO - [2025-07-25T10:09:29.011+0000] {dagbag.py:350} ERROR - Failed to import: /opt/airflow/dags/load_raw_from_minio.py
Traceback (most recent call last):
  File "/home/airflow/.local/lib/python3.8/site-packages/airflow/models/dagbag.py", line 346, in parse
    loader.exec_module(new_module)
  File "<frozen importlib._bootstrap_external>", line 843, in exec_module
  File "<frozen importlib._bootstrap>", line 219, in _call_with_frames_removed
  File "/opt/airflow/dags/load_raw_from_minio.py", line 14, in <module>
    from utils.validation import Event
ModuleNotFoundError: No module named 'utils'
[2025-07-25T10:09:29.016+0000] {processor.py:842} WARNING - No viable dags retrieved from /opt/airflow/dags/load_raw_from_minio.py
[2025-07-25T10:09:29.073+0000] {processor.py:183} INFO - Processing /opt/airflow/dags/load_raw_from_minio.py took 0.109 seconds
[2025-07-25T10:09:59.152+0000] {processor.py:161} INFO - Started process (PID=1333) to work on /opt/airflow/dags/load_raw_from_minio.py
[2025-07-25T10:09:59.154+0000] {processor.py:830} INFO - Processing file /opt/airflow/dags/load_raw_from_minio.py for tasks to queue
[2025-07-25T10:09:59.157+0000] {logging_mixin.py:188} INFO - [2025-07-25T10:09:59.157+0000] {dagbag.py:540} INFO - Filling up the DagBag from /opt/airflow/dags/load_raw_from_minio.py
[2025-07-25T10:09:59.168+0000] {logging_mixin.py:188} INFO - [2025-07-25T10:09:59.166+0000] {dagbag.py:350} ERROR - Failed to import: /opt/airflow/dags/load_raw_from_minio.py
Traceback (most recent call last):
  File "/home/airflow/.local/lib/python3.8/site-packages/airflow/models/dagbag.py", line 346, in parse
    loader.exec_module(new_module)
  File "<frozen importlib._bootstrap_external>", line 843, in exec_module
  File "<frozen importlib._bootstrap>", line 219, in _call_with_frames_removed
  File "/opt/airflow/dags/load_raw_from_minio.py", line 14, in <module>
    from utils.validation import Event
ModuleNotFoundError: No module named 'utils'
[2025-07-25T10:09:59.168+0000] {processor.py:842} WARNING - No viable dags retrieved from /opt/airflow/dags/load_raw_from_minio.py
[2025-07-25T10:09:59.197+0000] {processor.py:183} INFO - Processing /opt/airflow/dags/load_raw_from_minio.py took 0.050 seconds
[2025-07-25T10:10:29.347+0000] {processor.py:161} INFO - Started process (PID=1340) to work on /opt/airflow/dags/load_raw_from_minio.py
[2025-07-25T10:10:29.348+0000] {processor.py:830} INFO - Processing file /opt/airflow/dags/load_raw_from_minio.py for tasks to queue
[2025-07-25T10:10:29.351+0000] {logging_mixin.py:188} INFO - [2025-07-25T10:10:29.350+0000] {dagbag.py:540} INFO - Filling up the DagBag from /opt/airflow/dags/load_raw_from_minio.py
[2025-07-25T10:10:29.357+0000] {logging_mixin.py:188} INFO - [2025-07-25T10:10:29.356+0000] {dagbag.py:350} ERROR - Failed to import: /opt/airflow/dags/load_raw_from_minio.py
Traceback (most recent call last):
  File "/home/airflow/.local/lib/python3.8/site-packages/airflow/models/dagbag.py", line 346, in parse
    loader.exec_module(new_module)
  File "<frozen importlib._bootstrap_external>", line 843, in exec_module
  File "<frozen importlib._bootstrap>", line 219, in _call_with_frames_removed
  File "/opt/airflow/dags/load_raw_from_minio.py", line 14, in <module>
    from utils.validation import Event
ModuleNotFoundError: No module named 'utils'
[2025-07-25T10:10:29.358+0000] {processor.py:842} WARNING - No viable dags retrieved from /opt/airflow/dags/load_raw_from_minio.py
[2025-07-25T10:10:29.378+0000] {processor.py:183} INFO - Processing /opt/airflow/dags/load_raw_from_minio.py took 0.035 seconds
[2025-07-25T10:10:59.516+0000] {processor.py:161} INFO - Started process (PID=1347) to work on /opt/airflow/dags/load_raw_from_minio.py
[2025-07-25T10:10:59.517+0000] {processor.py:830} INFO - Processing file /opt/airflow/dags/load_raw_from_minio.py for tasks to queue
[2025-07-25T10:10:59.520+0000] {logging_mixin.py:188} INFO - [2025-07-25T10:10:59.520+0000] {dagbag.py:540} INFO - Filling up the DagBag from /opt/airflow/dags/load_raw_from_minio.py
[2025-07-25T10:10:59.529+0000] {logging_mixin.py:188} INFO - [2025-07-25T10:10:59.527+0000] {dagbag.py:350} ERROR - Failed to import: /opt/airflow/dags/load_raw_from_minio.py
Traceback (most recent call last):
  File "/home/airflow/.local/lib/python3.8/site-packages/airflow/models/dagbag.py", line 346, in parse
    loader.exec_module(new_module)
  File "<frozen importlib._bootstrap_external>", line 843, in exec_module
  File "<frozen importlib._bootstrap>", line 219, in _call_with_frames_removed
  File "/opt/airflow/dags/load_raw_from_minio.py", line 14, in <module>
    from utils.validation import Event
ModuleNotFoundError: No module named 'utils'
[2025-07-25T10:10:59.530+0000] {processor.py:842} WARNING - No viable dags retrieved from /opt/airflow/dags/load_raw_from_minio.py
[2025-07-25T10:10:59.553+0000] {processor.py:183} INFO - Processing /opt/airflow/dags/load_raw_from_minio.py took 0.042 seconds
[2025-07-25T10:11:29.681+0000] {processor.py:161} INFO - Started process (PID=1354) to work on /opt/airflow/dags/load_raw_from_minio.py
[2025-07-25T10:11:29.683+0000] {processor.py:830} INFO - Processing file /opt/airflow/dags/load_raw_from_minio.py for tasks to queue
[2025-07-25T10:11:29.686+0000] {logging_mixin.py:188} INFO - [2025-07-25T10:11:29.685+0000] {dagbag.py:540} INFO - Filling up the DagBag from /opt/airflow/dags/load_raw_from_minio.py
[2025-07-25T10:11:29.693+0000] {logging_mixin.py:188} INFO - [2025-07-25T10:11:29.691+0000] {dagbag.py:350} ERROR - Failed to import: /opt/airflow/dags/load_raw_from_minio.py
Traceback (most recent call last):
  File "/home/airflow/.local/lib/python3.8/site-packages/airflow/models/dagbag.py", line 346, in parse
    loader.exec_module(new_module)
  File "<frozen importlib._bootstrap_external>", line 843, in exec_module
  File "<frozen importlib._bootstrap>", line 219, in _call_with_frames_removed
  File "/opt/airflow/dags/load_raw_from_minio.py", line 14, in <module>
    from utils.validation import Event
ModuleNotFoundError: No module named 'utils'
[2025-07-25T10:11:29.693+0000] {processor.py:842} WARNING - No viable dags retrieved from /opt/airflow/dags/load_raw_from_minio.py
[2025-07-25T10:11:29.712+0000] {processor.py:183} INFO - Processing /opt/airflow/dags/load_raw_from_minio.py took 0.034 seconds
[2025-07-25T10:11:59.858+0000] {processor.py:161} INFO - Started process (PID=1361) to work on /opt/airflow/dags/load_raw_from_minio.py
[2025-07-25T10:11:59.860+0000] {processor.py:830} INFO - Processing file /opt/airflow/dags/load_raw_from_minio.py for tasks to queue
[2025-07-25T10:11:59.862+0000] {logging_mixin.py:188} INFO - [2025-07-25T10:11:59.862+0000] {dagbag.py:540} INFO - Filling up the DagBag from /opt/airflow/dags/load_raw_from_minio.py
[2025-07-25T10:11:59.874+0000] {logging_mixin.py:188} INFO - [2025-07-25T10:11:59.872+0000] {dagbag.py:350} ERROR - Failed to import: /opt/airflow/dags/load_raw_from_minio.py
Traceback (most recent call last):
  File "/home/airflow/.local/lib/python3.8/site-packages/airflow/models/dagbag.py", line 346, in parse
    loader.exec_module(new_module)
  File "<frozen importlib._bootstrap_external>", line 843, in exec_module
  File "<frozen importlib._bootstrap>", line 219, in _call_with_frames_removed
  File "/opt/airflow/dags/load_raw_from_minio.py", line 14, in <module>
    from utils.validation import Event
ModuleNotFoundError: No module named 'utils'
[2025-07-25T10:11:59.875+0000] {processor.py:842} WARNING - No viable dags retrieved from /opt/airflow/dags/load_raw_from_minio.py
[2025-07-25T10:11:59.907+0000] {processor.py:183} INFO - Processing /opt/airflow/dags/load_raw_from_minio.py took 0.055 seconds
[2025-07-25T10:12:30.032+0000] {processor.py:161} INFO - Started process (PID=1368) to work on /opt/airflow/dags/load_raw_from_minio.py
[2025-07-25T10:12:30.033+0000] {processor.py:830} INFO - Processing file /opt/airflow/dags/load_raw_from_minio.py for tasks to queue
[2025-07-25T10:12:30.036+0000] {logging_mixin.py:188} INFO - [2025-07-25T10:12:30.035+0000] {dagbag.py:540} INFO - Filling up the DagBag from /opt/airflow/dags/load_raw_from_minio.py
[2025-07-25T10:12:30.048+0000] {logging_mixin.py:188} INFO - [2025-07-25T10:12:30.046+0000] {dagbag.py:350} ERROR - Failed to import: /opt/airflow/dags/load_raw_from_minio.py
Traceback (most recent call last):
  File "/home/airflow/.local/lib/python3.8/site-packages/airflow/models/dagbag.py", line 346, in parse
    loader.exec_module(new_module)
  File "<frozen importlib._bootstrap_external>", line 843, in exec_module
  File "<frozen importlib._bootstrap>", line 219, in _call_with_frames_removed
  File "/opt/airflow/dags/load_raw_from_minio.py", line 14, in <module>
    from utils.validation import Event
ModuleNotFoundError: No module named 'utils'
[2025-07-25T10:12:30.049+0000] {processor.py:842} WARNING - No viable dags retrieved from /opt/airflow/dags/load_raw_from_minio.py
[2025-07-25T10:12:30.071+0000] {processor.py:183} INFO - Processing /opt/airflow/dags/load_raw_from_minio.py took 0.044 seconds
[2025-07-25T10:13:00.214+0000] {processor.py:161} INFO - Started process (PID=1375) to work on /opt/airflow/dags/load_raw_from_minio.py
[2025-07-25T10:13:00.215+0000] {processor.py:830} INFO - Processing file /opt/airflow/dags/load_raw_from_minio.py for tasks to queue
[2025-07-25T10:13:00.218+0000] {logging_mixin.py:188} INFO - [2025-07-25T10:13:00.217+0000] {dagbag.py:540} INFO - Filling up the DagBag from /opt/airflow/dags/load_raw_from_minio.py
[2025-07-25T10:13:00.226+0000] {logging_mixin.py:188} INFO - [2025-07-25T10:13:00.225+0000] {dagbag.py:350} ERROR - Failed to import: /opt/airflow/dags/load_raw_from_minio.py
Traceback (most recent call last):
  File "/home/airflow/.local/lib/python3.8/site-packages/airflow/models/dagbag.py", line 346, in parse
    loader.exec_module(new_module)
  File "<frozen importlib._bootstrap_external>", line 843, in exec_module
  File "<frozen importlib._bootstrap>", line 219, in _call_with_frames_removed
  File "/opt/airflow/dags/load_raw_from_minio.py", line 14, in <module>
    from utils.validation import Event
ModuleNotFoundError: No module named 'utils'
[2025-07-25T10:13:00.227+0000] {processor.py:842} WARNING - No viable dags retrieved from /opt/airflow/dags/load_raw_from_minio.py
[2025-07-25T10:13:00.249+0000] {processor.py:183} INFO - Processing /opt/airflow/dags/load_raw_from_minio.py took 0.039 seconds
[2025-07-25T10:13:30.376+0000] {processor.py:161} INFO - Started process (PID=1382) to work on /opt/airflow/dags/load_raw_from_minio.py
[2025-07-25T10:13:30.377+0000] {processor.py:830} INFO - Processing file /opt/airflow/dags/load_raw_from_minio.py for tasks to queue
[2025-07-25T10:13:30.379+0000] {logging_mixin.py:188} INFO - [2025-07-25T10:13:30.378+0000] {dagbag.py:540} INFO - Filling up the DagBag from /opt/airflow/dags/load_raw_from_minio.py
[2025-07-25T10:13:30.390+0000] {logging_mixin.py:188} INFO - [2025-07-25T10:13:30.388+0000] {dagbag.py:350} ERROR - Failed to import: /opt/airflow/dags/load_raw_from_minio.py
Traceback (most recent call last):
  File "/home/airflow/.local/lib/python3.8/site-packages/airflow/models/dagbag.py", line 346, in parse
    loader.exec_module(new_module)
  File "<frozen importlib._bootstrap_external>", line 843, in exec_module
  File "<frozen importlib._bootstrap>", line 219, in _call_with_frames_removed
  File "/opt/airflow/dags/load_raw_from_minio.py", line 14, in <module>
    from utils.validation import Event
ModuleNotFoundError: No module named 'utils'
[2025-07-25T10:13:30.391+0000] {processor.py:842} WARNING - No viable dags retrieved from /opt/airflow/dags/load_raw_from_minio.py
[2025-07-25T10:13:30.423+0000] {processor.py:183} INFO - Processing /opt/airflow/dags/load_raw_from_minio.py took 0.051 seconds
[2025-07-25T10:14:00.539+0000] {processor.py:161} INFO - Started process (PID=1389) to work on /opt/airflow/dags/load_raw_from_minio.py
[2025-07-25T10:14:00.540+0000] {processor.py:830} INFO - Processing file /opt/airflow/dags/load_raw_from_minio.py for tasks to queue
[2025-07-25T10:14:00.543+0000] {logging_mixin.py:188} INFO - [2025-07-25T10:14:00.543+0000] {dagbag.py:540} INFO - Filling up the DagBag from /opt/airflow/dags/load_raw_from_minio.py
[2025-07-25T10:14:00.552+0000] {logging_mixin.py:188} INFO - [2025-07-25T10:14:00.550+0000] {dagbag.py:350} ERROR - Failed to import: /opt/airflow/dags/load_raw_from_minio.py
Traceback (most recent call last):
  File "/home/airflow/.local/lib/python3.8/site-packages/airflow/models/dagbag.py", line 346, in parse
    loader.exec_module(new_module)
  File "<frozen importlib._bootstrap_external>", line 843, in exec_module
  File "<frozen importlib._bootstrap>", line 219, in _call_with_frames_removed
  File "/opt/airflow/dags/load_raw_from_minio.py", line 14, in <module>
    from utils.validation import Event
ModuleNotFoundError: No module named 'utils'
[2025-07-25T10:14:00.552+0000] {processor.py:842} WARNING - No viable dags retrieved from /opt/airflow/dags/load_raw_from_minio.py
[2025-07-25T10:14:00.576+0000] {processor.py:183} INFO - Processing /opt/airflow/dags/load_raw_from_minio.py took 0.041 seconds
[2025-07-25T10:14:30.716+0000] {processor.py:161} INFO - Started process (PID=1396) to work on /opt/airflow/dags/load_raw_from_minio.py
[2025-07-25T10:14:30.718+0000] {processor.py:830} INFO - Processing file /opt/airflow/dags/load_raw_from_minio.py for tasks to queue
[2025-07-25T10:14:30.720+0000] {logging_mixin.py:188} INFO - [2025-07-25T10:14:30.720+0000] {dagbag.py:540} INFO - Filling up the DagBag from /opt/airflow/dags/load_raw_from_minio.py
[2025-07-25T10:14:30.729+0000] {logging_mixin.py:188} INFO - [2025-07-25T10:14:30.727+0000] {dagbag.py:350} ERROR - Failed to import: /opt/airflow/dags/load_raw_from_minio.py
Traceback (most recent call last):
  File "/home/airflow/.local/lib/python3.8/site-packages/airflow/models/dagbag.py", line 346, in parse
    loader.exec_module(new_module)
  File "<frozen importlib._bootstrap_external>", line 843, in exec_module
  File "<frozen importlib._bootstrap>", line 219, in _call_with_frames_removed
  File "/opt/airflow/dags/load_raw_from_minio.py", line 14, in <module>
    from utils.validation import Event
ModuleNotFoundError: No module named 'utils'
[2025-07-25T10:14:30.730+0000] {processor.py:842} WARNING - No viable dags retrieved from /opt/airflow/dags/load_raw_from_minio.py
[2025-07-25T10:14:30.752+0000] {processor.py:183} INFO - Processing /opt/airflow/dags/load_raw_from_minio.py took 0.040 seconds
[2025-07-25T10:15:00.890+0000] {processor.py:161} INFO - Started process (PID=1403) to work on /opt/airflow/dags/load_raw_from_minio.py
[2025-07-25T10:15:00.891+0000] {processor.py:830} INFO - Processing file /opt/airflow/dags/load_raw_from_minio.py for tasks to queue
[2025-07-25T10:15:00.893+0000] {logging_mixin.py:188} INFO - [2025-07-25T10:15:00.893+0000] {dagbag.py:540} INFO - Filling up the DagBag from /opt/airflow/dags/load_raw_from_minio.py
[2025-07-25T10:15:00.900+0000] {logging_mixin.py:188} INFO - [2025-07-25T10:15:00.899+0000] {dagbag.py:350} ERROR - Failed to import: /opt/airflow/dags/load_raw_from_minio.py
Traceback (most recent call last):
  File "/home/airflow/.local/lib/python3.8/site-packages/airflow/models/dagbag.py", line 346, in parse
    loader.exec_module(new_module)
  File "<frozen importlib._bootstrap_external>", line 843, in exec_module
  File "<frozen importlib._bootstrap>", line 219, in _call_with_frames_removed
  File "/opt/airflow/dags/load_raw_from_minio.py", line 14, in <module>
    from utils.validation import Event
ModuleNotFoundError: No module named 'utils'
[2025-07-25T10:15:00.901+0000] {processor.py:842} WARNING - No viable dags retrieved from /opt/airflow/dags/load_raw_from_minio.py
[2025-07-25T10:15:00.921+0000] {processor.py:183} INFO - Processing /opt/airflow/dags/load_raw_from_minio.py took 0.035 seconds
[2025-07-25T10:15:31.097+0000] {processor.py:161} INFO - Started process (PID=1410) to work on /opt/airflow/dags/load_raw_from_minio.py
[2025-07-25T10:15:31.098+0000] {processor.py:830} INFO - Processing file /opt/airflow/dags/load_raw_from_minio.py for tasks to queue
[2025-07-25T10:15:31.101+0000] {logging_mixin.py:188} INFO - [2025-07-25T10:15:31.100+0000] {dagbag.py:540} INFO - Filling up the DagBag from /opt/airflow/dags/load_raw_from_minio.py
[2025-07-25T10:15:31.111+0000] {logging_mixin.py:188} INFO - [2025-07-25T10:15:31.109+0000] {dagbag.py:350} ERROR - Failed to import: /opt/airflow/dags/load_raw_from_minio.py
Traceback (most recent call last):
  File "/home/airflow/.local/lib/python3.8/site-packages/airflow/models/dagbag.py", line 346, in parse
    loader.exec_module(new_module)
  File "<frozen importlib._bootstrap_external>", line 843, in exec_module
  File "<frozen importlib._bootstrap>", line 219, in _call_with_frames_removed
  File "/opt/airflow/dags/load_raw_from_minio.py", line 14, in <module>
    from utils.validation import Event
ModuleNotFoundError: No module named 'utils'
[2025-07-25T10:15:31.111+0000] {processor.py:842} WARNING - No viable dags retrieved from /opt/airflow/dags/load_raw_from_minio.py
[2025-07-25T10:15:31.132+0000] {processor.py:183} INFO - Processing /opt/airflow/dags/load_raw_from_minio.py took 0.039 seconds
[2025-07-25T10:16:01.329+0000] {processor.py:161} INFO - Started process (PID=1417) to work on /opt/airflow/dags/load_raw_from_minio.py
[2025-07-25T10:16:01.331+0000] {processor.py:830} INFO - Processing file /opt/airflow/dags/load_raw_from_minio.py for tasks to queue
[2025-07-25T10:16:01.334+0000] {logging_mixin.py:188} INFO - [2025-07-25T10:16:01.333+0000] {dagbag.py:540} INFO - Filling up the DagBag from /opt/airflow/dags/load_raw_from_minio.py
[2025-07-25T10:16:01.344+0000] {logging_mixin.py:188} INFO - [2025-07-25T10:16:01.342+0000] {dagbag.py:350} ERROR - Failed to import: /opt/airflow/dags/load_raw_from_minio.py
Traceback (most recent call last):
  File "/home/airflow/.local/lib/python3.8/site-packages/airflow/models/dagbag.py", line 346, in parse
    loader.exec_module(new_module)
  File "<frozen importlib._bootstrap_external>", line 843, in exec_module
  File "<frozen importlib._bootstrap>", line 219, in _call_with_frames_removed
  File "/opt/airflow/dags/load_raw_from_minio.py", line 14, in <module>
    from utils.validation import Event
ModuleNotFoundError: No module named 'utils'
[2025-07-25T10:16:01.345+0000] {processor.py:842} WARNING - No viable dags retrieved from /opt/airflow/dags/load_raw_from_minio.py
[2025-07-25T10:16:01.371+0000] {processor.py:183} INFO - Processing /opt/airflow/dags/load_raw_from_minio.py took 0.047 seconds
[2025-07-25T10:16:31.490+0000] {processor.py:161} INFO - Started process (PID=1424) to work on /opt/airflow/dags/load_raw_from_minio.py
[2025-07-25T10:16:31.491+0000] {processor.py:830} INFO - Processing file /opt/airflow/dags/load_raw_from_minio.py for tasks to queue
[2025-07-25T10:16:31.493+0000] {logging_mixin.py:188} INFO - [2025-07-25T10:16:31.493+0000] {dagbag.py:540} INFO - Filling up the DagBag from /opt/airflow/dags/load_raw_from_minio.py
[2025-07-25T10:16:31.500+0000] {logging_mixin.py:188} INFO - [2025-07-25T10:16:31.499+0000] {dagbag.py:350} ERROR - Failed to import: /opt/airflow/dags/load_raw_from_minio.py
Traceback (most recent call last):
  File "/home/airflow/.local/lib/python3.8/site-packages/airflow/models/dagbag.py", line 346, in parse
    loader.exec_module(new_module)
  File "<frozen importlib._bootstrap_external>", line 843, in exec_module
  File "<frozen importlib._bootstrap>", line 219, in _call_with_frames_removed
  File "/opt/airflow/dags/load_raw_from_minio.py", line 14, in <module>
    from utils.validation import Event
ModuleNotFoundError: No module named 'utils'
[2025-07-25T10:16:31.501+0000] {processor.py:842} WARNING - No viable dags retrieved from /opt/airflow/dags/load_raw_from_minio.py
[2025-07-25T10:16:31.523+0000] {processor.py:183} INFO - Processing /opt/airflow/dags/load_raw_from_minio.py took 0.037 seconds
[2025-07-25T10:17:01.681+0000] {processor.py:161} INFO - Started process (PID=1431) to work on /opt/airflow/dags/load_raw_from_minio.py
[2025-07-25T10:17:01.683+0000] {processor.py:830} INFO - Processing file /opt/airflow/dags/load_raw_from_minio.py for tasks to queue
[2025-07-25T10:17:01.685+0000] {logging_mixin.py:188} INFO - [2025-07-25T10:17:01.685+0000] {dagbag.py:540} INFO - Filling up the DagBag from /opt/airflow/dags/load_raw_from_minio.py
[2025-07-25T10:17:01.693+0000] {logging_mixin.py:188} INFO - [2025-07-25T10:17:01.691+0000] {dagbag.py:350} ERROR - Failed to import: /opt/airflow/dags/load_raw_from_minio.py
Traceback (most recent call last):
  File "/home/airflow/.local/lib/python3.8/site-packages/airflow/models/dagbag.py", line 346, in parse
    loader.exec_module(new_module)
  File "<frozen importlib._bootstrap_external>", line 843, in exec_module
  File "<frozen importlib._bootstrap>", line 219, in _call_with_frames_removed
  File "/opt/airflow/dags/load_raw_from_minio.py", line 14, in <module>
    from utils.validation import Event
ModuleNotFoundError: No module named 'utils'
[2025-07-25T10:17:01.693+0000] {processor.py:842} WARNING - No viable dags retrieved from /opt/airflow/dags/load_raw_from_minio.py
[2025-07-25T10:17:01.713+0000] {processor.py:183} INFO - Processing /opt/airflow/dags/load_raw_from_minio.py took 0.037 seconds
[2025-07-25T10:17:31.853+0000] {processor.py:161} INFO - Started process (PID=1438) to work on /opt/airflow/dags/load_raw_from_minio.py
[2025-07-25T10:17:31.854+0000] {processor.py:830} INFO - Processing file /opt/airflow/dags/load_raw_from_minio.py for tasks to queue
[2025-07-25T10:17:31.857+0000] {logging_mixin.py:188} INFO - [2025-07-25T10:17:31.856+0000] {dagbag.py:540} INFO - Filling up the DagBag from /opt/airflow/dags/load_raw_from_minio.py
[2025-07-25T10:17:31.866+0000] {logging_mixin.py:188} INFO - [2025-07-25T10:17:31.864+0000] {dagbag.py:350} ERROR - Failed to import: /opt/airflow/dags/load_raw_from_minio.py
Traceback (most recent call last):
  File "/home/airflow/.local/lib/python3.8/site-packages/airflow/models/dagbag.py", line 346, in parse
    loader.exec_module(new_module)
  File "<frozen importlib._bootstrap_external>", line 843, in exec_module
  File "<frozen importlib._bootstrap>", line 219, in _call_with_frames_removed
  File "/opt/airflow/dags/load_raw_from_minio.py", line 14, in <module>
    from utils.validation import Event
ModuleNotFoundError: No module named 'utils'
[2025-07-25T10:17:31.867+0000] {processor.py:842} WARNING - No viable dags retrieved from /opt/airflow/dags/load_raw_from_minio.py
[2025-07-25T10:17:31.890+0000] {processor.py:183} INFO - Processing /opt/airflow/dags/load_raw_from_minio.py took 0.042 seconds
[2025-07-25T10:18:02.035+0000] {processor.py:161} INFO - Started process (PID=1445) to work on /opt/airflow/dags/load_raw_from_minio.py
[2025-07-25T10:18:02.038+0000] {processor.py:830} INFO - Processing file /opt/airflow/dags/load_raw_from_minio.py for tasks to queue
[2025-07-25T10:18:02.044+0000] {logging_mixin.py:188} INFO - [2025-07-25T10:18:02.044+0000] {dagbag.py:540} INFO - Filling up the DagBag from /opt/airflow/dags/load_raw_from_minio.py
[2025-07-25T10:18:02.056+0000] {logging_mixin.py:188} INFO - [2025-07-25T10:18:02.054+0000] {dagbag.py:350} ERROR - Failed to import: /opt/airflow/dags/load_raw_from_minio.py
Traceback (most recent call last):
  File "/home/airflow/.local/lib/python3.8/site-packages/airflow/models/dagbag.py", line 346, in parse
    loader.exec_module(new_module)
  File "<frozen importlib._bootstrap_external>", line 843, in exec_module
  File "<frozen importlib._bootstrap>", line 219, in _call_with_frames_removed
  File "/opt/airflow/dags/load_raw_from_minio.py", line 14, in <module>
    from utils.validation import Event
ModuleNotFoundError: No module named 'utils'
[2025-07-25T10:18:02.057+0000] {processor.py:842} WARNING - No viable dags retrieved from /opt/airflow/dags/load_raw_from_minio.py
[2025-07-25T10:18:02.086+0000] {processor.py:183} INFO - Processing /opt/airflow/dags/load_raw_from_minio.py took 0.057 seconds
[2025-07-25T10:18:32.210+0000] {processor.py:161} INFO - Started process (PID=1452) to work on /opt/airflow/dags/load_raw_from_minio.py
[2025-07-25T10:18:32.211+0000] {processor.py:830} INFO - Processing file /opt/airflow/dags/load_raw_from_minio.py for tasks to queue
[2025-07-25T10:18:32.213+0000] {logging_mixin.py:188} INFO - [2025-07-25T10:18:32.213+0000] {dagbag.py:540} INFO - Filling up the DagBag from /opt/airflow/dags/load_raw_from_minio.py
[2025-07-25T10:18:32.221+0000] {logging_mixin.py:188} INFO - [2025-07-25T10:18:32.219+0000] {dagbag.py:350} ERROR - Failed to import: /opt/airflow/dags/load_raw_from_minio.py
Traceback (most recent call last):
  File "/home/airflow/.local/lib/python3.8/site-packages/airflow/models/dagbag.py", line 346, in parse
    loader.exec_module(new_module)
  File "<frozen importlib._bootstrap_external>", line 843, in exec_module
  File "<frozen importlib._bootstrap>", line 219, in _call_with_frames_removed
  File "/opt/airflow/dags/load_raw_from_minio.py", line 14, in <module>
    from utils.validation import Event
ModuleNotFoundError: No module named 'utils'
[2025-07-25T10:18:32.222+0000] {processor.py:842} WARNING - No viable dags retrieved from /opt/airflow/dags/load_raw_from_minio.py
[2025-07-25T10:18:32.246+0000] {processor.py:183} INFO - Processing /opt/airflow/dags/load_raw_from_minio.py took 0.040 seconds
[2025-07-25T10:19:02.406+0000] {processor.py:161} INFO - Started process (PID=1459) to work on /opt/airflow/dags/load_raw_from_minio.py
[2025-07-25T10:19:02.407+0000] {processor.py:830} INFO - Processing file /opt/airflow/dags/load_raw_from_minio.py for tasks to queue
[2025-07-25T10:19:02.409+0000] {logging_mixin.py:188} INFO - [2025-07-25T10:19:02.409+0000] {dagbag.py:540} INFO - Filling up the DagBag from /opt/airflow/dags/load_raw_from_minio.py
[2025-07-25T10:19:02.416+0000] {logging_mixin.py:188} INFO - [2025-07-25T10:19:02.415+0000] {dagbag.py:350} ERROR - Failed to import: /opt/airflow/dags/load_raw_from_minio.py
Traceback (most recent call last):
  File "/home/airflow/.local/lib/python3.8/site-packages/airflow/models/dagbag.py", line 346, in parse
    loader.exec_module(new_module)
  File "<frozen importlib._bootstrap_external>", line 843, in exec_module
  File "<frozen importlib._bootstrap>", line 219, in _call_with_frames_removed
  File "/opt/airflow/dags/load_raw_from_minio.py", line 14, in <module>
    from utils.validation import Event
ModuleNotFoundError: No module named 'utils'
[2025-07-25T10:19:02.417+0000] {processor.py:842} WARNING - No viable dags retrieved from /opt/airflow/dags/load_raw_from_minio.py
[2025-07-25T10:19:02.436+0000] {processor.py:183} INFO - Processing /opt/airflow/dags/load_raw_from_minio.py took 0.033 seconds
[2025-07-25T10:19:32.587+0000] {processor.py:161} INFO - Started process (PID=1466) to work on /opt/airflow/dags/load_raw_from_minio.py
[2025-07-25T10:19:32.588+0000] {processor.py:830} INFO - Processing file /opt/airflow/dags/load_raw_from_minio.py for tasks to queue
[2025-07-25T10:19:32.591+0000] {logging_mixin.py:188} INFO - [2025-07-25T10:19:32.591+0000] {dagbag.py:540} INFO - Filling up the DagBag from /opt/airflow/dags/load_raw_from_minio.py
[2025-07-25T10:19:32.601+0000] {logging_mixin.py:188} INFO - [2025-07-25T10:19:32.599+0000] {dagbag.py:350} ERROR - Failed to import: /opt/airflow/dags/load_raw_from_minio.py
Traceback (most recent call last):
  File "/home/airflow/.local/lib/python3.8/site-packages/airflow/models/dagbag.py", line 346, in parse
    loader.exec_module(new_module)
  File "<frozen importlib._bootstrap_external>", line 843, in exec_module
  File "<frozen importlib._bootstrap>", line 219, in _call_with_frames_removed
  File "/opt/airflow/dags/load_raw_from_minio.py", line 14, in <module>
    from utils.validation import Event
ModuleNotFoundError: No module named 'utils'
[2025-07-25T10:19:32.602+0000] {processor.py:842} WARNING - No viable dags retrieved from /opt/airflow/dags/load_raw_from_minio.py
[2025-07-25T10:19:32.626+0000] {processor.py:183} INFO - Processing /opt/airflow/dags/load_raw_from_minio.py took 0.046 seconds
[2025-07-25T10:20:02.752+0000] {processor.py:161} INFO - Started process (PID=1473) to work on /opt/airflow/dags/load_raw_from_minio.py
[2025-07-25T10:20:02.754+0000] {processor.py:830} INFO - Processing file /opt/airflow/dags/load_raw_from_minio.py for tasks to queue
[2025-07-25T10:20:02.756+0000] {logging_mixin.py:188} INFO - [2025-07-25T10:20:02.756+0000] {dagbag.py:540} INFO - Filling up the DagBag from /opt/airflow/dags/load_raw_from_minio.py
[2025-07-25T10:20:02.766+0000] {logging_mixin.py:188} INFO - [2025-07-25T10:20:02.765+0000] {dagbag.py:350} ERROR - Failed to import: /opt/airflow/dags/load_raw_from_minio.py
Traceback (most recent call last):
  File "/home/airflow/.local/lib/python3.8/site-packages/airflow/models/dagbag.py", line 346, in parse
    loader.exec_module(new_module)
  File "<frozen importlib._bootstrap_external>", line 843, in exec_module
  File "<frozen importlib._bootstrap>", line 219, in _call_with_frames_removed
  File "/opt/airflow/dags/load_raw_from_minio.py", line 14, in <module>
    from utils.validation import Event
ModuleNotFoundError: No module named 'utils'
[2025-07-25T10:20:02.767+0000] {processor.py:842} WARNING - No viable dags retrieved from /opt/airflow/dags/load_raw_from_minio.py
[2025-07-25T10:20:02.789+0000] {processor.py:183} INFO - Processing /opt/airflow/dags/load_raw_from_minio.py took 0.040 seconds
[2025-07-25T10:20:33.020+0000] {processor.py:161} INFO - Started process (PID=1480) to work on /opt/airflow/dags/load_raw_from_minio.py
[2025-07-25T10:20:33.021+0000] {processor.py:830} INFO - Processing file /opt/airflow/dags/load_raw_from_minio.py for tasks to queue
[2025-07-25T10:20:33.024+0000] {logging_mixin.py:188} INFO - [2025-07-25T10:20:33.023+0000] {dagbag.py:540} INFO - Filling up the DagBag from /opt/airflow/dags/load_raw_from_minio.py
[2025-07-25T10:20:33.032+0000] {logging_mixin.py:188} INFO - [2025-07-25T10:20:33.031+0000] {dagbag.py:350} ERROR - Failed to import: /opt/airflow/dags/load_raw_from_minio.py
Traceback (most recent call last):
  File "/home/airflow/.local/lib/python3.8/site-packages/airflow/models/dagbag.py", line 346, in parse
    loader.exec_module(new_module)
  File "<frozen importlib._bootstrap_external>", line 843, in exec_module
  File "<frozen importlib._bootstrap>", line 219, in _call_with_frames_removed
  File "/opt/airflow/dags/load_raw_from_minio.py", line 14, in <module>
    from utils.validation import Event
ModuleNotFoundError: No module named 'utils'
[2025-07-25T10:20:33.033+0000] {processor.py:842} WARNING - No viable dags retrieved from /opt/airflow/dags/load_raw_from_minio.py
[2025-07-25T10:20:33.059+0000] {processor.py:183} INFO - Processing /opt/airflow/dags/load_raw_from_minio.py took 0.043 seconds
[2025-07-25T10:21:03.272+0000] {processor.py:161} INFO - Started process (PID=1488) to work on /opt/airflow/dags/load_raw_from_minio.py
[2025-07-25T10:21:03.273+0000] {processor.py:830} INFO - Processing file /opt/airflow/dags/load_raw_from_minio.py for tasks to queue
[2025-07-25T10:21:03.275+0000] {logging_mixin.py:188} INFO - [2025-07-25T10:21:03.275+0000] {dagbag.py:540} INFO - Filling up the DagBag from /opt/airflow/dags/load_raw_from_minio.py
[2025-07-25T10:21:03.283+0000] {logging_mixin.py:188} INFO - [2025-07-25T10:21:03.282+0000] {dagbag.py:350} ERROR - Failed to import: /opt/airflow/dags/load_raw_from_minio.py
Traceback (most recent call last):
  File "/home/airflow/.local/lib/python3.8/site-packages/airflow/models/dagbag.py", line 346, in parse
    loader.exec_module(new_module)
  File "<frozen importlib._bootstrap_external>", line 843, in exec_module
  File "<frozen importlib._bootstrap>", line 219, in _call_with_frames_removed
  File "/opt/airflow/dags/load_raw_from_minio.py", line 14, in <module>
    from utils.validation import Event
ModuleNotFoundError: No module named 'utils'
[2025-07-25T10:21:03.283+0000] {processor.py:842} WARNING - No viable dags retrieved from /opt/airflow/dags/load_raw_from_minio.py
[2025-07-25T10:21:03.310+0000] {processor.py:183} INFO - Processing /opt/airflow/dags/load_raw_from_minio.py took 0.042 seconds
[2025-07-25T10:21:33.472+0000] {processor.py:161} INFO - Started process (PID=1495) to work on /opt/airflow/dags/load_raw_from_minio.py
[2025-07-25T10:21:33.475+0000] {processor.py:830} INFO - Processing file /opt/airflow/dags/load_raw_from_minio.py for tasks to queue
[2025-07-25T10:21:33.480+0000] {logging_mixin.py:188} INFO - [2025-07-25T10:21:33.478+0000] {dagbag.py:540} INFO - Filling up the DagBag from /opt/airflow/dags/load_raw_from_minio.py
[2025-07-25T10:21:33.495+0000] {logging_mixin.py:188} INFO - [2025-07-25T10:21:33.492+0000] {dagbag.py:350} ERROR - Failed to import: /opt/airflow/dags/load_raw_from_minio.py
Traceback (most recent call last):
  File "/home/airflow/.local/lib/python3.8/site-packages/airflow/models/dagbag.py", line 346, in parse
    loader.exec_module(new_module)
  File "<frozen importlib._bootstrap_external>", line 843, in exec_module
  File "<frozen importlib._bootstrap>", line 219, in _call_with_frames_removed
  File "/opt/airflow/dags/load_raw_from_minio.py", line 14, in <module>
    from utils.validation import Event
ModuleNotFoundError: No module named 'utils'
[2025-07-25T10:21:33.496+0000] {processor.py:842} WARNING - No viable dags retrieved from /opt/airflow/dags/load_raw_from_minio.py
[2025-07-25T10:21:33.529+0000] {processor.py:183} INFO - Processing /opt/airflow/dags/load_raw_from_minio.py took 0.068 seconds
[2025-07-25T10:22:03.641+0000] {processor.py:161} INFO - Started process (PID=1502) to work on /opt/airflow/dags/load_raw_from_minio.py
[2025-07-25T10:22:03.642+0000] {processor.py:830} INFO - Processing file /opt/airflow/dags/load_raw_from_minio.py for tasks to queue
[2025-07-25T10:22:03.645+0000] {logging_mixin.py:188} INFO - [2025-07-25T10:22:03.644+0000] {dagbag.py:540} INFO - Filling up the DagBag from /opt/airflow/dags/load_raw_from_minio.py
[2025-07-25T10:22:03.652+0000] {logging_mixin.py:188} INFO - [2025-07-25T10:22:03.651+0000] {dagbag.py:350} ERROR - Failed to import: /opt/airflow/dags/load_raw_from_minio.py
Traceback (most recent call last):
  File "/home/airflow/.local/lib/python3.8/site-packages/airflow/models/dagbag.py", line 346, in parse
    loader.exec_module(new_module)
  File "<frozen importlib._bootstrap_external>", line 843, in exec_module
  File "<frozen importlib._bootstrap>", line 219, in _call_with_frames_removed
  File "/opt/airflow/dags/load_raw_from_minio.py", line 14, in <module>
    from utils.validation import Event
ModuleNotFoundError: No module named 'utils'
[2025-07-25T10:22:03.653+0000] {processor.py:842} WARNING - No viable dags retrieved from /opt/airflow/dags/load_raw_from_minio.py
[2025-07-25T10:22:03.679+0000] {processor.py:183} INFO - Processing /opt/airflow/dags/load_raw_from_minio.py took 0.042 seconds
[2025-07-25T10:22:33.856+0000] {processor.py:161} INFO - Started process (PID=1509) to work on /opt/airflow/dags/load_raw_from_minio.py
[2025-07-25T10:22:33.858+0000] {processor.py:830} INFO - Processing file /opt/airflow/dags/load_raw_from_minio.py for tasks to queue
[2025-07-25T10:22:33.861+0000] {logging_mixin.py:188} INFO - [2025-07-25T10:22:33.860+0000] {dagbag.py:540} INFO - Filling up the DagBag from /opt/airflow/dags/load_raw_from_minio.py
[2025-07-25T10:22:33.870+0000] {logging_mixin.py:188} INFO - [2025-07-25T10:22:33.868+0000] {dagbag.py:350} ERROR - Failed to import: /opt/airflow/dags/load_raw_from_minio.py
Traceback (most recent call last):
  File "/home/airflow/.local/lib/python3.8/site-packages/airflow/models/dagbag.py", line 346, in parse
    loader.exec_module(new_module)
  File "<frozen importlib._bootstrap_external>", line 843, in exec_module
  File "<frozen importlib._bootstrap>", line 219, in _call_with_frames_removed
  File "/opt/airflow/dags/load_raw_from_minio.py", line 14, in <module>
    from utils.validation import Event
ModuleNotFoundError: No module named 'utils'
[2025-07-25T10:22:33.871+0000] {processor.py:842} WARNING - No viable dags retrieved from /opt/airflow/dags/load_raw_from_minio.py
[2025-07-25T10:22:33.901+0000] {processor.py:183} INFO - Processing /opt/airflow/dags/load_raw_from_minio.py took 0.050 seconds
[2025-07-25T10:23:04.027+0000] {processor.py:161} INFO - Started process (PID=1516) to work on /opt/airflow/dags/load_raw_from_minio.py
[2025-07-25T10:23:04.028+0000] {processor.py:830} INFO - Processing file /opt/airflow/dags/load_raw_from_minio.py for tasks to queue
[2025-07-25T10:23:04.031+0000] {logging_mixin.py:188} INFO - [2025-07-25T10:23:04.031+0000] {dagbag.py:540} INFO - Filling up the DagBag from /opt/airflow/dags/load_raw_from_minio.py
[2025-07-25T10:23:04.043+0000] {logging_mixin.py:188} INFO - [2025-07-25T10:23:04.041+0000] {dagbag.py:350} ERROR - Failed to import: /opt/airflow/dags/load_raw_from_minio.py
Traceback (most recent call last):
  File "/home/airflow/.local/lib/python3.8/site-packages/airflow/models/dagbag.py", line 346, in parse
    loader.exec_module(new_module)
  File "<frozen importlib._bootstrap_external>", line 843, in exec_module
  File "<frozen importlib._bootstrap>", line 219, in _call_with_frames_removed
  File "/opt/airflow/dags/load_raw_from_minio.py", line 14, in <module>
    from utils.validation import Event
ModuleNotFoundError: No module named 'utils'
[2025-07-25T10:23:04.045+0000] {processor.py:842} WARNING - No viable dags retrieved from /opt/airflow/dags/load_raw_from_minio.py
[2025-07-25T10:23:04.069+0000] {processor.py:183} INFO - Processing /opt/airflow/dags/load_raw_from_minio.py took 0.047 seconds
[2025-07-25T10:26:09.045+0000] {processor.py:161} INFO - Started process (PID=86) to work on /opt/airflow/dags/load_raw_from_minio.py
[2025-07-25T10:26:09.048+0000] {processor.py:830} INFO - Processing file /opt/airflow/dags/load_raw_from_minio.py for tasks to queue
[2025-07-25T10:26:09.053+0000] {logging_mixin.py:188} INFO - [2025-07-25T10:26:09.052+0000] {dagbag.py:540} INFO - Filling up the DagBag from /opt/airflow/dags/load_raw_from_minio.py
[2025-07-25T10:26:09.071+0000] {logging_mixin.py:188} INFO - [2025-07-25T10:26:09.067+0000] {dagbag.py:350} ERROR - Failed to import: /opt/airflow/dags/load_raw_from_minio.py
Traceback (most recent call last):
  File "/home/airflow/.local/lib/python3.8/site-packages/airflow/models/dagbag.py", line 346, in parse
    loader.exec_module(new_module)
  File "<frozen importlib._bootstrap_external>", line 843, in exec_module
  File "<frozen importlib._bootstrap>", line 219, in _call_with_frames_removed
  File "/opt/airflow/dags/load_raw_from_minio.py", line 14, in <module>
    from utils.validation import Event
ModuleNotFoundError: No module named 'utils'
[2025-07-25T10:26:09.072+0000] {processor.py:842} WARNING - No viable dags retrieved from /opt/airflow/dags/load_raw_from_minio.py
[2025-07-25T10:26:09.109+0000] {processor.py:183} INFO - Processing /opt/airflow/dags/load_raw_from_minio.py took 0.074 seconds
[2025-07-25T10:26:39.323+0000] {processor.py:161} INFO - Started process (PID=93) to work on /opt/airflow/dags/load_raw_from_minio.py
[2025-07-25T10:26:39.324+0000] {processor.py:830} INFO - Processing file /opt/airflow/dags/load_raw_from_minio.py for tasks to queue
[2025-07-25T10:26:39.327+0000] {logging_mixin.py:188} INFO - [2025-07-25T10:26:39.326+0000] {dagbag.py:540} INFO - Filling up the DagBag from /opt/airflow/dags/load_raw_from_minio.py
[2025-07-25T10:26:39.336+0000] {logging_mixin.py:188} INFO - [2025-07-25T10:26:39.335+0000] {dagbag.py:350} ERROR - Failed to import: /opt/airflow/dags/load_raw_from_minio.py
Traceback (most recent call last):
  File "/home/airflow/.local/lib/python3.8/site-packages/airflow/models/dagbag.py", line 346, in parse
    loader.exec_module(new_module)
  File "<frozen importlib._bootstrap_external>", line 843, in exec_module
  File "<frozen importlib._bootstrap>", line 219, in _call_with_frames_removed
  File "/opt/airflow/dags/load_raw_from_minio.py", line 14, in <module>
    from utils.validation import Event
ModuleNotFoundError: No module named 'utils'
[2025-07-25T10:26:39.337+0000] {processor.py:842} WARNING - No viable dags retrieved from /opt/airflow/dags/load_raw_from_minio.py
[2025-07-25T10:26:39.361+0000] {processor.py:183} INFO - Processing /opt/airflow/dags/load_raw_from_minio.py took 0.043 seconds
[2025-07-25T10:27:09.528+0000] {processor.py:161} INFO - Started process (PID=100) to work on /opt/airflow/dags/load_raw_from_minio.py
[2025-07-25T10:27:09.530+0000] {processor.py:830} INFO - Processing file /opt/airflow/dags/load_raw_from_minio.py for tasks to queue
[2025-07-25T10:27:09.535+0000] {logging_mixin.py:188} INFO - [2025-07-25T10:27:09.534+0000] {dagbag.py:540} INFO - Filling up the DagBag from /opt/airflow/dags/load_raw_from_minio.py
[2025-07-25T10:27:09.560+0000] {logging_mixin.py:188} INFO - [2025-07-25T10:27:09.556+0000] {dagbag.py:350} ERROR - Failed to import: /opt/airflow/dags/load_raw_from_minio.py
Traceback (most recent call last):
  File "/home/airflow/.local/lib/python3.8/site-packages/airflow/models/dagbag.py", line 346, in parse
    loader.exec_module(new_module)
  File "<frozen importlib._bootstrap_external>", line 843, in exec_module
  File "<frozen importlib._bootstrap>", line 219, in _call_with_frames_removed
  File "/opt/airflow/dags/load_raw_from_minio.py", line 14, in <module>
    from utils.validation import Event
ModuleNotFoundError: No module named 'utils'
[2025-07-25T10:27:09.574+0000] {processor.py:842} WARNING - No viable dags retrieved from /opt/airflow/dags/load_raw_from_minio.py
[2025-07-25T10:27:09.626+0000] {processor.py:183} INFO - Processing /opt/airflow/dags/load_raw_from_minio.py took 0.104 seconds
[2025-07-25T10:27:39.739+0000] {processor.py:161} INFO - Started process (PID=107) to work on /opt/airflow/dags/load_raw_from_minio.py
[2025-07-25T10:27:39.740+0000] {processor.py:830} INFO - Processing file /opt/airflow/dags/load_raw_from_minio.py for tasks to queue
[2025-07-25T10:27:39.742+0000] {logging_mixin.py:188} INFO - [2025-07-25T10:27:39.742+0000] {dagbag.py:540} INFO - Filling up the DagBag from /opt/airflow/dags/load_raw_from_minio.py
[2025-07-25T10:27:39.752+0000] {logging_mixin.py:188} INFO - [2025-07-25T10:27:39.750+0000] {dagbag.py:350} ERROR - Failed to import: /opt/airflow/dags/load_raw_from_minio.py
Traceback (most recent call last):
  File "/home/airflow/.local/lib/python3.8/site-packages/airflow/models/dagbag.py", line 346, in parse
    loader.exec_module(new_module)
  File "<frozen importlib._bootstrap_external>", line 843, in exec_module
  File "<frozen importlib._bootstrap>", line 219, in _call_with_frames_removed
  File "/opt/airflow/dags/load_raw_from_minio.py", line 14, in <module>
    from utils.validation import Event
ModuleNotFoundError: No module named 'utils'
[2025-07-25T10:27:39.753+0000] {processor.py:842} WARNING - No viable dags retrieved from /opt/airflow/dags/load_raw_from_minio.py
[2025-07-25T10:27:39.787+0000] {processor.py:183} INFO - Processing /opt/airflow/dags/load_raw_from_minio.py took 0.055 seconds
[2025-07-25T10:28:09.969+0000] {processor.py:161} INFO - Started process (PID=114) to work on /opt/airflow/dags/load_raw_from_minio.py
[2025-07-25T10:28:09.970+0000] {processor.py:830} INFO - Processing file /opt/airflow/dags/load_raw_from_minio.py for tasks to queue
[2025-07-25T10:28:09.973+0000] {logging_mixin.py:188} INFO - [2025-07-25T10:28:09.972+0000] {dagbag.py:540} INFO - Filling up the DagBag from /opt/airflow/dags/load_raw_from_minio.py
[2025-07-25T10:28:09.981+0000] {logging_mixin.py:188} INFO - [2025-07-25T10:28:09.979+0000] {dagbag.py:350} ERROR - Failed to import: /opt/airflow/dags/load_raw_from_minio.py
Traceback (most recent call last):
  File "/home/airflow/.local/lib/python3.8/site-packages/airflow/models/dagbag.py", line 346, in parse
    loader.exec_module(new_module)
  File "<frozen importlib._bootstrap_external>", line 843, in exec_module
  File "<frozen importlib._bootstrap>", line 219, in _call_with_frames_removed
  File "/opt/airflow/dags/load_raw_from_minio.py", line 14, in <module>
    from utils.validation import Event
ModuleNotFoundError: No module named 'utils'
[2025-07-25T10:28:09.981+0000] {processor.py:842} WARNING - No viable dags retrieved from /opt/airflow/dags/load_raw_from_minio.py
[2025-07-25T10:28:10.005+0000] {processor.py:183} INFO - Processing /opt/airflow/dags/load_raw_from_minio.py took 0.042 seconds
[2025-07-25T10:28:40.345+0000] {processor.py:161} INFO - Started process (PID=121) to work on /opt/airflow/dags/load_raw_from_minio.py
[2025-07-25T10:28:40.346+0000] {processor.py:830} INFO - Processing file /opt/airflow/dags/load_raw_from_minio.py for tasks to queue
[2025-07-25T10:28:40.349+0000] {logging_mixin.py:188} INFO - [2025-07-25T10:28:40.348+0000] {dagbag.py:540} INFO - Filling up the DagBag from /opt/airflow/dags/load_raw_from_minio.py
[2025-07-25T10:28:40.358+0000] {logging_mixin.py:188} INFO - [2025-07-25T10:28:40.356+0000] {dagbag.py:350} ERROR - Failed to import: /opt/airflow/dags/load_raw_from_minio.py
Traceback (most recent call last):
  File "/home/airflow/.local/lib/python3.8/site-packages/airflow/models/dagbag.py", line 346, in parse
    loader.exec_module(new_module)
  File "<frozen importlib._bootstrap_external>", line 843, in exec_module
  File "<frozen importlib._bootstrap>", line 219, in _call_with_frames_removed
  File "/opt/airflow/dags/load_raw_from_minio.py", line 14, in <module>
    from utils.validation import Event
ModuleNotFoundError: No module named 'utils'
[2025-07-25T10:28:40.358+0000] {processor.py:842} WARNING - No viable dags retrieved from /opt/airflow/dags/load_raw_from_minio.py
[2025-07-25T10:28:40.398+0000] {processor.py:183} INFO - Processing /opt/airflow/dags/load_raw_from_minio.py took 0.060 seconds
[2025-07-25T10:29:10.588+0000] {processor.py:161} INFO - Started process (PID=128) to work on /opt/airflow/dags/load_raw_from_minio.py
[2025-07-25T10:29:10.590+0000] {processor.py:830} INFO - Processing file /opt/airflow/dags/load_raw_from_minio.py for tasks to queue
[2025-07-25T10:29:10.592+0000] {logging_mixin.py:188} INFO - [2025-07-25T10:29:10.592+0000] {dagbag.py:540} INFO - Filling up the DagBag from /opt/airflow/dags/load_raw_from_minio.py
[2025-07-25T10:29:10.598+0000] {logging_mixin.py:188} INFO - [2025-07-25T10:29:10.597+0000] {dagbag.py:350} ERROR - Failed to import: /opt/airflow/dags/load_raw_from_minio.py
Traceback (most recent call last):
  File "/home/airflow/.local/lib/python3.8/site-packages/airflow/models/dagbag.py", line 346, in parse
    loader.exec_module(new_module)
  File "<frozen importlib._bootstrap_external>", line 843, in exec_module
  File "<frozen importlib._bootstrap>", line 219, in _call_with_frames_removed
  File "/opt/airflow/dags/load_raw_from_minio.py", line 14, in <module>
    from utils.validation import Event
ModuleNotFoundError: No module named 'utils'
[2025-07-25T10:29:10.598+0000] {processor.py:842} WARNING - No viable dags retrieved from /opt/airflow/dags/load_raw_from_minio.py
[2025-07-25T10:29:10.618+0000] {processor.py:183} INFO - Processing /opt/airflow/dags/load_raw_from_minio.py took 0.034 seconds
[2025-07-25T10:29:36.795+0000] {processor.py:161} INFO - Started process (PID=135) to work on /opt/airflow/dags/load_raw_from_minio.py
[2025-07-25T10:29:36.797+0000] {processor.py:830} INFO - Processing file /opt/airflow/dags/load_raw_from_minio.py for tasks to queue
[2025-07-25T10:29:36.800+0000] {logging_mixin.py:188} INFO - [2025-07-25T10:29:36.800+0000] {dagbag.py:540} INFO - Filling up the DagBag from /opt/airflow/dags/load_raw_from_minio.py
[2025-07-25T10:29:36.812+0000] {logging_mixin.py:188} INFO - [2025-07-25T10:29:36.810+0000] {dagbag.py:350} ERROR - Failed to import: /opt/airflow/dags/load_raw_from_minio.py
Traceback (most recent call last):
  File "/home/airflow/.local/lib/python3.8/site-packages/airflow/models/dagbag.py", line 346, in parse
    loader.exec_module(new_module)
  File "<frozen importlib._bootstrap_external>", line 843, in exec_module
  File "<frozen importlib._bootstrap>", line 219, in _call_with_frames_removed
  File "/opt/airflow/dags/load_raw_from_minio.py", line 11, in <module>
    from utils.validation import Event
ModuleNotFoundError: No module named 'utils'
[2025-07-25T10:29:36.813+0000] {processor.py:842} WARNING - No viable dags retrieved from /opt/airflow/dags/load_raw_from_minio.py
[2025-07-25T10:29:36.841+0000] {processor.py:183} INFO - Processing /opt/airflow/dags/load_raw_from_minio.py took 0.051 seconds
[2025-07-25T10:30:06.997+0000] {processor.py:161} INFO - Started process (PID=141) to work on /opt/airflow/dags/load_raw_from_minio.py
[2025-07-25T10:30:07.000+0000] {processor.py:830} INFO - Processing file /opt/airflow/dags/load_raw_from_minio.py for tasks to queue
[2025-07-25T10:30:07.002+0000] {logging_mixin.py:188} INFO - [2025-07-25T10:30:07.002+0000] {dagbag.py:540} INFO - Filling up the DagBag from /opt/airflow/dags/load_raw_from_minio.py
[2025-07-25T10:30:07.009+0000] {logging_mixin.py:188} INFO - [2025-07-25T10:30:07.008+0000] {dagbag.py:350} ERROR - Failed to import: /opt/airflow/dags/load_raw_from_minio.py
Traceback (most recent call last):
  File "/home/airflow/.local/lib/python3.8/site-packages/airflow/models/dagbag.py", line 346, in parse
    loader.exec_module(new_module)
  File "<frozen importlib._bootstrap_external>", line 843, in exec_module
  File "<frozen importlib._bootstrap>", line 219, in _call_with_frames_removed
  File "/opt/airflow/dags/load_raw_from_minio.py", line 11, in <module>
    from utils.validation import Event
ModuleNotFoundError: No module named 'utils'
[2025-07-25T10:30:07.010+0000] {processor.py:842} WARNING - No viable dags retrieved from /opt/airflow/dags/load_raw_from_minio.py
[2025-07-25T10:30:07.035+0000] {processor.py:183} INFO - Processing /opt/airflow/dags/load_raw_from_minio.py took 0.043 seconds
[2025-07-25T10:30:37.228+0000] {processor.py:161} INFO - Started process (PID=148) to work on /opt/airflow/dags/load_raw_from_minio.py
[2025-07-25T10:30:37.230+0000] {processor.py:830} INFO - Processing file /opt/airflow/dags/load_raw_from_minio.py for tasks to queue
[2025-07-25T10:30:37.232+0000] {logging_mixin.py:188} INFO - [2025-07-25T10:30:37.232+0000] {dagbag.py:540} INFO - Filling up the DagBag from /opt/airflow/dags/load_raw_from_minio.py
[2025-07-25T10:30:37.240+0000] {logging_mixin.py:188} INFO - [2025-07-25T10:30:37.238+0000] {dagbag.py:350} ERROR - Failed to import: /opt/airflow/dags/load_raw_from_minio.py
Traceback (most recent call last):
  File "/home/airflow/.local/lib/python3.8/site-packages/airflow/models/dagbag.py", line 346, in parse
    loader.exec_module(new_module)
  File "<frozen importlib._bootstrap_external>", line 843, in exec_module
  File "<frozen importlib._bootstrap>", line 219, in _call_with_frames_removed
  File "/opt/airflow/dags/load_raw_from_minio.py", line 11, in <module>
    from utils.validation import Event
ModuleNotFoundError: No module named 'utils'
[2025-07-25T10:30:37.241+0000] {processor.py:842} WARNING - No viable dags retrieved from /opt/airflow/dags/load_raw_from_minio.py
[2025-07-25T10:30:37.267+0000] {processor.py:183} INFO - Processing /opt/airflow/dags/load_raw_from_minio.py took 0.045 seconds
[2025-07-25T10:31:07.387+0000] {processor.py:161} INFO - Started process (PID=155) to work on /opt/airflow/dags/load_raw_from_minio.py
[2025-07-25T10:31:07.388+0000] {processor.py:830} INFO - Processing file /opt/airflow/dags/load_raw_from_minio.py for tasks to queue
[2025-07-25T10:31:07.390+0000] {logging_mixin.py:188} INFO - [2025-07-25T10:31:07.390+0000] {dagbag.py:540} INFO - Filling up the DagBag from /opt/airflow/dags/load_raw_from_minio.py
[2025-07-25T10:31:07.400+0000] {logging_mixin.py:188} INFO - [2025-07-25T10:31:07.396+0000] {dagbag.py:350} ERROR - Failed to import: /opt/airflow/dags/load_raw_from_minio.py
Traceback (most recent call last):
  File "/home/airflow/.local/lib/python3.8/site-packages/airflow/models/dagbag.py", line 346, in parse
    loader.exec_module(new_module)
  File "<frozen importlib._bootstrap_external>", line 843, in exec_module
  File "<frozen importlib._bootstrap>", line 219, in _call_with_frames_removed
  File "/opt/airflow/dags/load_raw_from_minio.py", line 11, in <module>
    from utils.validation import Event
ModuleNotFoundError: No module named 'utils'
[2025-07-25T10:31:07.400+0000] {processor.py:842} WARNING - No viable dags retrieved from /opt/airflow/dags/load_raw_from_minio.py
[2025-07-25T10:31:07.424+0000] {processor.py:183} INFO - Processing /opt/airflow/dags/load_raw_from_minio.py took 0.041 seconds
[2025-07-25T10:31:37.603+0000] {processor.py:161} INFO - Started process (PID=162) to work on /opt/airflow/dags/load_raw_from_minio.py
[2025-07-25T10:31:37.605+0000] {processor.py:830} INFO - Processing file /opt/airflow/dags/load_raw_from_minio.py for tasks to queue
[2025-07-25T10:31:37.608+0000] {logging_mixin.py:188} INFO - [2025-07-25T10:31:37.607+0000] {dagbag.py:540} INFO - Filling up the DagBag from /opt/airflow/dags/load_raw_from_minio.py
[2025-07-25T10:31:37.616+0000] {logging_mixin.py:188} INFO - [2025-07-25T10:31:37.614+0000] {dagbag.py:350} ERROR - Failed to import: /opt/airflow/dags/load_raw_from_minio.py
Traceback (most recent call last):
  File "/home/airflow/.local/lib/python3.8/site-packages/airflow/models/dagbag.py", line 346, in parse
    loader.exec_module(new_module)
  File "<frozen importlib._bootstrap_external>", line 843, in exec_module
  File "<frozen importlib._bootstrap>", line 219, in _call_with_frames_removed
  File "/opt/airflow/dags/load_raw_from_minio.py", line 11, in <module>
    from utils.validation import Event
ModuleNotFoundError: No module named 'utils'
[2025-07-25T10:31:37.617+0000] {processor.py:842} WARNING - No viable dags retrieved from /opt/airflow/dags/load_raw_from_minio.py
[2025-07-25T10:31:37.644+0000] {processor.py:183} INFO - Processing /opt/airflow/dags/load_raw_from_minio.py took 0.046 seconds
[2025-07-25T10:32:07.784+0000] {processor.py:161} INFO - Started process (PID=169) to work on /opt/airflow/dags/load_raw_from_minio.py
[2025-07-25T10:32:07.785+0000] {processor.py:830} INFO - Processing file /opt/airflow/dags/load_raw_from_minio.py for tasks to queue
[2025-07-25T10:32:07.788+0000] {logging_mixin.py:188} INFO - [2025-07-25T10:32:07.787+0000] {dagbag.py:540} INFO - Filling up the DagBag from /opt/airflow/dags/load_raw_from_minio.py
[2025-07-25T10:32:07.796+0000] {logging_mixin.py:188} INFO - [2025-07-25T10:32:07.794+0000] {dagbag.py:350} ERROR - Failed to import: /opt/airflow/dags/load_raw_from_minio.py
Traceback (most recent call last):
  File "/home/airflow/.local/lib/python3.8/site-packages/airflow/models/dagbag.py", line 346, in parse
    loader.exec_module(new_module)
  File "<frozen importlib._bootstrap_external>", line 843, in exec_module
  File "<frozen importlib._bootstrap>", line 219, in _call_with_frames_removed
  File "/opt/airflow/dags/load_raw_from_minio.py", line 11, in <module>
    from utils.validation import Event
ModuleNotFoundError: No module named 'utils'
[2025-07-25T10:32:07.796+0000] {processor.py:842} WARNING - No viable dags retrieved from /opt/airflow/dags/load_raw_from_minio.py
[2025-07-25T10:32:07.822+0000] {processor.py:183} INFO - Processing /opt/airflow/dags/load_raw_from_minio.py took 0.044 seconds
[2025-07-25T10:32:37.937+0000] {processor.py:161} INFO - Started process (PID=176) to work on /opt/airflow/dags/load_raw_from_minio.py
[2025-07-25T10:32:37.938+0000] {processor.py:830} INFO - Processing file /opt/airflow/dags/load_raw_from_minio.py for tasks to queue
[2025-07-25T10:32:37.940+0000] {logging_mixin.py:188} INFO - [2025-07-25T10:32:37.940+0000] {dagbag.py:540} INFO - Filling up the DagBag from /opt/airflow/dags/load_raw_from_minio.py
[2025-07-25T10:32:37.949+0000] {logging_mixin.py:188} INFO - [2025-07-25T10:32:37.945+0000] {dagbag.py:350} ERROR - Failed to import: /opt/airflow/dags/load_raw_from_minio.py
Traceback (most recent call last):
  File "/home/airflow/.local/lib/python3.8/site-packages/airflow/models/dagbag.py", line 346, in parse
    loader.exec_module(new_module)
  File "<frozen importlib._bootstrap_external>", line 843, in exec_module
  File "<frozen importlib._bootstrap>", line 219, in _call_with_frames_removed
  File "/opt/airflow/dags/load_raw_from_minio.py", line 11, in <module>
    from utils.validation import Event
ModuleNotFoundError: No module named 'utils'
[2025-07-25T10:32:37.950+0000] {processor.py:842} WARNING - No viable dags retrieved from /opt/airflow/dags/load_raw_from_minio.py
[2025-07-25T10:32:37.971+0000] {processor.py:183} INFO - Processing /opt/airflow/dags/load_raw_from_minio.py took 0.038 seconds
[2025-07-25T10:33:08.117+0000] {processor.py:161} INFO - Started process (PID=183) to work on /opt/airflow/dags/load_raw_from_minio.py
[2025-07-25T10:33:08.119+0000] {processor.py:830} INFO - Processing file /opt/airflow/dags/load_raw_from_minio.py for tasks to queue
[2025-07-25T10:33:08.121+0000] {logging_mixin.py:188} INFO - [2025-07-25T10:33:08.121+0000] {dagbag.py:540} INFO - Filling up the DagBag from /opt/airflow/dags/load_raw_from_minio.py
[2025-07-25T10:33:08.128+0000] {logging_mixin.py:188} INFO - [2025-07-25T10:33:08.126+0000] {dagbag.py:350} ERROR - Failed to import: /opt/airflow/dags/load_raw_from_minio.py
Traceback (most recent call last):
  File "/home/airflow/.local/lib/python3.8/site-packages/airflow/models/dagbag.py", line 346, in parse
    loader.exec_module(new_module)
  File "<frozen importlib._bootstrap_external>", line 843, in exec_module
  File "<frozen importlib._bootstrap>", line 219, in _call_with_frames_removed
  File "/opt/airflow/dags/load_raw_from_minio.py", line 11, in <module>
    from utils.validation import Event
ModuleNotFoundError: No module named 'utils'
[2025-07-25T10:33:08.128+0000] {processor.py:842} WARNING - No viable dags retrieved from /opt/airflow/dags/load_raw_from_minio.py
[2025-07-25T10:33:08.155+0000] {processor.py:183} INFO - Processing /opt/airflow/dags/load_raw_from_minio.py took 0.042 seconds
[2025-07-25T10:33:38.297+0000] {processor.py:161} INFO - Started process (PID=190) to work on /opt/airflow/dags/load_raw_from_minio.py
[2025-07-25T10:33:38.298+0000] {processor.py:830} INFO - Processing file /opt/airflow/dags/load_raw_from_minio.py for tasks to queue
[2025-07-25T10:33:38.301+0000] {logging_mixin.py:188} INFO - [2025-07-25T10:33:38.301+0000] {dagbag.py:540} INFO - Filling up the DagBag from /opt/airflow/dags/load_raw_from_minio.py
[2025-07-25T10:33:38.310+0000] {logging_mixin.py:188} INFO - [2025-07-25T10:33:38.308+0000] {dagbag.py:350} ERROR - Failed to import: /opt/airflow/dags/load_raw_from_minio.py
Traceback (most recent call last):
  File "/home/airflow/.local/lib/python3.8/site-packages/airflow/models/dagbag.py", line 346, in parse
    loader.exec_module(new_module)
  File "<frozen importlib._bootstrap_external>", line 843, in exec_module
  File "<frozen importlib._bootstrap>", line 219, in _call_with_frames_removed
  File "/opt/airflow/dags/load_raw_from_minio.py", line 11, in <module>
    from utils.validation import Event
ModuleNotFoundError: No module named 'utils'
[2025-07-25T10:33:38.310+0000] {processor.py:842} WARNING - No viable dags retrieved from /opt/airflow/dags/load_raw_from_minio.py
[2025-07-25T10:33:38.337+0000] {processor.py:183} INFO - Processing /opt/airflow/dags/load_raw_from_minio.py took 0.045 seconds
[2025-07-25T10:34:08.497+0000] {processor.py:161} INFO - Started process (PID=197) to work on /opt/airflow/dags/load_raw_from_minio.py
[2025-07-25T10:34:08.499+0000] {processor.py:830} INFO - Processing file /opt/airflow/dags/load_raw_from_minio.py for tasks to queue
[2025-07-25T10:34:08.502+0000] {logging_mixin.py:188} INFO - [2025-07-25T10:34:08.502+0000] {dagbag.py:540} INFO - Filling up the DagBag from /opt/airflow/dags/load_raw_from_minio.py
[2025-07-25T10:34:08.513+0000] {logging_mixin.py:188} INFO - [2025-07-25T10:34:08.511+0000] {dagbag.py:350} ERROR - Failed to import: /opt/airflow/dags/load_raw_from_minio.py
Traceback (most recent call last):
  File "/home/airflow/.local/lib/python3.8/site-packages/airflow/models/dagbag.py", line 346, in parse
    loader.exec_module(new_module)
  File "<frozen importlib._bootstrap_external>", line 843, in exec_module
  File "<frozen importlib._bootstrap>", line 219, in _call_with_frames_removed
  File "/opt/airflow/dags/load_raw_from_minio.py", line 11, in <module>
    from utils.validation import Event
ModuleNotFoundError: No module named 'utils'
[2025-07-25T10:34:08.514+0000] {processor.py:842} WARNING - No viable dags retrieved from /opt/airflow/dags/load_raw_from_minio.py
[2025-07-25T10:34:08.546+0000] {processor.py:183} INFO - Processing /opt/airflow/dags/load_raw_from_minio.py took 0.053 seconds
[2025-07-25T10:34:38.725+0000] {processor.py:161} INFO - Started process (PID=204) to work on /opt/airflow/dags/load_raw_from_minio.py
[2025-07-25T10:34:38.727+0000] {processor.py:830} INFO - Processing file /opt/airflow/dags/load_raw_from_minio.py for tasks to queue
[2025-07-25T10:34:38.730+0000] {logging_mixin.py:188} INFO - [2025-07-25T10:34:38.730+0000] {dagbag.py:540} INFO - Filling up the DagBag from /opt/airflow/dags/load_raw_from_minio.py
[2025-07-25T10:34:38.739+0000] {logging_mixin.py:188} INFO - [2025-07-25T10:34:38.737+0000] {dagbag.py:350} ERROR - Failed to import: /opt/airflow/dags/load_raw_from_minio.py
Traceback (most recent call last):
  File "/home/airflow/.local/lib/python3.8/site-packages/airflow/models/dagbag.py", line 346, in parse
    loader.exec_module(new_module)
  File "<frozen importlib._bootstrap_external>", line 843, in exec_module
  File "<frozen importlib._bootstrap>", line 219, in _call_with_frames_removed
  File "/opt/airflow/dags/load_raw_from_minio.py", line 11, in <module>
    from utils.validation import Event
ModuleNotFoundError: No module named 'utils'
[2025-07-25T10:34:38.739+0000] {processor.py:842} WARNING - No viable dags retrieved from /opt/airflow/dags/load_raw_from_minio.py
[2025-07-25T10:34:38.769+0000] {processor.py:183} INFO - Processing /opt/airflow/dags/load_raw_from_minio.py took 0.050 seconds
[2025-07-25T10:35:08.891+0000] {processor.py:161} INFO - Started process (PID=211) to work on /opt/airflow/dags/load_raw_from_minio.py
[2025-07-25T10:35:08.892+0000] {processor.py:830} INFO - Processing file /opt/airflow/dags/load_raw_from_minio.py for tasks to queue
[2025-07-25T10:35:08.895+0000] {logging_mixin.py:188} INFO - [2025-07-25T10:35:08.894+0000] {dagbag.py:540} INFO - Filling up the DagBag from /opt/airflow/dags/load_raw_from_minio.py
[2025-07-25T10:35:08.902+0000] {logging_mixin.py:188} INFO - [2025-07-25T10:35:08.901+0000] {dagbag.py:350} ERROR - Failed to import: /opt/airflow/dags/load_raw_from_minio.py
Traceback (most recent call last):
  File "/home/airflow/.local/lib/python3.8/site-packages/airflow/models/dagbag.py", line 346, in parse
    loader.exec_module(new_module)
  File "<frozen importlib._bootstrap_external>", line 843, in exec_module
  File "<frozen importlib._bootstrap>", line 219, in _call_with_frames_removed
  File "/opt/airflow/dags/load_raw_from_minio.py", line 11, in <module>
    from utils.validation import Event
ModuleNotFoundError: No module named 'utils'
[2025-07-25T10:35:08.903+0000] {processor.py:842} WARNING - No viable dags retrieved from /opt/airflow/dags/load_raw_from_minio.py
[2025-07-25T10:35:08.931+0000] {processor.py:183} INFO - Processing /opt/airflow/dags/load_raw_from_minio.py took 0.044 seconds
[2025-07-25T10:35:39.118+0000] {processor.py:161} INFO - Started process (PID=218) to work on /opt/airflow/dags/load_raw_from_minio.py
[2025-07-25T10:35:39.119+0000] {processor.py:830} INFO - Processing file /opt/airflow/dags/load_raw_from_minio.py for tasks to queue
[2025-07-25T10:35:39.122+0000] {logging_mixin.py:188} INFO - [2025-07-25T10:35:39.121+0000] {dagbag.py:540} INFO - Filling up the DagBag from /opt/airflow/dags/load_raw_from_minio.py
[2025-07-25T10:35:39.128+0000] {logging_mixin.py:188} INFO - [2025-07-25T10:35:39.127+0000] {dagbag.py:350} ERROR - Failed to import: /opt/airflow/dags/load_raw_from_minio.py
Traceback (most recent call last):
  File "/home/airflow/.local/lib/python3.8/site-packages/airflow/models/dagbag.py", line 346, in parse
    loader.exec_module(new_module)
  File "<frozen importlib._bootstrap_external>", line 843, in exec_module
  File "<frozen importlib._bootstrap>", line 219, in _call_with_frames_removed
  File "/opt/airflow/dags/load_raw_from_minio.py", line 11, in <module>
    from utils.validation import Event
ModuleNotFoundError: No module named 'utils'
[2025-07-25T10:35:39.128+0000] {processor.py:842} WARNING - No viable dags retrieved from /opt/airflow/dags/load_raw_from_minio.py
[2025-07-25T10:35:39.148+0000] {processor.py:183} INFO - Processing /opt/airflow/dags/load_raw_from_minio.py took 0.042 seconds
[2025-07-25T10:36:09.256+0000] {processor.py:161} INFO - Started process (PID=225) to work on /opt/airflow/dags/load_raw_from_minio.py
[2025-07-25T10:36:09.257+0000] {processor.py:830} INFO - Processing file /opt/airflow/dags/load_raw_from_minio.py for tasks to queue
[2025-07-25T10:36:09.259+0000] {logging_mixin.py:188} INFO - [2025-07-25T10:36:09.259+0000] {dagbag.py:540} INFO - Filling up the DagBag from /opt/airflow/dags/load_raw_from_minio.py
[2025-07-25T10:36:09.266+0000] {logging_mixin.py:188} INFO - [2025-07-25T10:36:09.264+0000] {dagbag.py:350} ERROR - Failed to import: /opt/airflow/dags/load_raw_from_minio.py
Traceback (most recent call last):
  File "/home/airflow/.local/lib/python3.8/site-packages/airflow/models/dagbag.py", line 346, in parse
    loader.exec_module(new_module)
  File "<frozen importlib._bootstrap_external>", line 843, in exec_module
  File "<frozen importlib._bootstrap>", line 219, in _call_with_frames_removed
  File "/opt/airflow/dags/load_raw_from_minio.py", line 11, in <module>
    from utils.validation import Event
ModuleNotFoundError: No module named 'utils'
[2025-07-25T10:36:09.266+0000] {processor.py:842} WARNING - No viable dags retrieved from /opt/airflow/dags/load_raw_from_minio.py
[2025-07-25T10:36:09.293+0000] {processor.py:183} INFO - Processing /opt/airflow/dags/load_raw_from_minio.py took 0.040 seconds
[2025-07-25T10:36:39.515+0000] {processor.py:161} INFO - Started process (PID=232) to work on /opt/airflow/dags/load_raw_from_minio.py
[2025-07-25T10:36:39.517+0000] {processor.py:830} INFO - Processing file /opt/airflow/dags/load_raw_from_minio.py for tasks to queue
[2025-07-25T10:36:39.520+0000] {logging_mixin.py:188} INFO - [2025-07-25T10:36:39.520+0000] {dagbag.py:540} INFO - Filling up the DagBag from /opt/airflow/dags/load_raw_from_minio.py
[2025-07-25T10:36:39.529+0000] {logging_mixin.py:188} INFO - [2025-07-25T10:36:39.528+0000] {dagbag.py:350} ERROR - Failed to import: /opt/airflow/dags/load_raw_from_minio.py
Traceback (most recent call last):
  File "/home/airflow/.local/lib/python3.8/site-packages/airflow/models/dagbag.py", line 346, in parse
    loader.exec_module(new_module)
  File "<frozen importlib._bootstrap_external>", line 843, in exec_module
  File "<frozen importlib._bootstrap>", line 219, in _call_with_frames_removed
  File "/opt/airflow/dags/load_raw_from_minio.py", line 11, in <module>
    from utils.validation import Event
ModuleNotFoundError: No module named 'utils'
[2025-07-25T10:36:39.530+0000] {processor.py:842} WARNING - No viable dags retrieved from /opt/airflow/dags/load_raw_from_minio.py
[2025-07-25T10:36:39.559+0000] {processor.py:183} INFO - Processing /opt/airflow/dags/load_raw_from_minio.py took 0.048 seconds
[2025-07-25T10:37:09.710+0000] {processor.py:161} INFO - Started process (PID=239) to work on /opt/airflow/dags/load_raw_from_minio.py
[2025-07-25T10:37:09.712+0000] {processor.py:830} INFO - Processing file /opt/airflow/dags/load_raw_from_minio.py for tasks to queue
[2025-07-25T10:37:09.716+0000] {logging_mixin.py:188} INFO - [2025-07-25T10:37:09.715+0000] {dagbag.py:540} INFO - Filling up the DagBag from /opt/airflow/dags/load_raw_from_minio.py
[2025-07-25T10:37:09.725+0000] {logging_mixin.py:188} INFO - [2025-07-25T10:37:09.723+0000] {dagbag.py:350} ERROR - Failed to import: /opt/airflow/dags/load_raw_from_minio.py
Traceback (most recent call last):
  File "/home/airflow/.local/lib/python3.8/site-packages/airflow/models/dagbag.py", line 346, in parse
    loader.exec_module(new_module)
  File "<frozen importlib._bootstrap_external>", line 843, in exec_module
  File "<frozen importlib._bootstrap>", line 219, in _call_with_frames_removed
  File "/opt/airflow/dags/load_raw_from_minio.py", line 11, in <module>
    from utils.validation import Event
ModuleNotFoundError: No module named 'utils'
[2025-07-25T10:37:09.726+0000] {processor.py:842} WARNING - No viable dags retrieved from /opt/airflow/dags/load_raw_from_minio.py
[2025-07-25T10:37:09.755+0000] {processor.py:183} INFO - Processing /opt/airflow/dags/load_raw_from_minio.py took 0.049 seconds
[2025-07-25T10:37:39.884+0000] {processor.py:161} INFO - Started process (PID=246) to work on /opt/airflow/dags/load_raw_from_minio.py
[2025-07-25T10:37:39.885+0000] {processor.py:830} INFO - Processing file /opt/airflow/dags/load_raw_from_minio.py for tasks to queue
[2025-07-25T10:37:39.887+0000] {logging_mixin.py:188} INFO - [2025-07-25T10:37:39.887+0000] {dagbag.py:540} INFO - Filling up the DagBag from /opt/airflow/dags/load_raw_from_minio.py
[2025-07-25T10:37:39.894+0000] {logging_mixin.py:188} INFO - [2025-07-25T10:37:39.892+0000] {dagbag.py:350} ERROR - Failed to import: /opt/airflow/dags/load_raw_from_minio.py
Traceback (most recent call last):
  File "/home/airflow/.local/lib/python3.8/site-packages/airflow/models/dagbag.py", line 346, in parse
    loader.exec_module(new_module)
  File "<frozen importlib._bootstrap_external>", line 843, in exec_module
  File "<frozen importlib._bootstrap>", line 219, in _call_with_frames_removed
  File "/opt/airflow/dags/load_raw_from_minio.py", line 11, in <module>
    from utils.validation import Event
ModuleNotFoundError: No module named 'utils'
[2025-07-25T10:37:39.894+0000] {processor.py:842} WARNING - No viable dags retrieved from /opt/airflow/dags/load_raw_from_minio.py
[2025-07-25T10:37:39.914+0000] {processor.py:183} INFO - Processing /opt/airflow/dags/load_raw_from_minio.py took 0.033 seconds
[2025-07-25T10:38:10.053+0000] {processor.py:161} INFO - Started process (PID=253) to work on /opt/airflow/dags/load_raw_from_minio.py
[2025-07-25T10:38:10.055+0000] {processor.py:830} INFO - Processing file /opt/airflow/dags/load_raw_from_minio.py for tasks to queue
[2025-07-25T10:38:10.057+0000] {logging_mixin.py:188} INFO - [2025-07-25T10:38:10.057+0000] {dagbag.py:540} INFO - Filling up the DagBag from /opt/airflow/dags/load_raw_from_minio.py
[2025-07-25T10:38:10.063+0000] {logging_mixin.py:188} INFO - [2025-07-25T10:38:10.062+0000] {dagbag.py:350} ERROR - Failed to import: /opt/airflow/dags/load_raw_from_minio.py
Traceback (most recent call last):
  File "/home/airflow/.local/lib/python3.8/site-packages/airflow/models/dagbag.py", line 346, in parse
    loader.exec_module(new_module)
  File "<frozen importlib._bootstrap_external>", line 843, in exec_module
  File "<frozen importlib._bootstrap>", line 219, in _call_with_frames_removed
  File "/opt/airflow/dags/load_raw_from_minio.py", line 11, in <module>
    from utils.validation import Event
ModuleNotFoundError: No module named 'utils'
[2025-07-25T10:38:10.064+0000] {processor.py:842} WARNING - No viable dags retrieved from /opt/airflow/dags/load_raw_from_minio.py
[2025-07-25T10:38:10.088+0000] {processor.py:183} INFO - Processing /opt/airflow/dags/load_raw_from_minio.py took 0.038 seconds
[2025-07-25T10:38:40.223+0000] {processor.py:161} INFO - Started process (PID=260) to work on /opt/airflow/dags/load_raw_from_minio.py
[2025-07-25T10:38:40.224+0000] {processor.py:830} INFO - Processing file /opt/airflow/dags/load_raw_from_minio.py for tasks to queue
[2025-07-25T10:38:40.227+0000] {logging_mixin.py:188} INFO - [2025-07-25T10:38:40.227+0000] {dagbag.py:540} INFO - Filling up the DagBag from /opt/airflow/dags/load_raw_from_minio.py
[2025-07-25T10:38:40.236+0000] {logging_mixin.py:188} INFO - [2025-07-25T10:38:40.234+0000] {dagbag.py:350} ERROR - Failed to import: /opt/airflow/dags/load_raw_from_minio.py
Traceback (most recent call last):
  File "/home/airflow/.local/lib/python3.8/site-packages/airflow/models/dagbag.py", line 346, in parse
    loader.exec_module(new_module)
  File "<frozen importlib._bootstrap_external>", line 843, in exec_module
  File "<frozen importlib._bootstrap>", line 219, in _call_with_frames_removed
  File "/opt/airflow/dags/load_raw_from_minio.py", line 11, in <module>
    from utils.validation import Event
ModuleNotFoundError: No module named 'utils'
[2025-07-25T10:38:40.236+0000] {processor.py:842} WARNING - No viable dags retrieved from /opt/airflow/dags/load_raw_from_minio.py
[2025-07-25T10:38:40.261+0000] {processor.py:183} INFO - Processing /opt/airflow/dags/load_raw_from_minio.py took 0.042 seconds
[2025-07-25T10:39:10.430+0000] {processor.py:161} INFO - Started process (PID=267) to work on /opt/airflow/dags/load_raw_from_minio.py
[2025-07-25T10:39:10.431+0000] {processor.py:830} INFO - Processing file /opt/airflow/dags/load_raw_from_minio.py for tasks to queue
[2025-07-25T10:39:10.434+0000] {logging_mixin.py:188} INFO - [2025-07-25T10:39:10.433+0000] {dagbag.py:540} INFO - Filling up the DagBag from /opt/airflow/dags/load_raw_from_minio.py
[2025-07-25T10:39:10.441+0000] {logging_mixin.py:188} INFO - [2025-07-25T10:39:10.439+0000] {dagbag.py:350} ERROR - Failed to import: /opt/airflow/dags/load_raw_from_minio.py
Traceback (most recent call last):
  File "/home/airflow/.local/lib/python3.8/site-packages/airflow/models/dagbag.py", line 346, in parse
    loader.exec_module(new_module)
  File "<frozen importlib._bootstrap_external>", line 843, in exec_module
  File "<frozen importlib._bootstrap>", line 219, in _call_with_frames_removed
  File "/opt/airflow/dags/load_raw_from_minio.py", line 11, in <module>
    from utils.validation import Event
ModuleNotFoundError: No module named 'utils'
[2025-07-25T10:39:10.441+0000] {processor.py:842} WARNING - No viable dags retrieved from /opt/airflow/dags/load_raw_from_minio.py
[2025-07-25T10:39:10.465+0000] {processor.py:183} INFO - Processing /opt/airflow/dags/load_raw_from_minio.py took 0.039 seconds
[2025-07-25T10:39:40.620+0000] {processor.py:161} INFO - Started process (PID=274) to work on /opt/airflow/dags/load_raw_from_minio.py
[2025-07-25T10:39:40.622+0000] {processor.py:830} INFO - Processing file /opt/airflow/dags/load_raw_from_minio.py for tasks to queue
[2025-07-25T10:39:40.625+0000] {logging_mixin.py:188} INFO - [2025-07-25T10:39:40.624+0000] {dagbag.py:540} INFO - Filling up the DagBag from /opt/airflow/dags/load_raw_from_minio.py
[2025-07-25T10:39:40.632+0000] {logging_mixin.py:188} INFO - [2025-07-25T10:39:40.631+0000] {dagbag.py:350} ERROR - Failed to import: /opt/airflow/dags/load_raw_from_minio.py
Traceback (most recent call last):
  File "/home/airflow/.local/lib/python3.8/site-packages/airflow/models/dagbag.py", line 346, in parse
    loader.exec_module(new_module)
  File "<frozen importlib._bootstrap_external>", line 843, in exec_module
  File "<frozen importlib._bootstrap>", line 219, in _call_with_frames_removed
  File "/opt/airflow/dags/load_raw_from_minio.py", line 11, in <module>
    from utils.validation import Event
ModuleNotFoundError: No module named 'utils'
[2025-07-25T10:39:40.633+0000] {processor.py:842} WARNING - No viable dags retrieved from /opt/airflow/dags/load_raw_from_minio.py
[2025-07-25T10:39:40.655+0000] {processor.py:183} INFO - Processing /opt/airflow/dags/load_raw_from_minio.py took 0.039 seconds
[2025-07-25T10:42:08.206+0000] {processor.py:161} INFO - Started process (PID=99) to work on /opt/airflow/dags/load_raw_from_minio.py
[2025-07-25T10:42:08.209+0000] {processor.py:830} INFO - Processing file /opt/airflow/dags/load_raw_from_minio.py for tasks to queue
[2025-07-25T10:42:08.213+0000] {logging_mixin.py:188} INFO - [2025-07-25T10:42:08.213+0000] {dagbag.py:540} INFO - Filling up the DagBag from /opt/airflow/dags/load_raw_from_minio.py
[2025-07-25T10:42:08.652+0000] {logging_mixin.py:188} INFO - [2025-07-25T10:42:08.648+0000] {dagbag.py:350} ERROR - Failed to import: /opt/airflow/dags/load_raw_from_minio.py
Traceback (most recent call last):
  File "/home/airflow/.local/lib/python3.8/site-packages/airflow/models/dagbag.py", line 346, in parse
    loader.exec_module(new_module)
  File "<frozen importlib._bootstrap_external>", line 843, in exec_module
  File "<frozen importlib._bootstrap>", line 219, in _call_with_frames_removed
  File "/opt/airflow/dags/load_raw_from_minio.py", line 11, in <module>
    from utils.validation import Event
  File "/opt/airflow/utils/validation.py", line 14, in <module>
    class User(BaseModel):
  File "/home/airflow/.local/lib/python3.8/site-packages/pydantic/_internal/_model_construction.py", line 224, in __new__
    complete_model_class(
  File "/home/airflow/.local/lib/python3.8/site-packages/pydantic/_internal/_model_construction.py", line 602, in complete_model_class
    schema = cls.__get_pydantic_core_schema__(cls, handler)
  File "/home/airflow/.local/lib/python3.8/site-packages/pydantic/main.py", line 702, in __get_pydantic_core_schema__
    return handler(source)
  File "/home/airflow/.local/lib/python3.8/site-packages/pydantic/_internal/_schema_generation_shared.py", line 84, in __call__
    schema = self._handler(source_type)
  File "/home/airflow/.local/lib/python3.8/site-packages/pydantic/_internal/_generate_schema.py", line 610, in generate_schema
    schema = self._generate_schema_inner(obj)
  File "/home/airflow/.local/lib/python3.8/site-packages/pydantic/_internal/_generate_schema.py", line 879, in _generate_schema_inner
    return self._model_schema(obj)
  File "/home/airflow/.local/lib/python3.8/site-packages/pydantic/_internal/_generate_schema.py", line 691, in _model_schema
    {k: self._generate_md_field_schema(k, v, decorators) for k, v in fields.items()},
  File "/home/airflow/.local/lib/python3.8/site-packages/pydantic/_internal/_generate_schema.py", line 691, in <dictcomp>
    {k: self._generate_md_field_schema(k, v, decorators) for k, v in fields.items()},
  File "/home/airflow/.local/lib/python3.8/site-packages/pydantic/_internal/_generate_schema.py", line 1071, in _generate_md_field_schema
    common_field = self._common_field_schema(name, field_info, decorators)
  File "/home/airflow/.local/lib/python3.8/site-packages/pydantic/_internal/_generate_schema.py", line 1263, in _common_field_schema
    schema = self._apply_annotations(
  File "/home/airflow/.local/lib/python3.8/site-packages/pydantic/_internal/_generate_schema.py", line 2056, in _apply_annotations
    schema = get_inner_schema(source_type)
  File "/home/airflow/.local/lib/python3.8/site-packages/pydantic/_internal/_schema_generation_shared.py", line 84, in __call__
    schema = self._handler(source_type)
  File "/home/airflow/.local/lib/python3.8/site-packages/pydantic/_internal/_generate_schema.py", line 2035, in inner_handler
    from_property = self._generate_schema_from_property(obj, source_type)
  File "/home/airflow/.local/lib/python3.8/site-packages/pydantic/_internal/_generate_schema.py", line 759, in _generate_schema_from_property
    schema = get_schema(
  File "/home/airflow/.local/lib/python3.8/site-packages/pydantic/networks.py", line 965, in __get_pydantic_core_schema__
    import_email_validator()
  File "/home/airflow/.local/lib/python3.8/site-packages/pydantic/networks.py", line 929, in import_email_validator
    raise ImportError('email-validator version >= 2.0 required, run pip install -U email-validator')
ImportError: email-validator version >= 2.0 required, run pip install -U email-validator
[2025-07-25T10:42:08.653+0000] {processor.py:842} WARNING - No viable dags retrieved from /opt/airflow/dags/load_raw_from_minio.py
[2025-07-25T10:42:08.706+0000] {processor.py:183} INFO - Processing /opt/airflow/dags/load_raw_from_minio.py took 0.507 seconds
[2025-07-25T10:42:39.140+0000] {processor.py:161} INFO - Started process (PID=106) to work on /opt/airflow/dags/load_raw_from_minio.py
[2025-07-25T10:42:39.142+0000] {processor.py:830} INFO - Processing file /opt/airflow/dags/load_raw_from_minio.py for tasks to queue
[2025-07-25T10:42:39.147+0000] {logging_mixin.py:188} INFO - [2025-07-25T10:42:39.146+0000] {dagbag.py:540} INFO - Filling up the DagBag from /opt/airflow/dags/load_raw_from_minio.py
[2025-07-25T10:42:39.245+0000] {logging_mixin.py:188} INFO - [2025-07-25T10:42:39.240+0000] {dagbag.py:350} ERROR - Failed to import: /opt/airflow/dags/load_raw_from_minio.py
Traceback (most recent call last):
  File "/home/airflow/.local/lib/python3.8/site-packages/airflow/models/dagbag.py", line 346, in parse
    loader.exec_module(new_module)
  File "<frozen importlib._bootstrap_external>", line 843, in exec_module
  File "<frozen importlib._bootstrap>", line 219, in _call_with_frames_removed
  File "/opt/airflow/dags/load_raw_from_minio.py", line 11, in <module>
    from utils.validation import Event
  File "/opt/airflow/utils/validation.py", line 14, in <module>
    class User(BaseModel):
  File "/home/airflow/.local/lib/python3.8/site-packages/pydantic/_internal/_model_construction.py", line 224, in __new__
    complete_model_class(
  File "/home/airflow/.local/lib/python3.8/site-packages/pydantic/_internal/_model_construction.py", line 602, in complete_model_class
    schema = cls.__get_pydantic_core_schema__(cls, handler)
  File "/home/airflow/.local/lib/python3.8/site-packages/pydantic/main.py", line 702, in __get_pydantic_core_schema__
    return handler(source)
  File "/home/airflow/.local/lib/python3.8/site-packages/pydantic/_internal/_schema_generation_shared.py", line 84, in __call__
    schema = self._handler(source_type)
  File "/home/airflow/.local/lib/python3.8/site-packages/pydantic/_internal/_generate_schema.py", line 610, in generate_schema
    schema = self._generate_schema_inner(obj)
  File "/home/airflow/.local/lib/python3.8/site-packages/pydantic/_internal/_generate_schema.py", line 879, in _generate_schema_inner
    return self._model_schema(obj)
  File "/home/airflow/.local/lib/python3.8/site-packages/pydantic/_internal/_generate_schema.py", line 691, in _model_schema
    {k: self._generate_md_field_schema(k, v, decorators) for k, v in fields.items()},
  File "/home/airflow/.local/lib/python3.8/site-packages/pydantic/_internal/_generate_schema.py", line 691, in <dictcomp>
    {k: self._generate_md_field_schema(k, v, decorators) for k, v in fields.items()},
  File "/home/airflow/.local/lib/python3.8/site-packages/pydantic/_internal/_generate_schema.py", line 1071, in _generate_md_field_schema
    common_field = self._common_field_schema(name, field_info, decorators)
  File "/home/airflow/.local/lib/python3.8/site-packages/pydantic/_internal/_generate_schema.py", line 1263, in _common_field_schema
    schema = self._apply_annotations(
  File "/home/airflow/.local/lib/python3.8/site-packages/pydantic/_internal/_generate_schema.py", line 2056, in _apply_annotations
    schema = get_inner_schema(source_type)
  File "/home/airflow/.local/lib/python3.8/site-packages/pydantic/_internal/_schema_generation_shared.py", line 84, in __call__
    schema = self._handler(source_type)
  File "/home/airflow/.local/lib/python3.8/site-packages/pydantic/_internal/_generate_schema.py", line 2035, in inner_handler
    from_property = self._generate_schema_from_property(obj, source_type)
  File "/home/airflow/.local/lib/python3.8/site-packages/pydantic/_internal/_generate_schema.py", line 759, in _generate_schema_from_property
    schema = get_schema(
  File "/home/airflow/.local/lib/python3.8/site-packages/pydantic/networks.py", line 965, in __get_pydantic_core_schema__
    import_email_validator()
  File "/home/airflow/.local/lib/python3.8/site-packages/pydantic/networks.py", line 929, in import_email_validator
    raise ImportError('email-validator version >= 2.0 required, run pip install -U email-validator')
ImportError: email-validator version >= 2.0 required, run pip install -U email-validator
[2025-07-25T10:42:39.246+0000] {processor.py:842} WARNING - No viable dags retrieved from /opt/airflow/dags/load_raw_from_minio.py
[2025-07-25T10:42:39.276+0000] {processor.py:183} INFO - Processing /opt/airflow/dags/load_raw_from_minio.py took 0.142 seconds
[2025-07-25T10:43:09.422+0000] {processor.py:161} INFO - Started process (PID=113) to work on /opt/airflow/dags/load_raw_from_minio.py
[2025-07-25T10:43:09.423+0000] {processor.py:830} INFO - Processing file /opt/airflow/dags/load_raw_from_minio.py for tasks to queue
[2025-07-25T10:43:09.426+0000] {logging_mixin.py:188} INFO - [2025-07-25T10:43:09.425+0000] {dagbag.py:540} INFO - Filling up the DagBag from /opt/airflow/dags/load_raw_from_minio.py
[2025-07-25T10:43:09.488+0000] {logging_mixin.py:188} INFO - [2025-07-25T10:43:09.485+0000] {dagbag.py:350} ERROR - Failed to import: /opt/airflow/dags/load_raw_from_minio.py
Traceback (most recent call last):
  File "/home/airflow/.local/lib/python3.8/site-packages/airflow/models/dagbag.py", line 346, in parse
    loader.exec_module(new_module)
  File "<frozen importlib._bootstrap_external>", line 843, in exec_module
  File "<frozen importlib._bootstrap>", line 219, in _call_with_frames_removed
  File "/opt/airflow/dags/load_raw_from_minio.py", line 11, in <module>
    from utils.validation import Event
  File "/opt/airflow/utils/validation.py", line 14, in <module>
    class User(BaseModel):
  File "/home/airflow/.local/lib/python3.8/site-packages/pydantic/_internal/_model_construction.py", line 224, in __new__
    complete_model_class(
  File "/home/airflow/.local/lib/python3.8/site-packages/pydantic/_internal/_model_construction.py", line 602, in complete_model_class
    schema = cls.__get_pydantic_core_schema__(cls, handler)
  File "/home/airflow/.local/lib/python3.8/site-packages/pydantic/main.py", line 702, in __get_pydantic_core_schema__
    return handler(source)
  File "/home/airflow/.local/lib/python3.8/site-packages/pydantic/_internal/_schema_generation_shared.py", line 84, in __call__
    schema = self._handler(source_type)
  File "/home/airflow/.local/lib/python3.8/site-packages/pydantic/_internal/_generate_schema.py", line 610, in generate_schema
    schema = self._generate_schema_inner(obj)
  File "/home/airflow/.local/lib/python3.8/site-packages/pydantic/_internal/_generate_schema.py", line 879, in _generate_schema_inner
    return self._model_schema(obj)
  File "/home/airflow/.local/lib/python3.8/site-packages/pydantic/_internal/_generate_schema.py", line 691, in _model_schema
    {k: self._generate_md_field_schema(k, v, decorators) for k, v in fields.items()},
  File "/home/airflow/.local/lib/python3.8/site-packages/pydantic/_internal/_generate_schema.py", line 691, in <dictcomp>
    {k: self._generate_md_field_schema(k, v, decorators) for k, v in fields.items()},
  File "/home/airflow/.local/lib/python3.8/site-packages/pydantic/_internal/_generate_schema.py", line 1071, in _generate_md_field_schema
    common_field = self._common_field_schema(name, field_info, decorators)
  File "/home/airflow/.local/lib/python3.8/site-packages/pydantic/_internal/_generate_schema.py", line 1263, in _common_field_schema
    schema = self._apply_annotations(
  File "/home/airflow/.local/lib/python3.8/site-packages/pydantic/_internal/_generate_schema.py", line 2056, in _apply_annotations
    schema = get_inner_schema(source_type)
  File "/home/airflow/.local/lib/python3.8/site-packages/pydantic/_internal/_schema_generation_shared.py", line 84, in __call__
    schema = self._handler(source_type)
  File "/home/airflow/.local/lib/python3.8/site-packages/pydantic/_internal/_generate_schema.py", line 2035, in inner_handler
    from_property = self._generate_schema_from_property(obj, source_type)
  File "/home/airflow/.local/lib/python3.8/site-packages/pydantic/_internal/_generate_schema.py", line 759, in _generate_schema_from_property
    schema = get_schema(
  File "/home/airflow/.local/lib/python3.8/site-packages/pydantic/networks.py", line 965, in __get_pydantic_core_schema__
    import_email_validator()
  File "/home/airflow/.local/lib/python3.8/site-packages/pydantic/networks.py", line 929, in import_email_validator
    raise ImportError('email-validator version >= 2.0 required, run pip install -U email-validator')
ImportError: email-validator version >= 2.0 required, run pip install -U email-validator
[2025-07-25T10:43:09.489+0000] {processor.py:842} WARNING - No viable dags retrieved from /opt/airflow/dags/load_raw_from_minio.py
[2025-07-25T10:43:09.507+0000] {processor.py:183} INFO - Processing /opt/airflow/dags/load_raw_from_minio.py took 0.089 seconds
[2025-07-25T10:43:39.625+0000] {processor.py:161} INFO - Started process (PID=120) to work on /opt/airflow/dags/load_raw_from_minio.py
[2025-07-25T10:43:39.627+0000] {processor.py:830} INFO - Processing file /opt/airflow/dags/load_raw_from_minio.py for tasks to queue
[2025-07-25T10:43:39.630+0000] {logging_mixin.py:188} INFO - [2025-07-25T10:43:39.629+0000] {dagbag.py:540} INFO - Filling up the DagBag from /opt/airflow/dags/load_raw_from_minio.py
[2025-07-25T10:43:39.697+0000] {logging_mixin.py:188} INFO - [2025-07-25T10:43:39.694+0000] {dagbag.py:350} ERROR - Failed to import: /opt/airflow/dags/load_raw_from_minio.py
Traceback (most recent call last):
  File "/home/airflow/.local/lib/python3.8/site-packages/airflow/models/dagbag.py", line 346, in parse
    loader.exec_module(new_module)
  File "<frozen importlib._bootstrap_external>", line 843, in exec_module
  File "<frozen importlib._bootstrap>", line 219, in _call_with_frames_removed
  File "/opt/airflow/dags/load_raw_from_minio.py", line 11, in <module>
    from utils.validation import Event
  File "/opt/airflow/utils/validation.py", line 14, in <module>
    class User(BaseModel):
  File "/home/airflow/.local/lib/python3.8/site-packages/pydantic/_internal/_model_construction.py", line 224, in __new__
    complete_model_class(
  File "/home/airflow/.local/lib/python3.8/site-packages/pydantic/_internal/_model_construction.py", line 602, in complete_model_class
    schema = cls.__get_pydantic_core_schema__(cls, handler)
  File "/home/airflow/.local/lib/python3.8/site-packages/pydantic/main.py", line 702, in __get_pydantic_core_schema__
    return handler(source)
  File "/home/airflow/.local/lib/python3.8/site-packages/pydantic/_internal/_schema_generation_shared.py", line 84, in __call__
    schema = self._handler(source_type)
  File "/home/airflow/.local/lib/python3.8/site-packages/pydantic/_internal/_generate_schema.py", line 610, in generate_schema
    schema = self._generate_schema_inner(obj)
  File "/home/airflow/.local/lib/python3.8/site-packages/pydantic/_internal/_generate_schema.py", line 879, in _generate_schema_inner
    return self._model_schema(obj)
  File "/home/airflow/.local/lib/python3.8/site-packages/pydantic/_internal/_generate_schema.py", line 691, in _model_schema
    {k: self._generate_md_field_schema(k, v, decorators) for k, v in fields.items()},
  File "/home/airflow/.local/lib/python3.8/site-packages/pydantic/_internal/_generate_schema.py", line 691, in <dictcomp>
    {k: self._generate_md_field_schema(k, v, decorators) for k, v in fields.items()},
  File "/home/airflow/.local/lib/python3.8/site-packages/pydantic/_internal/_generate_schema.py", line 1071, in _generate_md_field_schema
    common_field = self._common_field_schema(name, field_info, decorators)
  File "/home/airflow/.local/lib/python3.8/site-packages/pydantic/_internal/_generate_schema.py", line 1263, in _common_field_schema
    schema = self._apply_annotations(
  File "/home/airflow/.local/lib/python3.8/site-packages/pydantic/_internal/_generate_schema.py", line 2056, in _apply_annotations
    schema = get_inner_schema(source_type)
  File "/home/airflow/.local/lib/python3.8/site-packages/pydantic/_internal/_schema_generation_shared.py", line 84, in __call__
    schema = self._handler(source_type)
  File "/home/airflow/.local/lib/python3.8/site-packages/pydantic/_internal/_generate_schema.py", line 2035, in inner_handler
    from_property = self._generate_schema_from_property(obj, source_type)
  File "/home/airflow/.local/lib/python3.8/site-packages/pydantic/_internal/_generate_schema.py", line 759, in _generate_schema_from_property
    schema = get_schema(
  File "/home/airflow/.local/lib/python3.8/site-packages/pydantic/networks.py", line 965, in __get_pydantic_core_schema__
    import_email_validator()
  File "/home/airflow/.local/lib/python3.8/site-packages/pydantic/networks.py", line 929, in import_email_validator
    raise ImportError('email-validator version >= 2.0 required, run pip install -U email-validator')
ImportError: email-validator version >= 2.0 required, run pip install -U email-validator
[2025-07-25T10:43:39.698+0000] {processor.py:842} WARNING - No viable dags retrieved from /opt/airflow/dags/load_raw_from_minio.py
[2025-07-25T10:43:39.718+0000] {processor.py:183} INFO - Processing /opt/airflow/dags/load_raw_from_minio.py took 0.098 seconds
[2025-07-25T10:44:09.897+0000] {processor.py:161} INFO - Started process (PID=127) to work on /opt/airflow/dags/load_raw_from_minio.py
[2025-07-25T10:44:09.898+0000] {processor.py:830} INFO - Processing file /opt/airflow/dags/load_raw_from_minio.py for tasks to queue
[2025-07-25T10:44:09.902+0000] {logging_mixin.py:188} INFO - [2025-07-25T10:44:09.902+0000] {dagbag.py:540} INFO - Filling up the DagBag from /opt/airflow/dags/load_raw_from_minio.py
[2025-07-25T10:44:10.058+0000] {logging_mixin.py:188} INFO - [2025-07-25T10:44:10.054+0000] {dagbag.py:350} ERROR - Failed to import: /opt/airflow/dags/load_raw_from_minio.py
Traceback (most recent call last):
  File "/home/airflow/.local/lib/python3.8/site-packages/airflow/models/dagbag.py", line 346, in parse
    loader.exec_module(new_module)
  File "<frozen importlib._bootstrap_external>", line 843, in exec_module
  File "<frozen importlib._bootstrap>", line 219, in _call_with_frames_removed
  File "/opt/airflow/dags/load_raw_from_minio.py", line 11, in <module>
    from utils.validation import Event
  File "/opt/airflow/utils/validation.py", line 14, in <module>
    class User(BaseModel):
  File "/home/airflow/.local/lib/python3.8/site-packages/pydantic/_internal/_model_construction.py", line 224, in __new__
    complete_model_class(
  File "/home/airflow/.local/lib/python3.8/site-packages/pydantic/_internal/_model_construction.py", line 602, in complete_model_class
    schema = cls.__get_pydantic_core_schema__(cls, handler)
  File "/home/airflow/.local/lib/python3.8/site-packages/pydantic/main.py", line 702, in __get_pydantic_core_schema__
    return handler(source)
  File "/home/airflow/.local/lib/python3.8/site-packages/pydantic/_internal/_schema_generation_shared.py", line 84, in __call__
    schema = self._handler(source_type)
  File "/home/airflow/.local/lib/python3.8/site-packages/pydantic/_internal/_generate_schema.py", line 610, in generate_schema
    schema = self._generate_schema_inner(obj)
  File "/home/airflow/.local/lib/python3.8/site-packages/pydantic/_internal/_generate_schema.py", line 879, in _generate_schema_inner
    return self._model_schema(obj)
  File "/home/airflow/.local/lib/python3.8/site-packages/pydantic/_internal/_generate_schema.py", line 691, in _model_schema
    {k: self._generate_md_field_schema(k, v, decorators) for k, v in fields.items()},
  File "/home/airflow/.local/lib/python3.8/site-packages/pydantic/_internal/_generate_schema.py", line 691, in <dictcomp>
    {k: self._generate_md_field_schema(k, v, decorators) for k, v in fields.items()},
  File "/home/airflow/.local/lib/python3.8/site-packages/pydantic/_internal/_generate_schema.py", line 1071, in _generate_md_field_schema
    common_field = self._common_field_schema(name, field_info, decorators)
  File "/home/airflow/.local/lib/python3.8/site-packages/pydantic/_internal/_generate_schema.py", line 1263, in _common_field_schema
    schema = self._apply_annotations(
  File "/home/airflow/.local/lib/python3.8/site-packages/pydantic/_internal/_generate_schema.py", line 2056, in _apply_annotations
    schema = get_inner_schema(source_type)
  File "/home/airflow/.local/lib/python3.8/site-packages/pydantic/_internal/_schema_generation_shared.py", line 84, in __call__
    schema = self._handler(source_type)
  File "/home/airflow/.local/lib/python3.8/site-packages/pydantic/_internal/_generate_schema.py", line 2035, in inner_handler
    from_property = self._generate_schema_from_property(obj, source_type)
  File "/home/airflow/.local/lib/python3.8/site-packages/pydantic/_internal/_generate_schema.py", line 759, in _generate_schema_from_property
    schema = get_schema(
  File "/home/airflow/.local/lib/python3.8/site-packages/pydantic/networks.py", line 965, in __get_pydantic_core_schema__
    import_email_validator()
  File "/home/airflow/.local/lib/python3.8/site-packages/pydantic/networks.py", line 929, in import_email_validator
    raise ImportError('email-validator version >= 2.0 required, run pip install -U email-validator')
ImportError: email-validator version >= 2.0 required, run pip install -U email-validator
[2025-07-25T10:44:10.059+0000] {processor.py:842} WARNING - No viable dags retrieved from /opt/airflow/dags/load_raw_from_minio.py
[2025-07-25T10:44:10.087+0000] {processor.py:183} INFO - Processing /opt/airflow/dags/load_raw_from_minio.py took 0.195 seconds
[2025-07-25T10:44:40.129+0000] {processor.py:161} INFO - Started process (PID=134) to work on /opt/airflow/dags/load_raw_from_minio.py
[2025-07-25T10:44:40.130+0000] {processor.py:830} INFO - Processing file /opt/airflow/dags/load_raw_from_minio.py for tasks to queue
[2025-07-25T10:44:40.134+0000] {logging_mixin.py:188} INFO - [2025-07-25T10:44:40.133+0000] {dagbag.py:540} INFO - Filling up the DagBag from /opt/airflow/dags/load_raw_from_minio.py
[2025-07-25T10:44:40.207+0000] {logging_mixin.py:188} INFO - [2025-07-25T10:44:40.202+0000] {dagbag.py:350} ERROR - Failed to import: /opt/airflow/dags/load_raw_from_minio.py
Traceback (most recent call last):
  File "/home/airflow/.local/lib/python3.8/site-packages/airflow/models/dagbag.py", line 346, in parse
    loader.exec_module(new_module)
  File "<frozen importlib._bootstrap_external>", line 843, in exec_module
  File "<frozen importlib._bootstrap>", line 219, in _call_with_frames_removed
  File "/opt/airflow/dags/load_raw_from_minio.py", line 11, in <module>
    from utils.validation import Event
  File "/opt/airflow/utils/validation.py", line 14, in <module>
    class User(BaseModel):
  File "/home/airflow/.local/lib/python3.8/site-packages/pydantic/_internal/_model_construction.py", line 224, in __new__
    complete_model_class(
  File "/home/airflow/.local/lib/python3.8/site-packages/pydantic/_internal/_model_construction.py", line 602, in complete_model_class
    schema = cls.__get_pydantic_core_schema__(cls, handler)
  File "/home/airflow/.local/lib/python3.8/site-packages/pydantic/main.py", line 702, in __get_pydantic_core_schema__
    return handler(source)
  File "/home/airflow/.local/lib/python3.8/site-packages/pydantic/_internal/_schema_generation_shared.py", line 84, in __call__
    schema = self._handler(source_type)
  File "/home/airflow/.local/lib/python3.8/site-packages/pydantic/_internal/_generate_schema.py", line 610, in generate_schema
    schema = self._generate_schema_inner(obj)
  File "/home/airflow/.local/lib/python3.8/site-packages/pydantic/_internal/_generate_schema.py", line 879, in _generate_schema_inner
    return self._model_schema(obj)
  File "/home/airflow/.local/lib/python3.8/site-packages/pydantic/_internal/_generate_schema.py", line 691, in _model_schema
    {k: self._generate_md_field_schema(k, v, decorators) for k, v in fields.items()},
  File "/home/airflow/.local/lib/python3.8/site-packages/pydantic/_internal/_generate_schema.py", line 691, in <dictcomp>
    {k: self._generate_md_field_schema(k, v, decorators) for k, v in fields.items()},
  File "/home/airflow/.local/lib/python3.8/site-packages/pydantic/_internal/_generate_schema.py", line 1071, in _generate_md_field_schema
    common_field = self._common_field_schema(name, field_info, decorators)
  File "/home/airflow/.local/lib/python3.8/site-packages/pydantic/_internal/_generate_schema.py", line 1263, in _common_field_schema
    schema = self._apply_annotations(
  File "/home/airflow/.local/lib/python3.8/site-packages/pydantic/_internal/_generate_schema.py", line 2056, in _apply_annotations
    schema = get_inner_schema(source_type)
  File "/home/airflow/.local/lib/python3.8/site-packages/pydantic/_internal/_schema_generation_shared.py", line 84, in __call__
    schema = self._handler(source_type)
  File "/home/airflow/.local/lib/python3.8/site-packages/pydantic/_internal/_generate_schema.py", line 2035, in inner_handler
    from_property = self._generate_schema_from_property(obj, source_type)
  File "/home/airflow/.local/lib/python3.8/site-packages/pydantic/_internal/_generate_schema.py", line 759, in _generate_schema_from_property
    schema = get_schema(
  File "/home/airflow/.local/lib/python3.8/site-packages/pydantic/networks.py", line 965, in __get_pydantic_core_schema__
    import_email_validator()
  File "/home/airflow/.local/lib/python3.8/site-packages/pydantic/networks.py", line 929, in import_email_validator
    raise ImportError('email-validator version >= 2.0 required, run pip install -U email-validator')
ImportError: email-validator version >= 2.0 required, run pip install -U email-validator
[2025-07-25T10:44:40.208+0000] {processor.py:842} WARNING - No viable dags retrieved from /opt/airflow/dags/load_raw_from_minio.py
[2025-07-25T10:44:40.229+0000] {processor.py:183} INFO - Processing /opt/airflow/dags/load_raw_from_minio.py took 0.105 seconds
[2025-07-25T10:45:10.282+0000] {processor.py:161} INFO - Started process (PID=141) to work on /opt/airflow/dags/load_raw_from_minio.py
[2025-07-25T10:45:10.283+0000] {processor.py:830} INFO - Processing file /opt/airflow/dags/load_raw_from_minio.py for tasks to queue
[2025-07-25T10:45:10.285+0000] {logging_mixin.py:188} INFO - [2025-07-25T10:45:10.285+0000] {dagbag.py:540} INFO - Filling up the DagBag from /opt/airflow/dags/load_raw_from_minio.py
[2025-07-25T10:45:10.361+0000] {logging_mixin.py:188} INFO - [2025-07-25T10:45:10.356+0000] {dagbag.py:350} ERROR - Failed to import: /opt/airflow/dags/load_raw_from_minio.py
Traceback (most recent call last):
  File "/home/airflow/.local/lib/python3.8/site-packages/airflow/models/dagbag.py", line 346, in parse
    loader.exec_module(new_module)
  File "<frozen importlib._bootstrap_external>", line 843, in exec_module
  File "<frozen importlib._bootstrap>", line 219, in _call_with_frames_removed
  File "/opt/airflow/dags/load_raw_from_minio.py", line 11, in <module>
    from utils.validation import Event
  File "/opt/airflow/utils/validation.py", line 14, in <module>
    class User(BaseModel):
  File "/home/airflow/.local/lib/python3.8/site-packages/pydantic/_internal/_model_construction.py", line 224, in __new__
    complete_model_class(
  File "/home/airflow/.local/lib/python3.8/site-packages/pydantic/_internal/_model_construction.py", line 602, in complete_model_class
    schema = cls.__get_pydantic_core_schema__(cls, handler)
  File "/home/airflow/.local/lib/python3.8/site-packages/pydantic/main.py", line 702, in __get_pydantic_core_schema__
    return handler(source)
  File "/home/airflow/.local/lib/python3.8/site-packages/pydantic/_internal/_schema_generation_shared.py", line 84, in __call__
    schema = self._handler(source_type)
  File "/home/airflow/.local/lib/python3.8/site-packages/pydantic/_internal/_generate_schema.py", line 610, in generate_schema
    schema = self._generate_schema_inner(obj)
  File "/home/airflow/.local/lib/python3.8/site-packages/pydantic/_internal/_generate_schema.py", line 879, in _generate_schema_inner
    return self._model_schema(obj)
  File "/home/airflow/.local/lib/python3.8/site-packages/pydantic/_internal/_generate_schema.py", line 691, in _model_schema
    {k: self._generate_md_field_schema(k, v, decorators) for k, v in fields.items()},
  File "/home/airflow/.local/lib/python3.8/site-packages/pydantic/_internal/_generate_schema.py", line 691, in <dictcomp>
    {k: self._generate_md_field_schema(k, v, decorators) for k, v in fields.items()},
  File "/home/airflow/.local/lib/python3.8/site-packages/pydantic/_internal/_generate_schema.py", line 1071, in _generate_md_field_schema
    common_field = self._common_field_schema(name, field_info, decorators)
  File "/home/airflow/.local/lib/python3.8/site-packages/pydantic/_internal/_generate_schema.py", line 1263, in _common_field_schema
    schema = self._apply_annotations(
  File "/home/airflow/.local/lib/python3.8/site-packages/pydantic/_internal/_generate_schema.py", line 2056, in _apply_annotations
    schema = get_inner_schema(source_type)
  File "/home/airflow/.local/lib/python3.8/site-packages/pydantic/_internal/_schema_generation_shared.py", line 84, in __call__
    schema = self._handler(source_type)
  File "/home/airflow/.local/lib/python3.8/site-packages/pydantic/_internal/_generate_schema.py", line 2035, in inner_handler
    from_property = self._generate_schema_from_property(obj, source_type)
  File "/home/airflow/.local/lib/python3.8/site-packages/pydantic/_internal/_generate_schema.py", line 759, in _generate_schema_from_property
    schema = get_schema(
  File "/home/airflow/.local/lib/python3.8/site-packages/pydantic/networks.py", line 965, in __get_pydantic_core_schema__
    import_email_validator()
  File "/home/airflow/.local/lib/python3.8/site-packages/pydantic/networks.py", line 929, in import_email_validator
    raise ImportError('email-validator version >= 2.0 required, run pip install -U email-validator')
ImportError: email-validator version >= 2.0 required, run pip install -U email-validator
[2025-07-25T10:45:10.362+0000] {processor.py:842} WARNING - No viable dags retrieved from /opt/airflow/dags/load_raw_from_minio.py
[2025-07-25T10:45:10.401+0000] {processor.py:183} INFO - Processing /opt/airflow/dags/load_raw_from_minio.py took 0.124 seconds
[2025-07-25T10:45:40.666+0000] {processor.py:161} INFO - Started process (PID=149) to work on /opt/airflow/dags/load_raw_from_minio.py
[2025-07-25T10:45:40.667+0000] {processor.py:830} INFO - Processing file /opt/airflow/dags/load_raw_from_minio.py for tasks to queue
[2025-07-25T10:45:40.670+0000] {logging_mixin.py:188} INFO - [2025-07-25T10:45:40.669+0000] {dagbag.py:540} INFO - Filling up the DagBag from /opt/airflow/dags/load_raw_from_minio.py
[2025-07-25T10:45:40.743+0000] {logging_mixin.py:188} INFO - [2025-07-25T10:45:40.740+0000] {dagbag.py:350} ERROR - Failed to import: /opt/airflow/dags/load_raw_from_minio.py
Traceback (most recent call last):
  File "/home/airflow/.local/lib/python3.8/site-packages/airflow/models/dagbag.py", line 346, in parse
    loader.exec_module(new_module)
  File "<frozen importlib._bootstrap_external>", line 843, in exec_module
  File "<frozen importlib._bootstrap>", line 219, in _call_with_frames_removed
  File "/opt/airflow/dags/load_raw_from_minio.py", line 11, in <module>
    from utils.validation import Event
  File "/opt/airflow/utils/validation.py", line 14, in <module>
    class User(BaseModel):
  File "/home/airflow/.local/lib/python3.8/site-packages/pydantic/_internal/_model_construction.py", line 224, in __new__
    complete_model_class(
  File "/home/airflow/.local/lib/python3.8/site-packages/pydantic/_internal/_model_construction.py", line 602, in complete_model_class
    schema = cls.__get_pydantic_core_schema__(cls, handler)
  File "/home/airflow/.local/lib/python3.8/site-packages/pydantic/main.py", line 702, in __get_pydantic_core_schema__
    return handler(source)
  File "/home/airflow/.local/lib/python3.8/site-packages/pydantic/_internal/_schema_generation_shared.py", line 84, in __call__
    schema = self._handler(source_type)
  File "/home/airflow/.local/lib/python3.8/site-packages/pydantic/_internal/_generate_schema.py", line 610, in generate_schema
    schema = self._generate_schema_inner(obj)
  File "/home/airflow/.local/lib/python3.8/site-packages/pydantic/_internal/_generate_schema.py", line 879, in _generate_schema_inner
    return self._model_schema(obj)
  File "/home/airflow/.local/lib/python3.8/site-packages/pydantic/_internal/_generate_schema.py", line 691, in _model_schema
    {k: self._generate_md_field_schema(k, v, decorators) for k, v in fields.items()},
  File "/home/airflow/.local/lib/python3.8/site-packages/pydantic/_internal/_generate_schema.py", line 691, in <dictcomp>
    {k: self._generate_md_field_schema(k, v, decorators) for k, v in fields.items()},
  File "/home/airflow/.local/lib/python3.8/site-packages/pydantic/_internal/_generate_schema.py", line 1071, in _generate_md_field_schema
    common_field = self._common_field_schema(name, field_info, decorators)
  File "/home/airflow/.local/lib/python3.8/site-packages/pydantic/_internal/_generate_schema.py", line 1263, in _common_field_schema
    schema = self._apply_annotations(
  File "/home/airflow/.local/lib/python3.8/site-packages/pydantic/_internal/_generate_schema.py", line 2056, in _apply_annotations
    schema = get_inner_schema(source_type)
  File "/home/airflow/.local/lib/python3.8/site-packages/pydantic/_internal/_schema_generation_shared.py", line 84, in __call__
    schema = self._handler(source_type)
  File "/home/airflow/.local/lib/python3.8/site-packages/pydantic/_internal/_generate_schema.py", line 2035, in inner_handler
    from_property = self._generate_schema_from_property(obj, source_type)
  File "/home/airflow/.local/lib/python3.8/site-packages/pydantic/_internal/_generate_schema.py", line 759, in _generate_schema_from_property
    schema = get_schema(
  File "/home/airflow/.local/lib/python3.8/site-packages/pydantic/networks.py", line 965, in __get_pydantic_core_schema__
    import_email_validator()
  File "/home/airflow/.local/lib/python3.8/site-packages/pydantic/networks.py", line 929, in import_email_validator
    raise ImportError('email-validator version >= 2.0 required, run pip install -U email-validator')
ImportError: email-validator version >= 2.0 required, run pip install -U email-validator
[2025-07-25T10:45:40.744+0000] {processor.py:842} WARNING - No viable dags retrieved from /opt/airflow/dags/load_raw_from_minio.py
[2025-07-25T10:45:40.771+0000] {processor.py:183} INFO - Processing /opt/airflow/dags/load_raw_from_minio.py took 0.109 seconds
[2025-07-25T10:46:10.832+0000] {processor.py:161} INFO - Started process (PID=156) to work on /opt/airflow/dags/load_raw_from_minio.py
[2025-07-25T10:46:10.833+0000] {processor.py:830} INFO - Processing file /opt/airflow/dags/load_raw_from_minio.py for tasks to queue
[2025-07-25T10:46:10.835+0000] {logging_mixin.py:188} INFO - [2025-07-25T10:46:10.835+0000] {dagbag.py:540} INFO - Filling up the DagBag from /opt/airflow/dags/load_raw_from_minio.py
[2025-07-25T10:46:10.900+0000] {logging_mixin.py:188} INFO - [2025-07-25T10:46:10.893+0000] {dagbag.py:350} ERROR - Failed to import: /opt/airflow/dags/load_raw_from_minio.py
Traceback (most recent call last):
  File "/home/airflow/.local/lib/python3.8/site-packages/airflow/models/dagbag.py", line 346, in parse
    loader.exec_module(new_module)
  File "<frozen importlib._bootstrap_external>", line 843, in exec_module
  File "<frozen importlib._bootstrap>", line 219, in _call_with_frames_removed
  File "/opt/airflow/dags/load_raw_from_minio.py", line 11, in <module>
    from utils.validation import Event
  File "/opt/airflow/utils/validation.py", line 14, in <module>
    class User(BaseModel):
  File "/home/airflow/.local/lib/python3.8/site-packages/pydantic/_internal/_model_construction.py", line 224, in __new__
    complete_model_class(
  File "/home/airflow/.local/lib/python3.8/site-packages/pydantic/_internal/_model_construction.py", line 602, in complete_model_class
    schema = cls.__get_pydantic_core_schema__(cls, handler)
  File "/home/airflow/.local/lib/python3.8/site-packages/pydantic/main.py", line 702, in __get_pydantic_core_schema__
    return handler(source)
  File "/home/airflow/.local/lib/python3.8/site-packages/pydantic/_internal/_schema_generation_shared.py", line 84, in __call__
    schema = self._handler(source_type)
  File "/home/airflow/.local/lib/python3.8/site-packages/pydantic/_internal/_generate_schema.py", line 610, in generate_schema
    schema = self._generate_schema_inner(obj)
  File "/home/airflow/.local/lib/python3.8/site-packages/pydantic/_internal/_generate_schema.py", line 879, in _generate_schema_inner
    return self._model_schema(obj)
  File "/home/airflow/.local/lib/python3.8/site-packages/pydantic/_internal/_generate_schema.py", line 691, in _model_schema
    {k: self._generate_md_field_schema(k, v, decorators) for k, v in fields.items()},
  File "/home/airflow/.local/lib/python3.8/site-packages/pydantic/_internal/_generate_schema.py", line 691, in <dictcomp>
    {k: self._generate_md_field_schema(k, v, decorators) for k, v in fields.items()},
  File "/home/airflow/.local/lib/python3.8/site-packages/pydantic/_internal/_generate_schema.py", line 1071, in _generate_md_field_schema
    common_field = self._common_field_schema(name, field_info, decorators)
  File "/home/airflow/.local/lib/python3.8/site-packages/pydantic/_internal/_generate_schema.py", line 1263, in _common_field_schema
    schema = self._apply_annotations(
  File "/home/airflow/.local/lib/python3.8/site-packages/pydantic/_internal/_generate_schema.py", line 2056, in _apply_annotations
    schema = get_inner_schema(source_type)
  File "/home/airflow/.local/lib/python3.8/site-packages/pydantic/_internal/_schema_generation_shared.py", line 84, in __call__
    schema = self._handler(source_type)
  File "/home/airflow/.local/lib/python3.8/site-packages/pydantic/_internal/_generate_schema.py", line 2035, in inner_handler
    from_property = self._generate_schema_from_property(obj, source_type)
  File "/home/airflow/.local/lib/python3.8/site-packages/pydantic/_internal/_generate_schema.py", line 759, in _generate_schema_from_property
    schema = get_schema(
  File "/home/airflow/.local/lib/python3.8/site-packages/pydantic/networks.py", line 965, in __get_pydantic_core_schema__
    import_email_validator()
  File "/home/airflow/.local/lib/python3.8/site-packages/pydantic/networks.py", line 929, in import_email_validator
    raise ImportError('email-validator version >= 2.0 required, run pip install -U email-validator')
ImportError: email-validator version >= 2.0 required, run pip install -U email-validator
[2025-07-25T10:46:10.902+0000] {processor.py:842} WARNING - No viable dags retrieved from /opt/airflow/dags/load_raw_from_minio.py
[2025-07-25T10:46:10.925+0000] {processor.py:183} INFO - Processing /opt/airflow/dags/load_raw_from_minio.py took 0.096 seconds
[2025-07-25T10:46:41.092+0000] {processor.py:161} INFO - Started process (PID=163) to work on /opt/airflow/dags/load_raw_from_minio.py
[2025-07-25T10:46:41.093+0000] {processor.py:830} INFO - Processing file /opt/airflow/dags/load_raw_from_minio.py for tasks to queue
[2025-07-25T10:46:41.096+0000] {logging_mixin.py:188} INFO - [2025-07-25T10:46:41.095+0000] {dagbag.py:540} INFO - Filling up the DagBag from /opt/airflow/dags/load_raw_from_minio.py
[2025-07-25T10:46:41.161+0000] {logging_mixin.py:188} INFO - [2025-07-25T10:46:41.158+0000] {dagbag.py:350} ERROR - Failed to import: /opt/airflow/dags/load_raw_from_minio.py
Traceback (most recent call last):
  File "/home/airflow/.local/lib/python3.8/site-packages/airflow/models/dagbag.py", line 346, in parse
    loader.exec_module(new_module)
  File "<frozen importlib._bootstrap_external>", line 843, in exec_module
  File "<frozen importlib._bootstrap>", line 219, in _call_with_frames_removed
  File "/opt/airflow/dags/load_raw_from_minio.py", line 11, in <module>
    from utils.validation import Event
  File "/opt/airflow/utils/validation.py", line 14, in <module>
    class User(BaseModel):
  File "/home/airflow/.local/lib/python3.8/site-packages/pydantic/_internal/_model_construction.py", line 224, in __new__
    complete_model_class(
  File "/home/airflow/.local/lib/python3.8/site-packages/pydantic/_internal/_model_construction.py", line 602, in complete_model_class
    schema = cls.__get_pydantic_core_schema__(cls, handler)
  File "/home/airflow/.local/lib/python3.8/site-packages/pydantic/main.py", line 702, in __get_pydantic_core_schema__
    return handler(source)
  File "/home/airflow/.local/lib/python3.8/site-packages/pydantic/_internal/_schema_generation_shared.py", line 84, in __call__
    schema = self._handler(source_type)
  File "/home/airflow/.local/lib/python3.8/site-packages/pydantic/_internal/_generate_schema.py", line 610, in generate_schema
    schema = self._generate_schema_inner(obj)
  File "/home/airflow/.local/lib/python3.8/site-packages/pydantic/_internal/_generate_schema.py", line 879, in _generate_schema_inner
    return self._model_schema(obj)
  File "/home/airflow/.local/lib/python3.8/site-packages/pydantic/_internal/_generate_schema.py", line 691, in _model_schema
    {k: self._generate_md_field_schema(k, v, decorators) for k, v in fields.items()},
  File "/home/airflow/.local/lib/python3.8/site-packages/pydantic/_internal/_generate_schema.py", line 691, in <dictcomp>
    {k: self._generate_md_field_schema(k, v, decorators) for k, v in fields.items()},
  File "/home/airflow/.local/lib/python3.8/site-packages/pydantic/_internal/_generate_schema.py", line 1071, in _generate_md_field_schema
    common_field = self._common_field_schema(name, field_info, decorators)
  File "/home/airflow/.local/lib/python3.8/site-packages/pydantic/_internal/_generate_schema.py", line 1263, in _common_field_schema
    schema = self._apply_annotations(
  File "/home/airflow/.local/lib/python3.8/site-packages/pydantic/_internal/_generate_schema.py", line 2056, in _apply_annotations
    schema = get_inner_schema(source_type)
  File "/home/airflow/.local/lib/python3.8/site-packages/pydantic/_internal/_schema_generation_shared.py", line 84, in __call__
    schema = self._handler(source_type)
  File "/home/airflow/.local/lib/python3.8/site-packages/pydantic/_internal/_generate_schema.py", line 2035, in inner_handler
    from_property = self._generate_schema_from_property(obj, source_type)
  File "/home/airflow/.local/lib/python3.8/site-packages/pydantic/_internal/_generate_schema.py", line 759, in _generate_schema_from_property
    schema = get_schema(
  File "/home/airflow/.local/lib/python3.8/site-packages/pydantic/networks.py", line 965, in __get_pydantic_core_schema__
    import_email_validator()
  File "/home/airflow/.local/lib/python3.8/site-packages/pydantic/networks.py", line 929, in import_email_validator
    raise ImportError('email-validator version >= 2.0 required, run pip install -U email-validator')
ImportError: email-validator version >= 2.0 required, run pip install -U email-validator
[2025-07-25T10:46:41.162+0000] {processor.py:842} WARNING - No viable dags retrieved from /opt/airflow/dags/load_raw_from_minio.py
[2025-07-25T10:46:41.181+0000] {processor.py:183} INFO - Processing /opt/airflow/dags/load_raw_from_minio.py took 0.093 seconds
[2025-07-25T10:47:11.294+0000] {processor.py:161} INFO - Started process (PID=170) to work on /opt/airflow/dags/load_raw_from_minio.py
[2025-07-25T10:47:11.296+0000] {processor.py:830} INFO - Processing file /opt/airflow/dags/load_raw_from_minio.py for tasks to queue
[2025-07-25T10:47:11.301+0000] {logging_mixin.py:188} INFO - [2025-07-25T10:47:11.301+0000] {dagbag.py:540} INFO - Filling up the DagBag from /opt/airflow/dags/load_raw_from_minio.py
[2025-07-25T10:47:11.374+0000] {logging_mixin.py:188} INFO - [2025-07-25T10:47:11.370+0000] {dagbag.py:350} ERROR - Failed to import: /opt/airflow/dags/load_raw_from_minio.py
Traceback (most recent call last):
  File "/home/airflow/.local/lib/python3.8/site-packages/airflow/models/dagbag.py", line 346, in parse
    loader.exec_module(new_module)
  File "<frozen importlib._bootstrap_external>", line 843, in exec_module
  File "<frozen importlib._bootstrap>", line 219, in _call_with_frames_removed
  File "/opt/airflow/dags/load_raw_from_minio.py", line 11, in <module>
    from utils.validation import Event
  File "/opt/airflow/utils/validation.py", line 14, in <module>
    class User(BaseModel):
  File "/home/airflow/.local/lib/python3.8/site-packages/pydantic/_internal/_model_construction.py", line 224, in __new__
    complete_model_class(
  File "/home/airflow/.local/lib/python3.8/site-packages/pydantic/_internal/_model_construction.py", line 602, in complete_model_class
    schema = cls.__get_pydantic_core_schema__(cls, handler)
  File "/home/airflow/.local/lib/python3.8/site-packages/pydantic/main.py", line 702, in __get_pydantic_core_schema__
    return handler(source)
  File "/home/airflow/.local/lib/python3.8/site-packages/pydantic/_internal/_schema_generation_shared.py", line 84, in __call__
    schema = self._handler(source_type)
  File "/home/airflow/.local/lib/python3.8/site-packages/pydantic/_internal/_generate_schema.py", line 610, in generate_schema
    schema = self._generate_schema_inner(obj)
  File "/home/airflow/.local/lib/python3.8/site-packages/pydantic/_internal/_generate_schema.py", line 879, in _generate_schema_inner
    return self._model_schema(obj)
  File "/home/airflow/.local/lib/python3.8/site-packages/pydantic/_internal/_generate_schema.py", line 691, in _model_schema
    {k: self._generate_md_field_schema(k, v, decorators) for k, v in fields.items()},
  File "/home/airflow/.local/lib/python3.8/site-packages/pydantic/_internal/_generate_schema.py", line 691, in <dictcomp>
    {k: self._generate_md_field_schema(k, v, decorators) for k, v in fields.items()},
  File "/home/airflow/.local/lib/python3.8/site-packages/pydantic/_internal/_generate_schema.py", line 1071, in _generate_md_field_schema
    common_field = self._common_field_schema(name, field_info, decorators)
  File "/home/airflow/.local/lib/python3.8/site-packages/pydantic/_internal/_generate_schema.py", line 1263, in _common_field_schema
    schema = self._apply_annotations(
  File "/home/airflow/.local/lib/python3.8/site-packages/pydantic/_internal/_generate_schema.py", line 2056, in _apply_annotations
    schema = get_inner_schema(source_type)
  File "/home/airflow/.local/lib/python3.8/site-packages/pydantic/_internal/_schema_generation_shared.py", line 84, in __call__
    schema = self._handler(source_type)
  File "/home/airflow/.local/lib/python3.8/site-packages/pydantic/_internal/_generate_schema.py", line 2035, in inner_handler
    from_property = self._generate_schema_from_property(obj, source_type)
  File "/home/airflow/.local/lib/python3.8/site-packages/pydantic/_internal/_generate_schema.py", line 759, in _generate_schema_from_property
    schema = get_schema(
  File "/home/airflow/.local/lib/python3.8/site-packages/pydantic/networks.py", line 965, in __get_pydantic_core_schema__
    import_email_validator()
  File "/home/airflow/.local/lib/python3.8/site-packages/pydantic/networks.py", line 929, in import_email_validator
    raise ImportError('email-validator version >= 2.0 required, run pip install -U email-validator')
ImportError: email-validator version >= 2.0 required, run pip install -U email-validator
[2025-07-25T10:47:11.374+0000] {processor.py:842} WARNING - No viable dags retrieved from /opt/airflow/dags/load_raw_from_minio.py
[2025-07-25T10:47:11.395+0000] {processor.py:183} INFO - Processing /opt/airflow/dags/load_raw_from_minio.py took 0.108 seconds
[2025-07-25T10:47:41.576+0000] {processor.py:161} INFO - Started process (PID=177) to work on /opt/airflow/dags/load_raw_from_minio.py
[2025-07-25T10:47:41.577+0000] {processor.py:830} INFO - Processing file /opt/airflow/dags/load_raw_from_minio.py for tasks to queue
[2025-07-25T10:47:41.579+0000] {logging_mixin.py:188} INFO - [2025-07-25T10:47:41.579+0000] {dagbag.py:540} INFO - Filling up the DagBag from /opt/airflow/dags/load_raw_from_minio.py
[2025-07-25T10:47:41.635+0000] {logging_mixin.py:188} INFO - [2025-07-25T10:47:41.631+0000] {dagbag.py:350} ERROR - Failed to import: /opt/airflow/dags/load_raw_from_minio.py
Traceback (most recent call last):
  File "/home/airflow/.local/lib/python3.8/site-packages/airflow/models/dagbag.py", line 346, in parse
    loader.exec_module(new_module)
  File "<frozen importlib._bootstrap_external>", line 843, in exec_module
  File "<frozen importlib._bootstrap>", line 219, in _call_with_frames_removed
  File "/opt/airflow/dags/load_raw_from_minio.py", line 11, in <module>
    from utils.validation import Event
  File "/opt/airflow/utils/validation.py", line 14, in <module>
    class User(BaseModel):
  File "/home/airflow/.local/lib/python3.8/site-packages/pydantic/_internal/_model_construction.py", line 224, in __new__
    complete_model_class(
  File "/home/airflow/.local/lib/python3.8/site-packages/pydantic/_internal/_model_construction.py", line 602, in complete_model_class
    schema = cls.__get_pydantic_core_schema__(cls, handler)
  File "/home/airflow/.local/lib/python3.8/site-packages/pydantic/main.py", line 702, in __get_pydantic_core_schema__
    return handler(source)
  File "/home/airflow/.local/lib/python3.8/site-packages/pydantic/_internal/_schema_generation_shared.py", line 84, in __call__
    schema = self._handler(source_type)
  File "/home/airflow/.local/lib/python3.8/site-packages/pydantic/_internal/_generate_schema.py", line 610, in generate_schema
    schema = self._generate_schema_inner(obj)
  File "/home/airflow/.local/lib/python3.8/site-packages/pydantic/_internal/_generate_schema.py", line 879, in _generate_schema_inner
    return self._model_schema(obj)
  File "/home/airflow/.local/lib/python3.8/site-packages/pydantic/_internal/_generate_schema.py", line 691, in _model_schema
    {k: self._generate_md_field_schema(k, v, decorators) for k, v in fields.items()},
  File "/home/airflow/.local/lib/python3.8/site-packages/pydantic/_internal/_generate_schema.py", line 691, in <dictcomp>
    {k: self._generate_md_field_schema(k, v, decorators) for k, v in fields.items()},
  File "/home/airflow/.local/lib/python3.8/site-packages/pydantic/_internal/_generate_schema.py", line 1071, in _generate_md_field_schema
    common_field = self._common_field_schema(name, field_info, decorators)
  File "/home/airflow/.local/lib/python3.8/site-packages/pydantic/_internal/_generate_schema.py", line 1263, in _common_field_schema
    schema = self._apply_annotations(
  File "/home/airflow/.local/lib/python3.8/site-packages/pydantic/_internal/_generate_schema.py", line 2056, in _apply_annotations
    schema = get_inner_schema(source_type)
  File "/home/airflow/.local/lib/python3.8/site-packages/pydantic/_internal/_schema_generation_shared.py", line 84, in __call__
    schema = self._handler(source_type)
  File "/home/airflow/.local/lib/python3.8/site-packages/pydantic/_internal/_generate_schema.py", line 2035, in inner_handler
    from_property = self._generate_schema_from_property(obj, source_type)
  File "/home/airflow/.local/lib/python3.8/site-packages/pydantic/_internal/_generate_schema.py", line 759, in _generate_schema_from_property
    schema = get_schema(
  File "/home/airflow/.local/lib/python3.8/site-packages/pydantic/networks.py", line 965, in __get_pydantic_core_schema__
    import_email_validator()
  File "/home/airflow/.local/lib/python3.8/site-packages/pydantic/networks.py", line 929, in import_email_validator
    raise ImportError('email-validator version >= 2.0 required, run pip install -U email-validator')
ImportError: email-validator version >= 2.0 required, run pip install -U email-validator
[2025-07-25T10:47:41.635+0000] {processor.py:842} WARNING - No viable dags retrieved from /opt/airflow/dags/load_raw_from_minio.py
[2025-07-25T10:47:41.658+0000] {processor.py:183} INFO - Processing /opt/airflow/dags/load_raw_from_minio.py took 0.085 seconds
[2025-07-25T10:48:11.759+0000] {processor.py:161} INFO - Started process (PID=184) to work on /opt/airflow/dags/load_raw_from_minio.py
[2025-07-25T10:48:11.760+0000] {processor.py:830} INFO - Processing file /opt/airflow/dags/load_raw_from_minio.py for tasks to queue
[2025-07-25T10:48:11.763+0000] {logging_mixin.py:188} INFO - [2025-07-25T10:48:11.762+0000] {dagbag.py:540} INFO - Filling up the DagBag from /opt/airflow/dags/load_raw_from_minio.py
[2025-07-25T10:48:11.830+0000] {logging_mixin.py:188} INFO - [2025-07-25T10:48:11.826+0000] {dagbag.py:350} ERROR - Failed to import: /opt/airflow/dags/load_raw_from_minio.py
Traceback (most recent call last):
  File "/home/airflow/.local/lib/python3.8/site-packages/airflow/models/dagbag.py", line 346, in parse
    loader.exec_module(new_module)
  File "<frozen importlib._bootstrap_external>", line 843, in exec_module
  File "<frozen importlib._bootstrap>", line 219, in _call_with_frames_removed
  File "/opt/airflow/dags/load_raw_from_minio.py", line 11, in <module>
    from utils.validation import Event
  File "/opt/airflow/utils/validation.py", line 14, in <module>
    class User(BaseModel):
  File "/home/airflow/.local/lib/python3.8/site-packages/pydantic/_internal/_model_construction.py", line 224, in __new__
    complete_model_class(
  File "/home/airflow/.local/lib/python3.8/site-packages/pydantic/_internal/_model_construction.py", line 602, in complete_model_class
    schema = cls.__get_pydantic_core_schema__(cls, handler)
  File "/home/airflow/.local/lib/python3.8/site-packages/pydantic/main.py", line 702, in __get_pydantic_core_schema__
    return handler(source)
  File "/home/airflow/.local/lib/python3.8/site-packages/pydantic/_internal/_schema_generation_shared.py", line 84, in __call__
    schema = self._handler(source_type)
  File "/home/airflow/.local/lib/python3.8/site-packages/pydantic/_internal/_generate_schema.py", line 610, in generate_schema
    schema = self._generate_schema_inner(obj)
  File "/home/airflow/.local/lib/python3.8/site-packages/pydantic/_internal/_generate_schema.py", line 879, in _generate_schema_inner
    return self._model_schema(obj)
  File "/home/airflow/.local/lib/python3.8/site-packages/pydantic/_internal/_generate_schema.py", line 691, in _model_schema
    {k: self._generate_md_field_schema(k, v, decorators) for k, v in fields.items()},
  File "/home/airflow/.local/lib/python3.8/site-packages/pydantic/_internal/_generate_schema.py", line 691, in <dictcomp>
    {k: self._generate_md_field_schema(k, v, decorators) for k, v in fields.items()},
  File "/home/airflow/.local/lib/python3.8/site-packages/pydantic/_internal/_generate_schema.py", line 1071, in _generate_md_field_schema
    common_field = self._common_field_schema(name, field_info, decorators)
  File "/home/airflow/.local/lib/python3.8/site-packages/pydantic/_internal/_generate_schema.py", line 1263, in _common_field_schema
    schema = self._apply_annotations(
  File "/home/airflow/.local/lib/python3.8/site-packages/pydantic/_internal/_generate_schema.py", line 2056, in _apply_annotations
    schema = get_inner_schema(source_type)
  File "/home/airflow/.local/lib/python3.8/site-packages/pydantic/_internal/_schema_generation_shared.py", line 84, in __call__
    schema = self._handler(source_type)
  File "/home/airflow/.local/lib/python3.8/site-packages/pydantic/_internal/_generate_schema.py", line 2035, in inner_handler
    from_property = self._generate_schema_from_property(obj, source_type)
  File "/home/airflow/.local/lib/python3.8/site-packages/pydantic/_internal/_generate_schema.py", line 759, in _generate_schema_from_property
    schema = get_schema(
  File "/home/airflow/.local/lib/python3.8/site-packages/pydantic/networks.py", line 965, in __get_pydantic_core_schema__
    import_email_validator()
  File "/home/airflow/.local/lib/python3.8/site-packages/pydantic/networks.py", line 929, in import_email_validator
    raise ImportError('email-validator version >= 2.0 required, run pip install -U email-validator')
ImportError: email-validator version >= 2.0 required, run pip install -U email-validator
[2025-07-25T10:48:11.831+0000] {processor.py:842} WARNING - No viable dags retrieved from /opt/airflow/dags/load_raw_from_minio.py
[2025-07-25T10:48:11.854+0000] {processor.py:183} INFO - Processing /opt/airflow/dags/load_raw_from_minio.py took 0.100 seconds
[2025-07-25T10:48:41.922+0000] {processor.py:161} INFO - Started process (PID=191) to work on /opt/airflow/dags/load_raw_from_minio.py
[2025-07-25T10:48:41.923+0000] {processor.py:830} INFO - Processing file /opt/airflow/dags/load_raw_from_minio.py for tasks to queue
[2025-07-25T10:48:41.926+0000] {logging_mixin.py:188} INFO - [2025-07-25T10:48:41.925+0000] {dagbag.py:540} INFO - Filling up the DagBag from /opt/airflow/dags/load_raw_from_minio.py
[2025-07-25T10:48:41.987+0000] {logging_mixin.py:188} INFO - [2025-07-25T10:48:41.984+0000] {dagbag.py:350} ERROR - Failed to import: /opt/airflow/dags/load_raw_from_minio.py
Traceback (most recent call last):
  File "/home/airflow/.local/lib/python3.8/site-packages/airflow/models/dagbag.py", line 346, in parse
    loader.exec_module(new_module)
  File "<frozen importlib._bootstrap_external>", line 843, in exec_module
  File "<frozen importlib._bootstrap>", line 219, in _call_with_frames_removed
  File "/opt/airflow/dags/load_raw_from_minio.py", line 11, in <module>
    from utils.validation import Event
  File "/opt/airflow/utils/validation.py", line 14, in <module>
    class User(BaseModel):
  File "/home/airflow/.local/lib/python3.8/site-packages/pydantic/_internal/_model_construction.py", line 224, in __new__
    complete_model_class(
  File "/home/airflow/.local/lib/python3.8/site-packages/pydantic/_internal/_model_construction.py", line 602, in complete_model_class
    schema = cls.__get_pydantic_core_schema__(cls, handler)
  File "/home/airflow/.local/lib/python3.8/site-packages/pydantic/main.py", line 702, in __get_pydantic_core_schema__
    return handler(source)
  File "/home/airflow/.local/lib/python3.8/site-packages/pydantic/_internal/_schema_generation_shared.py", line 84, in __call__
    schema = self._handler(source_type)
  File "/home/airflow/.local/lib/python3.8/site-packages/pydantic/_internal/_generate_schema.py", line 610, in generate_schema
    schema = self._generate_schema_inner(obj)
  File "/home/airflow/.local/lib/python3.8/site-packages/pydantic/_internal/_generate_schema.py", line 879, in _generate_schema_inner
    return self._model_schema(obj)
  File "/home/airflow/.local/lib/python3.8/site-packages/pydantic/_internal/_generate_schema.py", line 691, in _model_schema
    {k: self._generate_md_field_schema(k, v, decorators) for k, v in fields.items()},
  File "/home/airflow/.local/lib/python3.8/site-packages/pydantic/_internal/_generate_schema.py", line 691, in <dictcomp>
    {k: self._generate_md_field_schema(k, v, decorators) for k, v in fields.items()},
  File "/home/airflow/.local/lib/python3.8/site-packages/pydantic/_internal/_generate_schema.py", line 1071, in _generate_md_field_schema
    common_field = self._common_field_schema(name, field_info, decorators)
  File "/home/airflow/.local/lib/python3.8/site-packages/pydantic/_internal/_generate_schema.py", line 1263, in _common_field_schema
    schema = self._apply_annotations(
  File "/home/airflow/.local/lib/python3.8/site-packages/pydantic/_internal/_generate_schema.py", line 2056, in _apply_annotations
    schema = get_inner_schema(source_type)
  File "/home/airflow/.local/lib/python3.8/site-packages/pydantic/_internal/_schema_generation_shared.py", line 84, in __call__
    schema = self._handler(source_type)
  File "/home/airflow/.local/lib/python3.8/site-packages/pydantic/_internal/_generate_schema.py", line 2035, in inner_handler
    from_property = self._generate_schema_from_property(obj, source_type)
  File "/home/airflow/.local/lib/python3.8/site-packages/pydantic/_internal/_generate_schema.py", line 759, in _generate_schema_from_property
    schema = get_schema(
  File "/home/airflow/.local/lib/python3.8/site-packages/pydantic/networks.py", line 965, in __get_pydantic_core_schema__
    import_email_validator()
  File "/home/airflow/.local/lib/python3.8/site-packages/pydantic/networks.py", line 929, in import_email_validator
    raise ImportError('email-validator version >= 2.0 required, run pip install -U email-validator')
ImportError: email-validator version >= 2.0 required, run pip install -U email-validator
[2025-07-25T10:48:41.988+0000] {processor.py:842} WARNING - No viable dags retrieved from /opt/airflow/dags/load_raw_from_minio.py
[2025-07-25T10:48:42.009+0000] {processor.py:183} INFO - Processing /opt/airflow/dags/load_raw_from_minio.py took 0.091 seconds
[2025-07-25T10:49:12.178+0000] {processor.py:161} INFO - Started process (PID=198) to work on /opt/airflow/dags/load_raw_from_minio.py
[2025-07-25T10:49:12.180+0000] {processor.py:830} INFO - Processing file /opt/airflow/dags/load_raw_from_minio.py for tasks to queue
[2025-07-25T10:49:12.182+0000] {logging_mixin.py:188} INFO - [2025-07-25T10:49:12.182+0000] {dagbag.py:540} INFO - Filling up the DagBag from /opt/airflow/dags/load_raw_from_minio.py
[2025-07-25T10:49:12.253+0000] {logging_mixin.py:188} INFO - [2025-07-25T10:49:12.249+0000] {dagbag.py:350} ERROR - Failed to import: /opt/airflow/dags/load_raw_from_minio.py
Traceback (most recent call last):
  File "/home/airflow/.local/lib/python3.8/site-packages/airflow/models/dagbag.py", line 346, in parse
    loader.exec_module(new_module)
  File "<frozen importlib._bootstrap_external>", line 843, in exec_module
  File "<frozen importlib._bootstrap>", line 219, in _call_with_frames_removed
  File "/opt/airflow/dags/load_raw_from_minio.py", line 11, in <module>
    from utils.validation import Event
  File "/opt/airflow/utils/validation.py", line 14, in <module>
    class User(BaseModel):
  File "/home/airflow/.local/lib/python3.8/site-packages/pydantic/_internal/_model_construction.py", line 224, in __new__
    complete_model_class(
  File "/home/airflow/.local/lib/python3.8/site-packages/pydantic/_internal/_model_construction.py", line 602, in complete_model_class
    schema = cls.__get_pydantic_core_schema__(cls, handler)
  File "/home/airflow/.local/lib/python3.8/site-packages/pydantic/main.py", line 702, in __get_pydantic_core_schema__
    return handler(source)
  File "/home/airflow/.local/lib/python3.8/site-packages/pydantic/_internal/_schema_generation_shared.py", line 84, in __call__
    schema = self._handler(source_type)
  File "/home/airflow/.local/lib/python3.8/site-packages/pydantic/_internal/_generate_schema.py", line 610, in generate_schema
    schema = self._generate_schema_inner(obj)
  File "/home/airflow/.local/lib/python3.8/site-packages/pydantic/_internal/_generate_schema.py", line 879, in _generate_schema_inner
    return self._model_schema(obj)
  File "/home/airflow/.local/lib/python3.8/site-packages/pydantic/_internal/_generate_schema.py", line 691, in _model_schema
    {k: self._generate_md_field_schema(k, v, decorators) for k, v in fields.items()},
  File "/home/airflow/.local/lib/python3.8/site-packages/pydantic/_internal/_generate_schema.py", line 691, in <dictcomp>
    {k: self._generate_md_field_schema(k, v, decorators) for k, v in fields.items()},
  File "/home/airflow/.local/lib/python3.8/site-packages/pydantic/_internal/_generate_schema.py", line 1071, in _generate_md_field_schema
    common_field = self._common_field_schema(name, field_info, decorators)
  File "/home/airflow/.local/lib/python3.8/site-packages/pydantic/_internal/_generate_schema.py", line 1263, in _common_field_schema
    schema = self._apply_annotations(
  File "/home/airflow/.local/lib/python3.8/site-packages/pydantic/_internal/_generate_schema.py", line 2056, in _apply_annotations
    schema = get_inner_schema(source_type)
  File "/home/airflow/.local/lib/python3.8/site-packages/pydantic/_internal/_schema_generation_shared.py", line 84, in __call__
    schema = self._handler(source_type)
  File "/home/airflow/.local/lib/python3.8/site-packages/pydantic/_internal/_generate_schema.py", line 2035, in inner_handler
    from_property = self._generate_schema_from_property(obj, source_type)
  File "/home/airflow/.local/lib/python3.8/site-packages/pydantic/_internal/_generate_schema.py", line 759, in _generate_schema_from_property
    schema = get_schema(
  File "/home/airflow/.local/lib/python3.8/site-packages/pydantic/networks.py", line 965, in __get_pydantic_core_schema__
    import_email_validator()
  File "/home/airflow/.local/lib/python3.8/site-packages/pydantic/networks.py", line 929, in import_email_validator
    raise ImportError('email-validator version >= 2.0 required, run pip install -U email-validator')
ImportError: email-validator version >= 2.0 required, run pip install -U email-validator
[2025-07-25T10:49:12.253+0000] {processor.py:842} WARNING - No viable dags retrieved from /opt/airflow/dags/load_raw_from_minio.py
[2025-07-25T10:49:12.276+0000] {processor.py:183} INFO - Processing /opt/airflow/dags/load_raw_from_minio.py took 0.102 seconds
[2025-07-25T10:49:42.375+0000] {processor.py:161} INFO - Started process (PID=205) to work on /opt/airflow/dags/load_raw_from_minio.py
[2025-07-25T10:49:42.376+0000] {processor.py:830} INFO - Processing file /opt/airflow/dags/load_raw_from_minio.py for tasks to queue
[2025-07-25T10:49:42.379+0000] {logging_mixin.py:188} INFO - [2025-07-25T10:49:42.379+0000] {dagbag.py:540} INFO - Filling up the DagBag from /opt/airflow/dags/load_raw_from_minio.py
[2025-07-25T10:49:42.467+0000] {logging_mixin.py:188} INFO - [2025-07-25T10:49:42.463+0000] {dagbag.py:350} ERROR - Failed to import: /opt/airflow/dags/load_raw_from_minio.py
Traceback (most recent call last):
  File "/home/airflow/.local/lib/python3.8/site-packages/airflow/models/dagbag.py", line 346, in parse
    loader.exec_module(new_module)
  File "<frozen importlib._bootstrap_external>", line 843, in exec_module
  File "<frozen importlib._bootstrap>", line 219, in _call_with_frames_removed
  File "/opt/airflow/dags/load_raw_from_minio.py", line 11, in <module>
    from utils.validation import Event
  File "/opt/airflow/utils/validation.py", line 14, in <module>
    class User(BaseModel):
  File "/home/airflow/.local/lib/python3.8/site-packages/pydantic/_internal/_model_construction.py", line 224, in __new__
    complete_model_class(
  File "/home/airflow/.local/lib/python3.8/site-packages/pydantic/_internal/_model_construction.py", line 602, in complete_model_class
    schema = cls.__get_pydantic_core_schema__(cls, handler)
  File "/home/airflow/.local/lib/python3.8/site-packages/pydantic/main.py", line 702, in __get_pydantic_core_schema__
    return handler(source)
  File "/home/airflow/.local/lib/python3.8/site-packages/pydantic/_internal/_schema_generation_shared.py", line 84, in __call__
    schema = self._handler(source_type)
  File "/home/airflow/.local/lib/python3.8/site-packages/pydantic/_internal/_generate_schema.py", line 610, in generate_schema
    schema = self._generate_schema_inner(obj)
  File "/home/airflow/.local/lib/python3.8/site-packages/pydantic/_internal/_generate_schema.py", line 879, in _generate_schema_inner
    return self._model_schema(obj)
  File "/home/airflow/.local/lib/python3.8/site-packages/pydantic/_internal/_generate_schema.py", line 691, in _model_schema
    {k: self._generate_md_field_schema(k, v, decorators) for k, v in fields.items()},
  File "/home/airflow/.local/lib/python3.8/site-packages/pydantic/_internal/_generate_schema.py", line 691, in <dictcomp>
    {k: self._generate_md_field_schema(k, v, decorators) for k, v in fields.items()},
  File "/home/airflow/.local/lib/python3.8/site-packages/pydantic/_internal/_generate_schema.py", line 1071, in _generate_md_field_schema
    common_field = self._common_field_schema(name, field_info, decorators)
  File "/home/airflow/.local/lib/python3.8/site-packages/pydantic/_internal/_generate_schema.py", line 1263, in _common_field_schema
    schema = self._apply_annotations(
  File "/home/airflow/.local/lib/python3.8/site-packages/pydantic/_internal/_generate_schema.py", line 2056, in _apply_annotations
    schema = get_inner_schema(source_type)
  File "/home/airflow/.local/lib/python3.8/site-packages/pydantic/_internal/_schema_generation_shared.py", line 84, in __call__
    schema = self._handler(source_type)
  File "/home/airflow/.local/lib/python3.8/site-packages/pydantic/_internal/_generate_schema.py", line 2035, in inner_handler
    from_property = self._generate_schema_from_property(obj, source_type)
  File "/home/airflow/.local/lib/python3.8/site-packages/pydantic/_internal/_generate_schema.py", line 759, in _generate_schema_from_property
    schema = get_schema(
  File "/home/airflow/.local/lib/python3.8/site-packages/pydantic/networks.py", line 965, in __get_pydantic_core_schema__
    import_email_validator()
  File "/home/airflow/.local/lib/python3.8/site-packages/pydantic/networks.py", line 929, in import_email_validator
    raise ImportError('email-validator version >= 2.0 required, run pip install -U email-validator')
ImportError: email-validator version >= 2.0 required, run pip install -U email-validator
[2025-07-25T10:49:42.468+0000] {processor.py:842} WARNING - No viable dags retrieved from /opt/airflow/dags/load_raw_from_minio.py
[2025-07-25T10:49:42.491+0000] {processor.py:183} INFO - Processing /opt/airflow/dags/load_raw_from_minio.py took 0.122 seconds
[2025-07-25T10:50:12.641+0000] {processor.py:161} INFO - Started process (PID=212) to work on /opt/airflow/dags/load_raw_from_minio.py
[2025-07-25T10:50:12.642+0000] {processor.py:830} INFO - Processing file /opt/airflow/dags/load_raw_from_minio.py for tasks to queue
[2025-07-25T10:50:12.647+0000] {logging_mixin.py:188} INFO - [2025-07-25T10:50:12.647+0000] {dagbag.py:540} INFO - Filling up the DagBag from /opt/airflow/dags/load_raw_from_minio.py
[2025-07-25T10:50:12.710+0000] {logging_mixin.py:188} INFO - [2025-07-25T10:50:12.706+0000] {dagbag.py:350} ERROR - Failed to import: /opt/airflow/dags/load_raw_from_minio.py
Traceback (most recent call last):
  File "/home/airflow/.local/lib/python3.8/site-packages/airflow/models/dagbag.py", line 346, in parse
    loader.exec_module(new_module)
  File "<frozen importlib._bootstrap_external>", line 843, in exec_module
  File "<frozen importlib._bootstrap>", line 219, in _call_with_frames_removed
  File "/opt/airflow/dags/load_raw_from_minio.py", line 11, in <module>
    from utils.validation import Event
  File "/opt/airflow/utils/validation.py", line 14, in <module>
    class User(BaseModel):
  File "/home/airflow/.local/lib/python3.8/site-packages/pydantic/_internal/_model_construction.py", line 224, in __new__
    complete_model_class(
  File "/home/airflow/.local/lib/python3.8/site-packages/pydantic/_internal/_model_construction.py", line 602, in complete_model_class
    schema = cls.__get_pydantic_core_schema__(cls, handler)
  File "/home/airflow/.local/lib/python3.8/site-packages/pydantic/main.py", line 702, in __get_pydantic_core_schema__
    return handler(source)
  File "/home/airflow/.local/lib/python3.8/site-packages/pydantic/_internal/_schema_generation_shared.py", line 84, in __call__
    schema = self._handler(source_type)
  File "/home/airflow/.local/lib/python3.8/site-packages/pydantic/_internal/_generate_schema.py", line 610, in generate_schema
    schema = self._generate_schema_inner(obj)
  File "/home/airflow/.local/lib/python3.8/site-packages/pydantic/_internal/_generate_schema.py", line 879, in _generate_schema_inner
    return self._model_schema(obj)
  File "/home/airflow/.local/lib/python3.8/site-packages/pydantic/_internal/_generate_schema.py", line 691, in _model_schema
    {k: self._generate_md_field_schema(k, v, decorators) for k, v in fields.items()},
  File "/home/airflow/.local/lib/python3.8/site-packages/pydantic/_internal/_generate_schema.py", line 691, in <dictcomp>
    {k: self._generate_md_field_schema(k, v, decorators) for k, v in fields.items()},
  File "/home/airflow/.local/lib/python3.8/site-packages/pydantic/_internal/_generate_schema.py", line 1071, in _generate_md_field_schema
    common_field = self._common_field_schema(name, field_info, decorators)
  File "/home/airflow/.local/lib/python3.8/site-packages/pydantic/_internal/_generate_schema.py", line 1263, in _common_field_schema
    schema = self._apply_annotations(
  File "/home/airflow/.local/lib/python3.8/site-packages/pydantic/_internal/_generate_schema.py", line 2056, in _apply_annotations
    schema = get_inner_schema(source_type)
  File "/home/airflow/.local/lib/python3.8/site-packages/pydantic/_internal/_schema_generation_shared.py", line 84, in __call__
    schema = self._handler(source_type)
  File "/home/airflow/.local/lib/python3.8/site-packages/pydantic/_internal/_generate_schema.py", line 2035, in inner_handler
    from_property = self._generate_schema_from_property(obj, source_type)
  File "/home/airflow/.local/lib/python3.8/site-packages/pydantic/_internal/_generate_schema.py", line 759, in _generate_schema_from_property
    schema = get_schema(
  File "/home/airflow/.local/lib/python3.8/site-packages/pydantic/networks.py", line 965, in __get_pydantic_core_schema__
    import_email_validator()
  File "/home/airflow/.local/lib/python3.8/site-packages/pydantic/networks.py", line 929, in import_email_validator
    raise ImportError('email-validator version >= 2.0 required, run pip install -U email-validator')
ImportError: email-validator version >= 2.0 required, run pip install -U email-validator
[2025-07-25T10:50:12.710+0000] {processor.py:842} WARNING - No viable dags retrieved from /opt/airflow/dags/load_raw_from_minio.py
[2025-07-25T10:50:12.729+0000] {processor.py:183} INFO - Processing /opt/airflow/dags/load_raw_from_minio.py took 0.093 seconds
[2025-07-25T10:50:42.846+0000] {processor.py:161} INFO - Started process (PID=219) to work on /opt/airflow/dags/load_raw_from_minio.py
[2025-07-25T10:50:42.848+0000] {processor.py:830} INFO - Processing file /opt/airflow/dags/load_raw_from_minio.py for tasks to queue
[2025-07-25T10:50:42.852+0000] {logging_mixin.py:188} INFO - [2025-07-25T10:50:42.851+0000] {dagbag.py:540} INFO - Filling up the DagBag from /opt/airflow/dags/load_raw_from_minio.py
[2025-07-25T10:50:42.936+0000] {logging_mixin.py:188} INFO - [2025-07-25T10:50:42.931+0000] {dagbag.py:350} ERROR - Failed to import: /opt/airflow/dags/load_raw_from_minio.py
Traceback (most recent call last):
  File "/home/airflow/.local/lib/python3.8/site-packages/airflow/models/dagbag.py", line 346, in parse
    loader.exec_module(new_module)
  File "<frozen importlib._bootstrap_external>", line 843, in exec_module
  File "<frozen importlib._bootstrap>", line 219, in _call_with_frames_removed
  File "/opt/airflow/dags/load_raw_from_minio.py", line 11, in <module>
    from utils.validation import Event
  File "/opt/airflow/utils/validation.py", line 14, in <module>
    class User(BaseModel):
  File "/home/airflow/.local/lib/python3.8/site-packages/pydantic/_internal/_model_construction.py", line 224, in __new__
    complete_model_class(
  File "/home/airflow/.local/lib/python3.8/site-packages/pydantic/_internal/_model_construction.py", line 602, in complete_model_class
    schema = cls.__get_pydantic_core_schema__(cls, handler)
  File "/home/airflow/.local/lib/python3.8/site-packages/pydantic/main.py", line 702, in __get_pydantic_core_schema__
    return handler(source)
  File "/home/airflow/.local/lib/python3.8/site-packages/pydantic/_internal/_schema_generation_shared.py", line 84, in __call__
    schema = self._handler(source_type)
  File "/home/airflow/.local/lib/python3.8/site-packages/pydantic/_internal/_generate_schema.py", line 610, in generate_schema
    schema = self._generate_schema_inner(obj)
  File "/home/airflow/.local/lib/python3.8/site-packages/pydantic/_internal/_generate_schema.py", line 879, in _generate_schema_inner
    return self._model_schema(obj)
  File "/home/airflow/.local/lib/python3.8/site-packages/pydantic/_internal/_generate_schema.py", line 691, in _model_schema
    {k: self._generate_md_field_schema(k, v, decorators) for k, v in fields.items()},
  File "/home/airflow/.local/lib/python3.8/site-packages/pydantic/_internal/_generate_schema.py", line 691, in <dictcomp>
    {k: self._generate_md_field_schema(k, v, decorators) for k, v in fields.items()},
  File "/home/airflow/.local/lib/python3.8/site-packages/pydantic/_internal/_generate_schema.py", line 1071, in _generate_md_field_schema
    common_field = self._common_field_schema(name, field_info, decorators)
  File "/home/airflow/.local/lib/python3.8/site-packages/pydantic/_internal/_generate_schema.py", line 1263, in _common_field_schema
    schema = self._apply_annotations(
  File "/home/airflow/.local/lib/python3.8/site-packages/pydantic/_internal/_generate_schema.py", line 2056, in _apply_annotations
    schema = get_inner_schema(source_type)
  File "/home/airflow/.local/lib/python3.8/site-packages/pydantic/_internal/_schema_generation_shared.py", line 84, in __call__
    schema = self._handler(source_type)
  File "/home/airflow/.local/lib/python3.8/site-packages/pydantic/_internal/_generate_schema.py", line 2035, in inner_handler
    from_property = self._generate_schema_from_property(obj, source_type)
  File "/home/airflow/.local/lib/python3.8/site-packages/pydantic/_internal/_generate_schema.py", line 759, in _generate_schema_from_property
    schema = get_schema(
  File "/home/airflow/.local/lib/python3.8/site-packages/pydantic/networks.py", line 965, in __get_pydantic_core_schema__
    import_email_validator()
  File "/home/airflow/.local/lib/python3.8/site-packages/pydantic/networks.py", line 929, in import_email_validator
    raise ImportError('email-validator version >= 2.0 required, run pip install -U email-validator')
ImportError: email-validator version >= 2.0 required, run pip install -U email-validator
[2025-07-25T10:50:42.936+0000] {processor.py:842} WARNING - No viable dags retrieved from /opt/airflow/dags/load_raw_from_minio.py
[2025-07-25T10:50:42.962+0000] {processor.py:183} INFO - Processing /opt/airflow/dags/load_raw_from_minio.py took 0.123 seconds
[2025-07-25T10:51:13.081+0000] {processor.py:161} INFO - Started process (PID=226) to work on /opt/airflow/dags/load_raw_from_minio.py
[2025-07-25T10:51:13.083+0000] {processor.py:830} INFO - Processing file /opt/airflow/dags/load_raw_from_minio.py for tasks to queue
[2025-07-25T10:51:13.085+0000] {logging_mixin.py:188} INFO - [2025-07-25T10:51:13.085+0000] {dagbag.py:540} INFO - Filling up the DagBag from /opt/airflow/dags/load_raw_from_minio.py
[2025-07-25T10:51:13.153+0000] {logging_mixin.py:188} INFO - [2025-07-25T10:51:13.150+0000] {dagbag.py:350} ERROR - Failed to import: /opt/airflow/dags/load_raw_from_minio.py
Traceback (most recent call last):
  File "/home/airflow/.local/lib/python3.8/site-packages/airflow/models/dagbag.py", line 346, in parse
    loader.exec_module(new_module)
  File "<frozen importlib._bootstrap_external>", line 843, in exec_module
  File "<frozen importlib._bootstrap>", line 219, in _call_with_frames_removed
  File "/opt/airflow/dags/load_raw_from_minio.py", line 11, in <module>
    from utils.validation import Event
  File "/opt/airflow/utils/validation.py", line 14, in <module>
    class User(BaseModel):
  File "/home/airflow/.local/lib/python3.8/site-packages/pydantic/_internal/_model_construction.py", line 224, in __new__
    complete_model_class(
  File "/home/airflow/.local/lib/python3.8/site-packages/pydantic/_internal/_model_construction.py", line 602, in complete_model_class
    schema = cls.__get_pydantic_core_schema__(cls, handler)
  File "/home/airflow/.local/lib/python3.8/site-packages/pydantic/main.py", line 702, in __get_pydantic_core_schema__
    return handler(source)
  File "/home/airflow/.local/lib/python3.8/site-packages/pydantic/_internal/_schema_generation_shared.py", line 84, in __call__
    schema = self._handler(source_type)
  File "/home/airflow/.local/lib/python3.8/site-packages/pydantic/_internal/_generate_schema.py", line 610, in generate_schema
    schema = self._generate_schema_inner(obj)
  File "/home/airflow/.local/lib/python3.8/site-packages/pydantic/_internal/_generate_schema.py", line 879, in _generate_schema_inner
    return self._model_schema(obj)
  File "/home/airflow/.local/lib/python3.8/site-packages/pydantic/_internal/_generate_schema.py", line 691, in _model_schema
    {k: self._generate_md_field_schema(k, v, decorators) for k, v in fields.items()},
  File "/home/airflow/.local/lib/python3.8/site-packages/pydantic/_internal/_generate_schema.py", line 691, in <dictcomp>
    {k: self._generate_md_field_schema(k, v, decorators) for k, v in fields.items()},
  File "/home/airflow/.local/lib/python3.8/site-packages/pydantic/_internal/_generate_schema.py", line 1071, in _generate_md_field_schema
    common_field = self._common_field_schema(name, field_info, decorators)
  File "/home/airflow/.local/lib/python3.8/site-packages/pydantic/_internal/_generate_schema.py", line 1263, in _common_field_schema
    schema = self._apply_annotations(
  File "/home/airflow/.local/lib/python3.8/site-packages/pydantic/_internal/_generate_schema.py", line 2056, in _apply_annotations
    schema = get_inner_schema(source_type)
  File "/home/airflow/.local/lib/python3.8/site-packages/pydantic/_internal/_schema_generation_shared.py", line 84, in __call__
    schema = self._handler(source_type)
  File "/home/airflow/.local/lib/python3.8/site-packages/pydantic/_internal/_generate_schema.py", line 2035, in inner_handler
    from_property = self._generate_schema_from_property(obj, source_type)
  File "/home/airflow/.local/lib/python3.8/site-packages/pydantic/_internal/_generate_schema.py", line 759, in _generate_schema_from_property
    schema = get_schema(
  File "/home/airflow/.local/lib/python3.8/site-packages/pydantic/networks.py", line 965, in __get_pydantic_core_schema__
    import_email_validator()
  File "/home/airflow/.local/lib/python3.8/site-packages/pydantic/networks.py", line 929, in import_email_validator
    raise ImportError('email-validator version >= 2.0 required, run pip install -U email-validator')
ImportError: email-validator version >= 2.0 required, run pip install -U email-validator
[2025-07-25T10:51:13.153+0000] {processor.py:842} WARNING - No viable dags retrieved from /opt/airflow/dags/load_raw_from_minio.py
[2025-07-25T10:51:13.172+0000] {processor.py:183} INFO - Processing /opt/airflow/dags/load_raw_from_minio.py took 0.095 seconds
[2025-07-25T10:52:58.686+0000] {processor.py:161} INFO - Started process (PID=99) to work on /opt/airflow/dags/load_raw_from_minio.py
[2025-07-25T10:52:58.691+0000] {processor.py:830} INFO - Processing file /opt/airflow/dags/load_raw_from_minio.py for tasks to queue
[2025-07-25T10:52:58.701+0000] {logging_mixin.py:188} INFO - [2025-07-25T10:52:58.701+0000] {dagbag.py:540} INFO - Filling up the DagBag from /opt/airflow/dags/load_raw_from_minio.py
[2025-07-25T10:52:59.111+0000] {logging_mixin.py:188} INFO - [2025-07-25T10:52:59.107+0000] {dagbag.py:350} ERROR - Failed to import: /opt/airflow/dags/load_raw_from_minio.py
Traceback (most recent call last):
  File "/home/airflow/.local/lib/python3.8/site-packages/airflow/models/dagbag.py", line 346, in parse
    loader.exec_module(new_module)
  File "<frozen importlib._bootstrap_external>", line 843, in exec_module
  File "<frozen importlib._bootstrap>", line 219, in _call_with_frames_removed
  File "/opt/airflow/dags/load_raw_from_minio.py", line 11, in <module>
    from utils.validation import Event
  File "/opt/airflow/utils/validation.py", line 14, in <module>
    class User(BaseModel):
  File "/home/airflow/.local/lib/python3.8/site-packages/pydantic/_internal/_model_construction.py", line 224, in __new__
    complete_model_class(
  File "/home/airflow/.local/lib/python3.8/site-packages/pydantic/_internal/_model_construction.py", line 602, in complete_model_class
    schema = cls.__get_pydantic_core_schema__(cls, handler)
  File "/home/airflow/.local/lib/python3.8/site-packages/pydantic/main.py", line 702, in __get_pydantic_core_schema__
    return handler(source)
  File "/home/airflow/.local/lib/python3.8/site-packages/pydantic/_internal/_schema_generation_shared.py", line 84, in __call__
    schema = self._handler(source_type)
  File "/home/airflow/.local/lib/python3.8/site-packages/pydantic/_internal/_generate_schema.py", line 610, in generate_schema
    schema = self._generate_schema_inner(obj)
  File "/home/airflow/.local/lib/python3.8/site-packages/pydantic/_internal/_generate_schema.py", line 879, in _generate_schema_inner
    return self._model_schema(obj)
  File "/home/airflow/.local/lib/python3.8/site-packages/pydantic/_internal/_generate_schema.py", line 691, in _model_schema
    {k: self._generate_md_field_schema(k, v, decorators) for k, v in fields.items()},
  File "/home/airflow/.local/lib/python3.8/site-packages/pydantic/_internal/_generate_schema.py", line 691, in <dictcomp>
    {k: self._generate_md_field_schema(k, v, decorators) for k, v in fields.items()},
  File "/home/airflow/.local/lib/python3.8/site-packages/pydantic/_internal/_generate_schema.py", line 1071, in _generate_md_field_schema
    common_field = self._common_field_schema(name, field_info, decorators)
  File "/home/airflow/.local/lib/python3.8/site-packages/pydantic/_internal/_generate_schema.py", line 1263, in _common_field_schema
    schema = self._apply_annotations(
  File "/home/airflow/.local/lib/python3.8/site-packages/pydantic/_internal/_generate_schema.py", line 2056, in _apply_annotations
    schema = get_inner_schema(source_type)
  File "/home/airflow/.local/lib/python3.8/site-packages/pydantic/_internal/_schema_generation_shared.py", line 84, in __call__
    schema = self._handler(source_type)
  File "/home/airflow/.local/lib/python3.8/site-packages/pydantic/_internal/_generate_schema.py", line 2035, in inner_handler
    from_property = self._generate_schema_from_property(obj, source_type)
  File "/home/airflow/.local/lib/python3.8/site-packages/pydantic/_internal/_generate_schema.py", line 759, in _generate_schema_from_property
    schema = get_schema(
  File "/home/airflow/.local/lib/python3.8/site-packages/pydantic/networks.py", line 965, in __get_pydantic_core_schema__
    import_email_validator()
  File "/home/airflow/.local/lib/python3.8/site-packages/pydantic/networks.py", line 929, in import_email_validator
    raise ImportError('email-validator version >= 2.0 required, run pip install -U email-validator')
ImportError: email-validator version >= 2.0 required, run pip install -U email-validator
[2025-07-25T10:52:59.113+0000] {processor.py:842} WARNING - No viable dags retrieved from /opt/airflow/dags/load_raw_from_minio.py
[2025-07-25T10:52:59.147+0000] {processor.py:183} INFO - Processing /opt/airflow/dags/load_raw_from_minio.py took 0.472 seconds
[2025-07-25T10:53:29.343+0000] {processor.py:161} INFO - Started process (PID=106) to work on /opt/airflow/dags/load_raw_from_minio.py
[2025-07-25T10:53:29.347+0000] {processor.py:830} INFO - Processing file /opt/airflow/dags/load_raw_from_minio.py for tasks to queue
[2025-07-25T10:53:29.355+0000] {logging_mixin.py:188} INFO - [2025-07-25T10:53:29.354+0000] {dagbag.py:540} INFO - Filling up the DagBag from /opt/airflow/dags/load_raw_from_minio.py
[2025-07-25T10:53:29.515+0000] {logging_mixin.py:188} INFO - [2025-07-25T10:53:29.509+0000] {dagbag.py:350} ERROR - Failed to import: /opt/airflow/dags/load_raw_from_minio.py
Traceback (most recent call last):
  File "/home/airflow/.local/lib/python3.8/site-packages/airflow/models/dagbag.py", line 346, in parse
    loader.exec_module(new_module)
  File "<frozen importlib._bootstrap_external>", line 843, in exec_module
  File "<frozen importlib._bootstrap>", line 219, in _call_with_frames_removed
  File "/opt/airflow/dags/load_raw_from_minio.py", line 11, in <module>
    from utils.validation import Event
  File "/opt/airflow/utils/validation.py", line 14, in <module>
    class User(BaseModel):
  File "/home/airflow/.local/lib/python3.8/site-packages/pydantic/_internal/_model_construction.py", line 224, in __new__
    complete_model_class(
  File "/home/airflow/.local/lib/python3.8/site-packages/pydantic/_internal/_model_construction.py", line 602, in complete_model_class
    schema = cls.__get_pydantic_core_schema__(cls, handler)
  File "/home/airflow/.local/lib/python3.8/site-packages/pydantic/main.py", line 702, in __get_pydantic_core_schema__
    return handler(source)
  File "/home/airflow/.local/lib/python3.8/site-packages/pydantic/_internal/_schema_generation_shared.py", line 84, in __call__
    schema = self._handler(source_type)
  File "/home/airflow/.local/lib/python3.8/site-packages/pydantic/_internal/_generate_schema.py", line 610, in generate_schema
    schema = self._generate_schema_inner(obj)
  File "/home/airflow/.local/lib/python3.8/site-packages/pydantic/_internal/_generate_schema.py", line 879, in _generate_schema_inner
    return self._model_schema(obj)
  File "/home/airflow/.local/lib/python3.8/site-packages/pydantic/_internal/_generate_schema.py", line 691, in _model_schema
    {k: self._generate_md_field_schema(k, v, decorators) for k, v in fields.items()},
  File "/home/airflow/.local/lib/python3.8/site-packages/pydantic/_internal/_generate_schema.py", line 691, in <dictcomp>
    {k: self._generate_md_field_schema(k, v, decorators) for k, v in fields.items()},
  File "/home/airflow/.local/lib/python3.8/site-packages/pydantic/_internal/_generate_schema.py", line 1071, in _generate_md_field_schema
    common_field = self._common_field_schema(name, field_info, decorators)
  File "/home/airflow/.local/lib/python3.8/site-packages/pydantic/_internal/_generate_schema.py", line 1263, in _common_field_schema
    schema = self._apply_annotations(
  File "/home/airflow/.local/lib/python3.8/site-packages/pydantic/_internal/_generate_schema.py", line 2056, in _apply_annotations
    schema = get_inner_schema(source_type)
  File "/home/airflow/.local/lib/python3.8/site-packages/pydantic/_internal/_schema_generation_shared.py", line 84, in __call__
    schema = self._handler(source_type)
  File "/home/airflow/.local/lib/python3.8/site-packages/pydantic/_internal/_generate_schema.py", line 2035, in inner_handler
    from_property = self._generate_schema_from_property(obj, source_type)
  File "/home/airflow/.local/lib/python3.8/site-packages/pydantic/_internal/_generate_schema.py", line 759, in _generate_schema_from_property
    schema = get_schema(
  File "/home/airflow/.local/lib/python3.8/site-packages/pydantic/networks.py", line 965, in __get_pydantic_core_schema__
    import_email_validator()
  File "/home/airflow/.local/lib/python3.8/site-packages/pydantic/networks.py", line 929, in import_email_validator
    raise ImportError('email-validator version >= 2.0 required, run pip install -U email-validator')
ImportError: email-validator version >= 2.0 required, run pip install -U email-validator
[2025-07-25T10:53:29.517+0000] {processor.py:842} WARNING - No viable dags retrieved from /opt/airflow/dags/load_raw_from_minio.py
[2025-07-25T10:53:29.547+0000] {processor.py:183} INFO - Processing /opt/airflow/dags/load_raw_from_minio.py took 0.214 seconds
[2025-07-25T10:53:59.722+0000] {processor.py:161} INFO - Started process (PID=113) to work on /opt/airflow/dags/load_raw_from_minio.py
[2025-07-25T10:53:59.723+0000] {processor.py:830} INFO - Processing file /opt/airflow/dags/load_raw_from_minio.py for tasks to queue
[2025-07-25T10:53:59.726+0000] {logging_mixin.py:188} INFO - [2025-07-25T10:53:59.726+0000] {dagbag.py:540} INFO - Filling up the DagBag from /opt/airflow/dags/load_raw_from_minio.py
[2025-07-25T10:53:59.802+0000] {logging_mixin.py:188} INFO - [2025-07-25T10:53:59.798+0000] {dagbag.py:350} ERROR - Failed to import: /opt/airflow/dags/load_raw_from_minio.py
Traceback (most recent call last):
  File "/home/airflow/.local/lib/python3.8/site-packages/airflow/models/dagbag.py", line 346, in parse
    loader.exec_module(new_module)
  File "<frozen importlib._bootstrap_external>", line 843, in exec_module
  File "<frozen importlib._bootstrap>", line 219, in _call_with_frames_removed
  File "/opt/airflow/dags/load_raw_from_minio.py", line 11, in <module>
    from utils.validation import Event
  File "/opt/airflow/utils/validation.py", line 14, in <module>
    class User(BaseModel):
  File "/home/airflow/.local/lib/python3.8/site-packages/pydantic/_internal/_model_construction.py", line 224, in __new__
    complete_model_class(
  File "/home/airflow/.local/lib/python3.8/site-packages/pydantic/_internal/_model_construction.py", line 602, in complete_model_class
    schema = cls.__get_pydantic_core_schema__(cls, handler)
  File "/home/airflow/.local/lib/python3.8/site-packages/pydantic/main.py", line 702, in __get_pydantic_core_schema__
    return handler(source)
  File "/home/airflow/.local/lib/python3.8/site-packages/pydantic/_internal/_schema_generation_shared.py", line 84, in __call__
    schema = self._handler(source_type)
  File "/home/airflow/.local/lib/python3.8/site-packages/pydantic/_internal/_generate_schema.py", line 610, in generate_schema
    schema = self._generate_schema_inner(obj)
  File "/home/airflow/.local/lib/python3.8/site-packages/pydantic/_internal/_generate_schema.py", line 879, in _generate_schema_inner
    return self._model_schema(obj)
  File "/home/airflow/.local/lib/python3.8/site-packages/pydantic/_internal/_generate_schema.py", line 691, in _model_schema
    {k: self._generate_md_field_schema(k, v, decorators) for k, v in fields.items()},
  File "/home/airflow/.local/lib/python3.8/site-packages/pydantic/_internal/_generate_schema.py", line 691, in <dictcomp>
    {k: self._generate_md_field_schema(k, v, decorators) for k, v in fields.items()},
  File "/home/airflow/.local/lib/python3.8/site-packages/pydantic/_internal/_generate_schema.py", line 1071, in _generate_md_field_schema
    common_field = self._common_field_schema(name, field_info, decorators)
  File "/home/airflow/.local/lib/python3.8/site-packages/pydantic/_internal/_generate_schema.py", line 1263, in _common_field_schema
    schema = self._apply_annotations(
  File "/home/airflow/.local/lib/python3.8/site-packages/pydantic/_internal/_generate_schema.py", line 2056, in _apply_annotations
    schema = get_inner_schema(source_type)
  File "/home/airflow/.local/lib/python3.8/site-packages/pydantic/_internal/_schema_generation_shared.py", line 84, in __call__
    schema = self._handler(source_type)
  File "/home/airflow/.local/lib/python3.8/site-packages/pydantic/_internal/_generate_schema.py", line 2035, in inner_handler
    from_property = self._generate_schema_from_property(obj, source_type)
  File "/home/airflow/.local/lib/python3.8/site-packages/pydantic/_internal/_generate_schema.py", line 759, in _generate_schema_from_property
    schema = get_schema(
  File "/home/airflow/.local/lib/python3.8/site-packages/pydantic/networks.py", line 965, in __get_pydantic_core_schema__
    import_email_validator()
  File "/home/airflow/.local/lib/python3.8/site-packages/pydantic/networks.py", line 929, in import_email_validator
    raise ImportError('email-validator version >= 2.0 required, run pip install -U email-validator')
ImportError: email-validator version >= 2.0 required, run pip install -U email-validator
[2025-07-25T10:53:59.803+0000] {processor.py:842} WARNING - No viable dags retrieved from /opt/airflow/dags/load_raw_from_minio.py
[2025-07-25T10:53:59.827+0000] {processor.py:183} INFO - Processing /opt/airflow/dags/load_raw_from_minio.py took 0.111 seconds
[2025-07-25T10:54:29.883+0000] {processor.py:161} INFO - Started process (PID=120) to work on /opt/airflow/dags/load_raw_from_minio.py
[2025-07-25T10:54:29.884+0000] {processor.py:830} INFO - Processing file /opt/airflow/dags/load_raw_from_minio.py for tasks to queue
[2025-07-25T10:54:29.887+0000] {logging_mixin.py:188} INFO - [2025-07-25T10:54:29.886+0000] {dagbag.py:540} INFO - Filling up the DagBag from /opt/airflow/dags/load_raw_from_minio.py
[2025-07-25T10:54:29.951+0000] {logging_mixin.py:188} INFO - [2025-07-25T10:54:29.947+0000] {dagbag.py:350} ERROR - Failed to import: /opt/airflow/dags/load_raw_from_minio.py
Traceback (most recent call last):
  File "/home/airflow/.local/lib/python3.8/site-packages/airflow/models/dagbag.py", line 346, in parse
    loader.exec_module(new_module)
  File "<frozen importlib._bootstrap_external>", line 843, in exec_module
  File "<frozen importlib._bootstrap>", line 219, in _call_with_frames_removed
  File "/opt/airflow/dags/load_raw_from_minio.py", line 11, in <module>
    from utils.validation import Event
  File "/opt/airflow/utils/validation.py", line 14, in <module>
    class User(BaseModel):
  File "/home/airflow/.local/lib/python3.8/site-packages/pydantic/_internal/_model_construction.py", line 224, in __new__
    complete_model_class(
  File "/home/airflow/.local/lib/python3.8/site-packages/pydantic/_internal/_model_construction.py", line 602, in complete_model_class
    schema = cls.__get_pydantic_core_schema__(cls, handler)
  File "/home/airflow/.local/lib/python3.8/site-packages/pydantic/main.py", line 702, in __get_pydantic_core_schema__
    return handler(source)
  File "/home/airflow/.local/lib/python3.8/site-packages/pydantic/_internal/_schema_generation_shared.py", line 84, in __call__
    schema = self._handler(source_type)
  File "/home/airflow/.local/lib/python3.8/site-packages/pydantic/_internal/_generate_schema.py", line 610, in generate_schema
    schema = self._generate_schema_inner(obj)
  File "/home/airflow/.local/lib/python3.8/site-packages/pydantic/_internal/_generate_schema.py", line 879, in _generate_schema_inner
    return self._model_schema(obj)
  File "/home/airflow/.local/lib/python3.8/site-packages/pydantic/_internal/_generate_schema.py", line 691, in _model_schema
    {k: self._generate_md_field_schema(k, v, decorators) for k, v in fields.items()},
  File "/home/airflow/.local/lib/python3.8/site-packages/pydantic/_internal/_generate_schema.py", line 691, in <dictcomp>
    {k: self._generate_md_field_schema(k, v, decorators) for k, v in fields.items()},
  File "/home/airflow/.local/lib/python3.8/site-packages/pydantic/_internal/_generate_schema.py", line 1071, in _generate_md_field_schema
    common_field = self._common_field_schema(name, field_info, decorators)
  File "/home/airflow/.local/lib/python3.8/site-packages/pydantic/_internal/_generate_schema.py", line 1263, in _common_field_schema
    schema = self._apply_annotations(
  File "/home/airflow/.local/lib/python3.8/site-packages/pydantic/_internal/_generate_schema.py", line 2056, in _apply_annotations
    schema = get_inner_schema(source_type)
  File "/home/airflow/.local/lib/python3.8/site-packages/pydantic/_internal/_schema_generation_shared.py", line 84, in __call__
    schema = self._handler(source_type)
  File "/home/airflow/.local/lib/python3.8/site-packages/pydantic/_internal/_generate_schema.py", line 2035, in inner_handler
    from_property = self._generate_schema_from_property(obj, source_type)
  File "/home/airflow/.local/lib/python3.8/site-packages/pydantic/_internal/_generate_schema.py", line 759, in _generate_schema_from_property
    schema = get_schema(
  File "/home/airflow/.local/lib/python3.8/site-packages/pydantic/networks.py", line 965, in __get_pydantic_core_schema__
    import_email_validator()
  File "/home/airflow/.local/lib/python3.8/site-packages/pydantic/networks.py", line 929, in import_email_validator
    raise ImportError('email-validator version >= 2.0 required, run pip install -U email-validator')
ImportError: email-validator version >= 2.0 required, run pip install -U email-validator
[2025-07-25T10:54:29.952+0000] {processor.py:842} WARNING - No viable dags retrieved from /opt/airflow/dags/load_raw_from_minio.py
[2025-07-25T10:54:29.971+0000] {processor.py:183} INFO - Processing /opt/airflow/dags/load_raw_from_minio.py took 0.093 seconds
[2025-07-25T10:55:00.156+0000] {processor.py:161} INFO - Started process (PID=127) to work on /opt/airflow/dags/load_raw_from_minio.py
[2025-07-25T10:55:00.158+0000] {processor.py:830} INFO - Processing file /opt/airflow/dags/load_raw_from_minio.py for tasks to queue
[2025-07-25T10:55:00.161+0000] {logging_mixin.py:188} INFO - [2025-07-25T10:55:00.160+0000] {dagbag.py:540} INFO - Filling up the DagBag from /opt/airflow/dags/load_raw_from_minio.py
[2025-07-25T10:55:00.226+0000] {logging_mixin.py:188} INFO - [2025-07-25T10:55:00.223+0000] {dagbag.py:350} ERROR - Failed to import: /opt/airflow/dags/load_raw_from_minio.py
Traceback (most recent call last):
  File "/home/airflow/.local/lib/python3.8/site-packages/airflow/models/dagbag.py", line 346, in parse
    loader.exec_module(new_module)
  File "<frozen importlib._bootstrap_external>", line 843, in exec_module
  File "<frozen importlib._bootstrap>", line 219, in _call_with_frames_removed
  File "/opt/airflow/dags/load_raw_from_minio.py", line 11, in <module>
    from utils.validation import Event
  File "/opt/airflow/utils/validation.py", line 14, in <module>
    class User(BaseModel):
  File "/home/airflow/.local/lib/python3.8/site-packages/pydantic/_internal/_model_construction.py", line 224, in __new__
    complete_model_class(
  File "/home/airflow/.local/lib/python3.8/site-packages/pydantic/_internal/_model_construction.py", line 602, in complete_model_class
    schema = cls.__get_pydantic_core_schema__(cls, handler)
  File "/home/airflow/.local/lib/python3.8/site-packages/pydantic/main.py", line 702, in __get_pydantic_core_schema__
    return handler(source)
  File "/home/airflow/.local/lib/python3.8/site-packages/pydantic/_internal/_schema_generation_shared.py", line 84, in __call__
    schema = self._handler(source_type)
  File "/home/airflow/.local/lib/python3.8/site-packages/pydantic/_internal/_generate_schema.py", line 610, in generate_schema
    schema = self._generate_schema_inner(obj)
  File "/home/airflow/.local/lib/python3.8/site-packages/pydantic/_internal/_generate_schema.py", line 879, in _generate_schema_inner
    return self._model_schema(obj)
  File "/home/airflow/.local/lib/python3.8/site-packages/pydantic/_internal/_generate_schema.py", line 691, in _model_schema
    {k: self._generate_md_field_schema(k, v, decorators) for k, v in fields.items()},
  File "/home/airflow/.local/lib/python3.8/site-packages/pydantic/_internal/_generate_schema.py", line 691, in <dictcomp>
    {k: self._generate_md_field_schema(k, v, decorators) for k, v in fields.items()},
  File "/home/airflow/.local/lib/python3.8/site-packages/pydantic/_internal/_generate_schema.py", line 1071, in _generate_md_field_schema
    common_field = self._common_field_schema(name, field_info, decorators)
  File "/home/airflow/.local/lib/python3.8/site-packages/pydantic/_internal/_generate_schema.py", line 1263, in _common_field_schema
    schema = self._apply_annotations(
  File "/home/airflow/.local/lib/python3.8/site-packages/pydantic/_internal/_generate_schema.py", line 2056, in _apply_annotations
    schema = get_inner_schema(source_type)
  File "/home/airflow/.local/lib/python3.8/site-packages/pydantic/_internal/_schema_generation_shared.py", line 84, in __call__
    schema = self._handler(source_type)
  File "/home/airflow/.local/lib/python3.8/site-packages/pydantic/_internal/_generate_schema.py", line 2035, in inner_handler
    from_property = self._generate_schema_from_property(obj, source_type)
  File "/home/airflow/.local/lib/python3.8/site-packages/pydantic/_internal/_generate_schema.py", line 759, in _generate_schema_from_property
    schema = get_schema(
  File "/home/airflow/.local/lib/python3.8/site-packages/pydantic/networks.py", line 965, in __get_pydantic_core_schema__
    import_email_validator()
  File "/home/airflow/.local/lib/python3.8/site-packages/pydantic/networks.py", line 929, in import_email_validator
    raise ImportError('email-validator version >= 2.0 required, run pip install -U email-validator')
ImportError: email-validator version >= 2.0 required, run pip install -U email-validator
[2025-07-25T10:55:00.227+0000] {processor.py:842} WARNING - No viable dags retrieved from /opt/airflow/dags/load_raw_from_minio.py
[2025-07-25T10:55:00.246+0000] {processor.py:183} INFO - Processing /opt/airflow/dags/load_raw_from_minio.py took 0.094 seconds
[2025-07-25T10:55:30.323+0000] {processor.py:161} INFO - Started process (PID=134) to work on /opt/airflow/dags/load_raw_from_minio.py
[2025-07-25T10:55:30.324+0000] {processor.py:830} INFO - Processing file /opt/airflow/dags/load_raw_from_minio.py for tasks to queue
[2025-07-25T10:55:30.327+0000] {logging_mixin.py:188} INFO - [2025-07-25T10:55:30.326+0000] {dagbag.py:540} INFO - Filling up the DagBag from /opt/airflow/dags/load_raw_from_minio.py
[2025-07-25T10:55:30.405+0000] {logging_mixin.py:188} INFO - [2025-07-25T10:55:30.400+0000] {dagbag.py:350} ERROR - Failed to import: /opt/airflow/dags/load_raw_from_minio.py
Traceback (most recent call last):
  File "/home/airflow/.local/lib/python3.8/site-packages/airflow/models/dagbag.py", line 346, in parse
    loader.exec_module(new_module)
  File "<frozen importlib._bootstrap_external>", line 843, in exec_module
  File "<frozen importlib._bootstrap>", line 219, in _call_with_frames_removed
  File "/opt/airflow/dags/load_raw_from_minio.py", line 11, in <module>
    from utils.validation import Event
  File "/opt/airflow/utils/validation.py", line 14, in <module>
    class User(BaseModel):
  File "/home/airflow/.local/lib/python3.8/site-packages/pydantic/_internal/_model_construction.py", line 224, in __new__
    complete_model_class(
  File "/home/airflow/.local/lib/python3.8/site-packages/pydantic/_internal/_model_construction.py", line 602, in complete_model_class
    schema = cls.__get_pydantic_core_schema__(cls, handler)
  File "/home/airflow/.local/lib/python3.8/site-packages/pydantic/main.py", line 702, in __get_pydantic_core_schema__
    return handler(source)
  File "/home/airflow/.local/lib/python3.8/site-packages/pydantic/_internal/_schema_generation_shared.py", line 84, in __call__
    schema = self._handler(source_type)
  File "/home/airflow/.local/lib/python3.8/site-packages/pydantic/_internal/_generate_schema.py", line 610, in generate_schema
    schema = self._generate_schema_inner(obj)
  File "/home/airflow/.local/lib/python3.8/site-packages/pydantic/_internal/_generate_schema.py", line 879, in _generate_schema_inner
    return self._model_schema(obj)
  File "/home/airflow/.local/lib/python3.8/site-packages/pydantic/_internal/_generate_schema.py", line 691, in _model_schema
    {k: self._generate_md_field_schema(k, v, decorators) for k, v in fields.items()},
  File "/home/airflow/.local/lib/python3.8/site-packages/pydantic/_internal/_generate_schema.py", line 691, in <dictcomp>
    {k: self._generate_md_field_schema(k, v, decorators) for k, v in fields.items()},
  File "/home/airflow/.local/lib/python3.8/site-packages/pydantic/_internal/_generate_schema.py", line 1071, in _generate_md_field_schema
    common_field = self._common_field_schema(name, field_info, decorators)
  File "/home/airflow/.local/lib/python3.8/site-packages/pydantic/_internal/_generate_schema.py", line 1263, in _common_field_schema
    schema = self._apply_annotations(
  File "/home/airflow/.local/lib/python3.8/site-packages/pydantic/_internal/_generate_schema.py", line 2056, in _apply_annotations
    schema = get_inner_schema(source_type)
  File "/home/airflow/.local/lib/python3.8/site-packages/pydantic/_internal/_schema_generation_shared.py", line 84, in __call__
    schema = self._handler(source_type)
  File "/home/airflow/.local/lib/python3.8/site-packages/pydantic/_internal/_generate_schema.py", line 2035, in inner_handler
    from_property = self._generate_schema_from_property(obj, source_type)
  File "/home/airflow/.local/lib/python3.8/site-packages/pydantic/_internal/_generate_schema.py", line 759, in _generate_schema_from_property
    schema = get_schema(
  File "/home/airflow/.local/lib/python3.8/site-packages/pydantic/networks.py", line 965, in __get_pydantic_core_schema__
    import_email_validator()
  File "/home/airflow/.local/lib/python3.8/site-packages/pydantic/networks.py", line 929, in import_email_validator
    raise ImportError('email-validator version >= 2.0 required, run pip install -U email-validator')
ImportError: email-validator version >= 2.0 required, run pip install -U email-validator
[2025-07-25T10:55:30.406+0000] {processor.py:842} WARNING - No viable dags retrieved from /opt/airflow/dags/load_raw_from_minio.py
[2025-07-25T10:55:30.430+0000] {processor.py:183} INFO - Processing /opt/airflow/dags/load_raw_from_minio.py took 0.112 seconds
[2025-07-25T10:56:00.625+0000] {processor.py:161} INFO - Started process (PID=141) to work on /opt/airflow/dags/load_raw_from_minio.py
[2025-07-25T10:56:00.626+0000] {processor.py:830} INFO - Processing file /opt/airflow/dags/load_raw_from_minio.py for tasks to queue
[2025-07-25T10:56:00.629+0000] {logging_mixin.py:188} INFO - [2025-07-25T10:56:00.628+0000] {dagbag.py:540} INFO - Filling up the DagBag from /opt/airflow/dags/load_raw_from_minio.py
[2025-07-25T10:56:00.708+0000] {logging_mixin.py:188} INFO - [2025-07-25T10:56:00.703+0000] {dagbag.py:350} ERROR - Failed to import: /opt/airflow/dags/load_raw_from_minio.py
Traceback (most recent call last):
  File "/home/airflow/.local/lib/python3.8/site-packages/airflow/models/dagbag.py", line 346, in parse
    loader.exec_module(new_module)
  File "<frozen importlib._bootstrap_external>", line 843, in exec_module
  File "<frozen importlib._bootstrap>", line 219, in _call_with_frames_removed
  File "/opt/airflow/dags/load_raw_from_minio.py", line 11, in <module>
    from utils.validation import Event
  File "/opt/airflow/utils/validation.py", line 14, in <module>
    class User(BaseModel):
  File "/home/airflow/.local/lib/python3.8/site-packages/pydantic/_internal/_model_construction.py", line 224, in __new__
    complete_model_class(
  File "/home/airflow/.local/lib/python3.8/site-packages/pydantic/_internal/_model_construction.py", line 602, in complete_model_class
    schema = cls.__get_pydantic_core_schema__(cls, handler)
  File "/home/airflow/.local/lib/python3.8/site-packages/pydantic/main.py", line 702, in __get_pydantic_core_schema__
    return handler(source)
  File "/home/airflow/.local/lib/python3.8/site-packages/pydantic/_internal/_schema_generation_shared.py", line 84, in __call__
    schema = self._handler(source_type)
  File "/home/airflow/.local/lib/python3.8/site-packages/pydantic/_internal/_generate_schema.py", line 610, in generate_schema
    schema = self._generate_schema_inner(obj)
  File "/home/airflow/.local/lib/python3.8/site-packages/pydantic/_internal/_generate_schema.py", line 879, in _generate_schema_inner
    return self._model_schema(obj)
  File "/home/airflow/.local/lib/python3.8/site-packages/pydantic/_internal/_generate_schema.py", line 691, in _model_schema
    {k: self._generate_md_field_schema(k, v, decorators) for k, v in fields.items()},
  File "/home/airflow/.local/lib/python3.8/site-packages/pydantic/_internal/_generate_schema.py", line 691, in <dictcomp>
    {k: self._generate_md_field_schema(k, v, decorators) for k, v in fields.items()},
  File "/home/airflow/.local/lib/python3.8/site-packages/pydantic/_internal/_generate_schema.py", line 1071, in _generate_md_field_schema
    common_field = self._common_field_schema(name, field_info, decorators)
  File "/home/airflow/.local/lib/python3.8/site-packages/pydantic/_internal/_generate_schema.py", line 1263, in _common_field_schema
    schema = self._apply_annotations(
  File "/home/airflow/.local/lib/python3.8/site-packages/pydantic/_internal/_generate_schema.py", line 2056, in _apply_annotations
    schema = get_inner_schema(source_type)
  File "/home/airflow/.local/lib/python3.8/site-packages/pydantic/_internal/_schema_generation_shared.py", line 84, in __call__
    schema = self._handler(source_type)
  File "/home/airflow/.local/lib/python3.8/site-packages/pydantic/_internal/_generate_schema.py", line 2035, in inner_handler
    from_property = self._generate_schema_from_property(obj, source_type)
  File "/home/airflow/.local/lib/python3.8/site-packages/pydantic/_internal/_generate_schema.py", line 759, in _generate_schema_from_property
    schema = get_schema(
  File "/home/airflow/.local/lib/python3.8/site-packages/pydantic/networks.py", line 965, in __get_pydantic_core_schema__
    import_email_validator()
  File "/home/airflow/.local/lib/python3.8/site-packages/pydantic/networks.py", line 929, in import_email_validator
    raise ImportError('email-validator version >= 2.0 required, run pip install -U email-validator')
ImportError: email-validator version >= 2.0 required, run pip install -U email-validator
[2025-07-25T10:56:00.709+0000] {processor.py:842} WARNING - No viable dags retrieved from /opt/airflow/dags/load_raw_from_minio.py
[2025-07-25T10:56:00.730+0000] {processor.py:183} INFO - Processing /opt/airflow/dags/load_raw_from_minio.py took 0.110 seconds
[2025-07-25T10:56:30.835+0000] {processor.py:161} INFO - Started process (PID=148) to work on /opt/airflow/dags/load_raw_from_minio.py
[2025-07-25T10:56:30.836+0000] {processor.py:830} INFO - Processing file /opt/airflow/dags/load_raw_from_minio.py for tasks to queue
[2025-07-25T10:56:30.839+0000] {logging_mixin.py:188} INFO - [2025-07-25T10:56:30.838+0000] {dagbag.py:540} INFO - Filling up the DagBag from /opt/airflow/dags/load_raw_from_minio.py
[2025-07-25T10:56:30.908+0000] {logging_mixin.py:188} INFO - [2025-07-25T10:56:30.905+0000] {dagbag.py:350} ERROR - Failed to import: /opt/airflow/dags/load_raw_from_minio.py
Traceback (most recent call last):
  File "/home/airflow/.local/lib/python3.8/site-packages/airflow/models/dagbag.py", line 346, in parse
    loader.exec_module(new_module)
  File "<frozen importlib._bootstrap_external>", line 843, in exec_module
  File "<frozen importlib._bootstrap>", line 219, in _call_with_frames_removed
  File "/opt/airflow/dags/load_raw_from_minio.py", line 11, in <module>
    from utils.validation import Event
  File "/opt/airflow/utils/validation.py", line 14, in <module>
    class User(BaseModel):
  File "/home/airflow/.local/lib/python3.8/site-packages/pydantic/_internal/_model_construction.py", line 224, in __new__
    complete_model_class(
  File "/home/airflow/.local/lib/python3.8/site-packages/pydantic/_internal/_model_construction.py", line 602, in complete_model_class
    schema = cls.__get_pydantic_core_schema__(cls, handler)
  File "/home/airflow/.local/lib/python3.8/site-packages/pydantic/main.py", line 702, in __get_pydantic_core_schema__
    return handler(source)
  File "/home/airflow/.local/lib/python3.8/site-packages/pydantic/_internal/_schema_generation_shared.py", line 84, in __call__
    schema = self._handler(source_type)
  File "/home/airflow/.local/lib/python3.8/site-packages/pydantic/_internal/_generate_schema.py", line 610, in generate_schema
    schema = self._generate_schema_inner(obj)
  File "/home/airflow/.local/lib/python3.8/site-packages/pydantic/_internal/_generate_schema.py", line 879, in _generate_schema_inner
    return self._model_schema(obj)
  File "/home/airflow/.local/lib/python3.8/site-packages/pydantic/_internal/_generate_schema.py", line 691, in _model_schema
    {k: self._generate_md_field_schema(k, v, decorators) for k, v in fields.items()},
  File "/home/airflow/.local/lib/python3.8/site-packages/pydantic/_internal/_generate_schema.py", line 691, in <dictcomp>
    {k: self._generate_md_field_schema(k, v, decorators) for k, v in fields.items()},
  File "/home/airflow/.local/lib/python3.8/site-packages/pydantic/_internal/_generate_schema.py", line 1071, in _generate_md_field_schema
    common_field = self._common_field_schema(name, field_info, decorators)
  File "/home/airflow/.local/lib/python3.8/site-packages/pydantic/_internal/_generate_schema.py", line 1263, in _common_field_schema
    schema = self._apply_annotations(
  File "/home/airflow/.local/lib/python3.8/site-packages/pydantic/_internal/_generate_schema.py", line 2056, in _apply_annotations
    schema = get_inner_schema(source_type)
  File "/home/airflow/.local/lib/python3.8/site-packages/pydantic/_internal/_schema_generation_shared.py", line 84, in __call__
    schema = self._handler(source_type)
  File "/home/airflow/.local/lib/python3.8/site-packages/pydantic/_internal/_generate_schema.py", line 2035, in inner_handler
    from_property = self._generate_schema_from_property(obj, source_type)
  File "/home/airflow/.local/lib/python3.8/site-packages/pydantic/_internal/_generate_schema.py", line 759, in _generate_schema_from_property
    schema = get_schema(
  File "/home/airflow/.local/lib/python3.8/site-packages/pydantic/networks.py", line 965, in __get_pydantic_core_schema__
    import_email_validator()
  File "/home/airflow/.local/lib/python3.8/site-packages/pydantic/networks.py", line 929, in import_email_validator
    raise ImportError('email-validator version >= 2.0 required, run pip install -U email-validator')
ImportError: email-validator version >= 2.0 required, run pip install -U email-validator
[2025-07-25T10:56:30.909+0000] {processor.py:842} WARNING - No viable dags retrieved from /opt/airflow/dags/load_raw_from_minio.py
[2025-07-25T10:56:30.933+0000] {processor.py:183} INFO - Processing /opt/airflow/dags/load_raw_from_minio.py took 0.102 seconds
[2025-07-25T10:57:01.018+0000] {processor.py:161} INFO - Started process (PID=155) to work on /opt/airflow/dags/load_raw_from_minio.py
[2025-07-25T10:57:01.019+0000] {processor.py:830} INFO - Processing file /opt/airflow/dags/load_raw_from_minio.py for tasks to queue
[2025-07-25T10:57:01.021+0000] {logging_mixin.py:188} INFO - [2025-07-25T10:57:01.020+0000] {dagbag.py:540} INFO - Filling up the DagBag from /opt/airflow/dags/load_raw_from_minio.py
[2025-07-25T10:57:01.077+0000] {logging_mixin.py:188} INFO - [2025-07-25T10:57:01.074+0000] {dagbag.py:350} ERROR - Failed to import: /opt/airflow/dags/load_raw_from_minio.py
Traceback (most recent call last):
  File "/home/airflow/.local/lib/python3.8/site-packages/airflow/models/dagbag.py", line 346, in parse
    loader.exec_module(new_module)
  File "<frozen importlib._bootstrap_external>", line 843, in exec_module
  File "<frozen importlib._bootstrap>", line 219, in _call_with_frames_removed
  File "/opt/airflow/dags/load_raw_from_minio.py", line 11, in <module>
    from utils.validation import Event
  File "/opt/airflow/utils/validation.py", line 14, in <module>
    class User(BaseModel):
  File "/home/airflow/.local/lib/python3.8/site-packages/pydantic/_internal/_model_construction.py", line 224, in __new__
    complete_model_class(
  File "/home/airflow/.local/lib/python3.8/site-packages/pydantic/_internal/_model_construction.py", line 602, in complete_model_class
    schema = cls.__get_pydantic_core_schema__(cls, handler)
  File "/home/airflow/.local/lib/python3.8/site-packages/pydantic/main.py", line 702, in __get_pydantic_core_schema__
    return handler(source)
  File "/home/airflow/.local/lib/python3.8/site-packages/pydantic/_internal/_schema_generation_shared.py", line 84, in __call__
    schema = self._handler(source_type)
  File "/home/airflow/.local/lib/python3.8/site-packages/pydantic/_internal/_generate_schema.py", line 610, in generate_schema
    schema = self._generate_schema_inner(obj)
  File "/home/airflow/.local/lib/python3.8/site-packages/pydantic/_internal/_generate_schema.py", line 879, in _generate_schema_inner
    return self._model_schema(obj)
  File "/home/airflow/.local/lib/python3.8/site-packages/pydantic/_internal/_generate_schema.py", line 691, in _model_schema
    {k: self._generate_md_field_schema(k, v, decorators) for k, v in fields.items()},
  File "/home/airflow/.local/lib/python3.8/site-packages/pydantic/_internal/_generate_schema.py", line 691, in <dictcomp>
    {k: self._generate_md_field_schema(k, v, decorators) for k, v in fields.items()},
  File "/home/airflow/.local/lib/python3.8/site-packages/pydantic/_internal/_generate_schema.py", line 1071, in _generate_md_field_schema
    common_field = self._common_field_schema(name, field_info, decorators)
  File "/home/airflow/.local/lib/python3.8/site-packages/pydantic/_internal/_generate_schema.py", line 1263, in _common_field_schema
    schema = self._apply_annotations(
  File "/home/airflow/.local/lib/python3.8/site-packages/pydantic/_internal/_generate_schema.py", line 2056, in _apply_annotations
    schema = get_inner_schema(source_type)
  File "/home/airflow/.local/lib/python3.8/site-packages/pydantic/_internal/_schema_generation_shared.py", line 84, in __call__
    schema = self._handler(source_type)
  File "/home/airflow/.local/lib/python3.8/site-packages/pydantic/_internal/_generate_schema.py", line 2035, in inner_handler
    from_property = self._generate_schema_from_property(obj, source_type)
  File "/home/airflow/.local/lib/python3.8/site-packages/pydantic/_internal/_generate_schema.py", line 759, in _generate_schema_from_property
    schema = get_schema(
  File "/home/airflow/.local/lib/python3.8/site-packages/pydantic/networks.py", line 965, in __get_pydantic_core_schema__
    import_email_validator()
  File "/home/airflow/.local/lib/python3.8/site-packages/pydantic/networks.py", line 929, in import_email_validator
    raise ImportError('email-validator version >= 2.0 required, run pip install -U email-validator')
ImportError: email-validator version >= 2.0 required, run pip install -U email-validator
[2025-07-25T10:57:01.078+0000] {processor.py:842} WARNING - No viable dags retrieved from /opt/airflow/dags/load_raw_from_minio.py
[2025-07-25T10:57:01.097+0000] {processor.py:183} INFO - Processing /opt/airflow/dags/load_raw_from_minio.py took 0.083 seconds
[2025-07-25T10:57:31.214+0000] {processor.py:161} INFO - Started process (PID=162) to work on /opt/airflow/dags/load_raw_from_minio.py
[2025-07-25T10:57:31.215+0000] {processor.py:830} INFO - Processing file /opt/airflow/dags/load_raw_from_minio.py for tasks to queue
[2025-07-25T10:57:31.218+0000] {logging_mixin.py:188} INFO - [2025-07-25T10:57:31.217+0000] {dagbag.py:540} INFO - Filling up the DagBag from /opt/airflow/dags/load_raw_from_minio.py
[2025-07-25T10:57:31.286+0000] {logging_mixin.py:188} INFO - [2025-07-25T10:57:31.283+0000] {dagbag.py:350} ERROR - Failed to import: /opt/airflow/dags/load_raw_from_minio.py
Traceback (most recent call last):
  File "/home/airflow/.local/lib/python3.8/site-packages/airflow/models/dagbag.py", line 346, in parse
    loader.exec_module(new_module)
  File "<frozen importlib._bootstrap_external>", line 843, in exec_module
  File "<frozen importlib._bootstrap>", line 219, in _call_with_frames_removed
  File "/opt/airflow/dags/load_raw_from_minio.py", line 11, in <module>
    from utils.validation import Event
  File "/opt/airflow/utils/validation.py", line 14, in <module>
    class User(BaseModel):
  File "/home/airflow/.local/lib/python3.8/site-packages/pydantic/_internal/_model_construction.py", line 224, in __new__
    complete_model_class(
  File "/home/airflow/.local/lib/python3.8/site-packages/pydantic/_internal/_model_construction.py", line 602, in complete_model_class
    schema = cls.__get_pydantic_core_schema__(cls, handler)
  File "/home/airflow/.local/lib/python3.8/site-packages/pydantic/main.py", line 702, in __get_pydantic_core_schema__
    return handler(source)
  File "/home/airflow/.local/lib/python3.8/site-packages/pydantic/_internal/_schema_generation_shared.py", line 84, in __call__
    schema = self._handler(source_type)
  File "/home/airflow/.local/lib/python3.8/site-packages/pydantic/_internal/_generate_schema.py", line 610, in generate_schema
    schema = self._generate_schema_inner(obj)
  File "/home/airflow/.local/lib/python3.8/site-packages/pydantic/_internal/_generate_schema.py", line 879, in _generate_schema_inner
    return self._model_schema(obj)
  File "/home/airflow/.local/lib/python3.8/site-packages/pydantic/_internal/_generate_schema.py", line 691, in _model_schema
    {k: self._generate_md_field_schema(k, v, decorators) for k, v in fields.items()},
  File "/home/airflow/.local/lib/python3.8/site-packages/pydantic/_internal/_generate_schema.py", line 691, in <dictcomp>
    {k: self._generate_md_field_schema(k, v, decorators) for k, v in fields.items()},
  File "/home/airflow/.local/lib/python3.8/site-packages/pydantic/_internal/_generate_schema.py", line 1071, in _generate_md_field_schema
    common_field = self._common_field_schema(name, field_info, decorators)
  File "/home/airflow/.local/lib/python3.8/site-packages/pydantic/_internal/_generate_schema.py", line 1263, in _common_field_schema
    schema = self._apply_annotations(
  File "/home/airflow/.local/lib/python3.8/site-packages/pydantic/_internal/_generate_schema.py", line 2056, in _apply_annotations
    schema = get_inner_schema(source_type)
  File "/home/airflow/.local/lib/python3.8/site-packages/pydantic/_internal/_schema_generation_shared.py", line 84, in __call__
    schema = self._handler(source_type)
  File "/home/airflow/.local/lib/python3.8/site-packages/pydantic/_internal/_generate_schema.py", line 2035, in inner_handler
    from_property = self._generate_schema_from_property(obj, source_type)
  File "/home/airflow/.local/lib/python3.8/site-packages/pydantic/_internal/_generate_schema.py", line 759, in _generate_schema_from_property
    schema = get_schema(
  File "/home/airflow/.local/lib/python3.8/site-packages/pydantic/networks.py", line 965, in __get_pydantic_core_schema__
    import_email_validator()
  File "/home/airflow/.local/lib/python3.8/site-packages/pydantic/networks.py", line 929, in import_email_validator
    raise ImportError('email-validator version >= 2.0 required, run pip install -U email-validator')
ImportError: email-validator version >= 2.0 required, run pip install -U email-validator
[2025-07-25T10:57:31.287+0000] {processor.py:842} WARNING - No viable dags retrieved from /opt/airflow/dags/load_raw_from_minio.py
[2025-07-25T10:57:31.305+0000] {processor.py:183} INFO - Processing /opt/airflow/dags/load_raw_from_minio.py took 0.096 seconds
[2025-07-25T10:58:01.475+0000] {processor.py:161} INFO - Started process (PID=169) to work on /opt/airflow/dags/load_raw_from_minio.py
[2025-07-25T10:58:01.476+0000] {processor.py:830} INFO - Processing file /opt/airflow/dags/load_raw_from_minio.py for tasks to queue
[2025-07-25T10:58:01.479+0000] {logging_mixin.py:188} INFO - [2025-07-25T10:58:01.479+0000] {dagbag.py:540} INFO - Filling up the DagBag from /opt/airflow/dags/load_raw_from_minio.py
[2025-07-25T10:58:01.558+0000] {logging_mixin.py:188} INFO - [2025-07-25T10:58:01.553+0000] {dagbag.py:350} ERROR - Failed to import: /opt/airflow/dags/load_raw_from_minio.py
Traceback (most recent call last):
  File "/home/airflow/.local/lib/python3.8/site-packages/airflow/models/dagbag.py", line 346, in parse
    loader.exec_module(new_module)
  File "<frozen importlib._bootstrap_external>", line 843, in exec_module
  File "<frozen importlib._bootstrap>", line 219, in _call_with_frames_removed
  File "/opt/airflow/dags/load_raw_from_minio.py", line 11, in <module>
    from utils.validation import Event
  File "/opt/airflow/utils/validation.py", line 14, in <module>
    class User(BaseModel):
  File "/home/airflow/.local/lib/python3.8/site-packages/pydantic/_internal/_model_construction.py", line 224, in __new__
    complete_model_class(
  File "/home/airflow/.local/lib/python3.8/site-packages/pydantic/_internal/_model_construction.py", line 602, in complete_model_class
    schema = cls.__get_pydantic_core_schema__(cls, handler)
  File "/home/airflow/.local/lib/python3.8/site-packages/pydantic/main.py", line 702, in __get_pydantic_core_schema__
    return handler(source)
  File "/home/airflow/.local/lib/python3.8/site-packages/pydantic/_internal/_schema_generation_shared.py", line 84, in __call__
    schema = self._handler(source_type)
  File "/home/airflow/.local/lib/python3.8/site-packages/pydantic/_internal/_generate_schema.py", line 610, in generate_schema
    schema = self._generate_schema_inner(obj)
  File "/home/airflow/.local/lib/python3.8/site-packages/pydantic/_internal/_generate_schema.py", line 879, in _generate_schema_inner
    return self._model_schema(obj)
  File "/home/airflow/.local/lib/python3.8/site-packages/pydantic/_internal/_generate_schema.py", line 691, in _model_schema
    {k: self._generate_md_field_schema(k, v, decorators) for k, v in fields.items()},
  File "/home/airflow/.local/lib/python3.8/site-packages/pydantic/_internal/_generate_schema.py", line 691, in <dictcomp>
    {k: self._generate_md_field_schema(k, v, decorators) for k, v in fields.items()},
  File "/home/airflow/.local/lib/python3.8/site-packages/pydantic/_internal/_generate_schema.py", line 1071, in _generate_md_field_schema
    common_field = self._common_field_schema(name, field_info, decorators)
  File "/home/airflow/.local/lib/python3.8/site-packages/pydantic/_internal/_generate_schema.py", line 1263, in _common_field_schema
    schema = self._apply_annotations(
  File "/home/airflow/.local/lib/python3.8/site-packages/pydantic/_internal/_generate_schema.py", line 2056, in _apply_annotations
    schema = get_inner_schema(source_type)
  File "/home/airflow/.local/lib/python3.8/site-packages/pydantic/_internal/_schema_generation_shared.py", line 84, in __call__
    schema = self._handler(source_type)
  File "/home/airflow/.local/lib/python3.8/site-packages/pydantic/_internal/_generate_schema.py", line 2035, in inner_handler
    from_property = self._generate_schema_from_property(obj, source_type)
  File "/home/airflow/.local/lib/python3.8/site-packages/pydantic/_internal/_generate_schema.py", line 759, in _generate_schema_from_property
    schema = get_schema(
  File "/home/airflow/.local/lib/python3.8/site-packages/pydantic/networks.py", line 965, in __get_pydantic_core_schema__
    import_email_validator()
  File "/home/airflow/.local/lib/python3.8/site-packages/pydantic/networks.py", line 929, in import_email_validator
    raise ImportError('email-validator version >= 2.0 required, run pip install -U email-validator')
ImportError: email-validator version >= 2.0 required, run pip install -U email-validator
[2025-07-25T10:58:01.559+0000] {processor.py:842} WARNING - No viable dags retrieved from /opt/airflow/dags/load_raw_from_minio.py
[2025-07-25T10:58:01.591+0000] {processor.py:183} INFO - Processing /opt/airflow/dags/load_raw_from_minio.py took 0.121 seconds
[2025-07-25T10:58:31.710+0000] {processor.py:161} INFO - Started process (PID=176) to work on /opt/airflow/dags/load_raw_from_minio.py
[2025-07-25T10:58:31.711+0000] {processor.py:830} INFO - Processing file /opt/airflow/dags/load_raw_from_minio.py for tasks to queue
[2025-07-25T10:58:31.715+0000] {logging_mixin.py:188} INFO - [2025-07-25T10:58:31.714+0000] {dagbag.py:540} INFO - Filling up the DagBag from /opt/airflow/dags/load_raw_from_minio.py
[2025-07-25T10:58:31.792+0000] {logging_mixin.py:188} INFO - [2025-07-25T10:58:31.787+0000] {dagbag.py:350} ERROR - Failed to import: /opt/airflow/dags/load_raw_from_minio.py
Traceback (most recent call last):
  File "/home/airflow/.local/lib/python3.8/site-packages/airflow/models/dagbag.py", line 346, in parse
    loader.exec_module(new_module)
  File "<frozen importlib._bootstrap_external>", line 843, in exec_module
  File "<frozen importlib._bootstrap>", line 219, in _call_with_frames_removed
  File "/opt/airflow/dags/load_raw_from_minio.py", line 11, in <module>
    from utils.validation import Event
  File "/opt/airflow/utils/validation.py", line 14, in <module>
    class User(BaseModel):
  File "/home/airflow/.local/lib/python3.8/site-packages/pydantic/_internal/_model_construction.py", line 224, in __new__
    complete_model_class(
  File "/home/airflow/.local/lib/python3.8/site-packages/pydantic/_internal/_model_construction.py", line 602, in complete_model_class
    schema = cls.__get_pydantic_core_schema__(cls, handler)
  File "/home/airflow/.local/lib/python3.8/site-packages/pydantic/main.py", line 702, in __get_pydantic_core_schema__
    return handler(source)
  File "/home/airflow/.local/lib/python3.8/site-packages/pydantic/_internal/_schema_generation_shared.py", line 84, in __call__
    schema = self._handler(source_type)
  File "/home/airflow/.local/lib/python3.8/site-packages/pydantic/_internal/_generate_schema.py", line 610, in generate_schema
    schema = self._generate_schema_inner(obj)
  File "/home/airflow/.local/lib/python3.8/site-packages/pydantic/_internal/_generate_schema.py", line 879, in _generate_schema_inner
    return self._model_schema(obj)
  File "/home/airflow/.local/lib/python3.8/site-packages/pydantic/_internal/_generate_schema.py", line 691, in _model_schema
    {k: self._generate_md_field_schema(k, v, decorators) for k, v in fields.items()},
  File "/home/airflow/.local/lib/python3.8/site-packages/pydantic/_internal/_generate_schema.py", line 691, in <dictcomp>
    {k: self._generate_md_field_schema(k, v, decorators) for k, v in fields.items()},
  File "/home/airflow/.local/lib/python3.8/site-packages/pydantic/_internal/_generate_schema.py", line 1071, in _generate_md_field_schema
    common_field = self._common_field_schema(name, field_info, decorators)
  File "/home/airflow/.local/lib/python3.8/site-packages/pydantic/_internal/_generate_schema.py", line 1263, in _common_field_schema
    schema = self._apply_annotations(
  File "/home/airflow/.local/lib/python3.8/site-packages/pydantic/_internal/_generate_schema.py", line 2056, in _apply_annotations
    schema = get_inner_schema(source_type)
  File "/home/airflow/.local/lib/python3.8/site-packages/pydantic/_internal/_schema_generation_shared.py", line 84, in __call__
    schema = self._handler(source_type)
  File "/home/airflow/.local/lib/python3.8/site-packages/pydantic/_internal/_generate_schema.py", line 2035, in inner_handler
    from_property = self._generate_schema_from_property(obj, source_type)
  File "/home/airflow/.local/lib/python3.8/site-packages/pydantic/_internal/_generate_schema.py", line 759, in _generate_schema_from_property
    schema = get_schema(
  File "/home/airflow/.local/lib/python3.8/site-packages/pydantic/networks.py", line 965, in __get_pydantic_core_schema__
    import_email_validator()
  File "/home/airflow/.local/lib/python3.8/site-packages/pydantic/networks.py", line 929, in import_email_validator
    raise ImportError('email-validator version >= 2.0 required, run pip install -U email-validator')
ImportError: email-validator version >= 2.0 required, run pip install -U email-validator
[2025-07-25T10:58:31.792+0000] {processor.py:842} WARNING - No viable dags retrieved from /opt/airflow/dags/load_raw_from_minio.py
[2025-07-25T10:58:31.817+0000] {processor.py:183} INFO - Processing /opt/airflow/dags/load_raw_from_minio.py took 0.118 seconds
[2025-07-25T11:00:02.716+0000] {processor.py:161} INFO - Started process (PID=99) to work on /opt/airflow/dags/load_raw_from_minio.py
[2025-07-25T11:00:02.718+0000] {processor.py:830} INFO - Processing file /opt/airflow/dags/load_raw_from_minio.py for tasks to queue
[2025-07-25T11:00:02.722+0000] {logging_mixin.py:188} INFO - [2025-07-25T11:00:02.722+0000] {dagbag.py:540} INFO - Filling up the DagBag from /opt/airflow/dags/load_raw_from_minio.py
[2025-07-25T11:00:02.852+0000] {processor.py:840} INFO - DAG(s) 'load_raw_from_minio' retrieved from /opt/airflow/dags/load_raw_from_minio.py
[2025-07-25T11:00:03.171+0000] {logging_mixin.py:188} INFO - [2025-07-25T11:00:03.170+0000] {override.py:1769} INFO - Created Permission View: can edit on DAG:load_raw_from_minio
[2025-07-25T11:00:03.184+0000] {logging_mixin.py:188} INFO - [2025-07-25T11:00:03.183+0000] {override.py:1769} INFO - Created Permission View: can read on DAG:load_raw_from_minio
[2025-07-25T11:00:03.193+0000] {logging_mixin.py:188} INFO - [2025-07-25T11:00:03.193+0000] {override.py:1769} INFO - Created Permission View: can delete on DAG:load_raw_from_minio
[2025-07-25T11:00:03.194+0000] {logging_mixin.py:188} INFO - [2025-07-25T11:00:03.194+0000] {dag.py:3047} INFO - Sync 1 DAGs
[2025-07-25T11:00:03.211+0000] {logging_mixin.py:188} INFO - [2025-07-25T11:00:03.211+0000] {dag.py:3069} INFO - Creating ORM DAG for load_raw_from_minio
[2025-07-25T11:00:03.229+0000] {logging_mixin.py:188} INFO - [2025-07-25T11:00:03.228+0000] {dag.py:3834} INFO - Setting next_dagrun for load_raw_from_minio to 2025-07-25 10:00:00+00:00, run_after=2025-07-25 11:00:00+00:00
[2025-07-25T11:00:03.266+0000] {processor.py:183} INFO - Processing /opt/airflow/dags/load_raw_from_minio.py took 0.555 seconds
[2025-07-25T11:00:33.505+0000] {processor.py:161} INFO - Started process (PID=106) to work on /opt/airflow/dags/load_raw_from_minio.py
[2025-07-25T11:00:33.507+0000] {processor.py:830} INFO - Processing file /opt/airflow/dags/load_raw_from_minio.py for tasks to queue
[2025-07-25T11:00:33.510+0000] {logging_mixin.py:188} INFO - [2025-07-25T11:00:33.509+0000] {dagbag.py:540} INFO - Filling up the DagBag from /opt/airflow/dags/load_raw_from_minio.py
[2025-07-25T11:00:33.604+0000] {processor.py:840} INFO - DAG(s) 'load_raw_from_minio' retrieved from /opt/airflow/dags/load_raw_from_minio.py
[2025-07-25T11:00:33.649+0000] {logging_mixin.py:188} INFO - [2025-07-25T11:00:33.649+0000] {dag.py:3047} INFO - Sync 1 DAGs
[2025-07-25T11:00:33.692+0000] {logging_mixin.py:188} INFO - [2025-07-25T11:00:33.692+0000] {dag.py:3834} INFO - Setting next_dagrun for load_raw_from_minio to 2025-07-25 10:00:00+00:00, run_after=2025-07-25 11:00:00+00:00
[2025-07-25T11:00:33.733+0000] {processor.py:183} INFO - Processing /opt/airflow/dags/load_raw_from_minio.py took 0.233 seconds
[2025-07-25T11:01:03.929+0000] {processor.py:161} INFO - Started process (PID=113) to work on /opt/airflow/dags/load_raw_from_minio.py
[2025-07-25T11:01:03.931+0000] {processor.py:830} INFO - Processing file /opt/airflow/dags/load_raw_from_minio.py for tasks to queue
[2025-07-25T11:01:03.934+0000] {logging_mixin.py:188} INFO - [2025-07-25T11:01:03.933+0000] {dagbag.py:540} INFO - Filling up the DagBag from /opt/airflow/dags/load_raw_from_minio.py
[2025-07-25T11:01:04.030+0000] {processor.py:840} INFO - DAG(s) 'load_raw_from_minio' retrieved from /opt/airflow/dags/load_raw_from_minio.py
[2025-07-25T11:01:04.061+0000] {logging_mixin.py:188} INFO - [2025-07-25T11:01:04.061+0000] {dag.py:3047} INFO - Sync 1 DAGs
[2025-07-25T11:01:04.093+0000] {logging_mixin.py:188} INFO - [2025-07-25T11:01:04.093+0000] {dag.py:3834} INFO - Setting next_dagrun for load_raw_from_minio to 2025-07-25 10:00:00+00:00, run_after=2025-07-25 11:00:00+00:00
[2025-07-25T11:01:04.115+0000] {processor.py:183} INFO - Processing /opt/airflow/dags/load_raw_from_minio.py took 0.192 seconds
[2025-07-25T11:01:34.364+0000] {processor.py:161} INFO - Started process (PID=120) to work on /opt/airflow/dags/load_raw_from_minio.py
[2025-07-25T11:01:34.365+0000] {processor.py:830} INFO - Processing file /opt/airflow/dags/load_raw_from_minio.py for tasks to queue
[2025-07-25T11:01:34.368+0000] {logging_mixin.py:188} INFO - [2025-07-25T11:01:34.368+0000] {dagbag.py:540} INFO - Filling up the DagBag from /opt/airflow/dags/load_raw_from_minio.py
[2025-07-25T11:01:34.473+0000] {processor.py:840} INFO - DAG(s) 'load_raw_from_minio' retrieved from /opt/airflow/dags/load_raw_from_minio.py
[2025-07-25T11:01:34.508+0000] {logging_mixin.py:188} INFO - [2025-07-25T11:01:34.507+0000] {dag.py:3047} INFO - Sync 1 DAGs
[2025-07-25T11:01:34.546+0000] {logging_mixin.py:188} INFO - [2025-07-25T11:01:34.546+0000] {dag.py:3834} INFO - Setting next_dagrun for load_raw_from_minio to 2025-07-25 10:00:00+00:00, run_after=2025-07-25 11:00:00+00:00
[2025-07-25T11:01:34.576+0000] {processor.py:183} INFO - Processing /opt/airflow/dags/load_raw_from_minio.py took 0.217 seconds
[2025-07-25T11:02:04.764+0000] {processor.py:161} INFO - Started process (PID=131) to work on /opt/airflow/dags/load_raw_from_minio.py
[2025-07-25T11:02:04.766+0000] {processor.py:830} INFO - Processing file /opt/airflow/dags/load_raw_from_minio.py for tasks to queue
[2025-07-25T11:02:04.769+0000] {logging_mixin.py:188} INFO - [2025-07-25T11:02:04.769+0000] {dagbag.py:540} INFO - Filling up the DagBag from /opt/airflow/dags/load_raw_from_minio.py
[2025-07-25T11:02:04.890+0000] {processor.py:840} INFO - DAG(s) 'load_raw_from_minio' retrieved from /opt/airflow/dags/load_raw_from_minio.py
[2025-07-25T11:02:04.924+0000] {logging_mixin.py:188} INFO - [2025-07-25T11:02:04.924+0000] {dag.py:3047} INFO - Sync 1 DAGs
[2025-07-25T11:02:04.962+0000] {logging_mixin.py:188} INFO - [2025-07-25T11:02:04.962+0000] {dag.py:3834} INFO - Setting next_dagrun for load_raw_from_minio to 2025-07-25 11:00:00+00:00, run_after=2025-07-25 12:00:00+00:00
[2025-07-25T11:02:04.994+0000] {processor.py:183} INFO - Processing /opt/airflow/dags/load_raw_from_minio.py took 0.236 seconds
[2025-07-25T11:02:35.202+0000] {processor.py:161} INFO - Started process (PID=138) to work on /opt/airflow/dags/load_raw_from_minio.py
[2025-07-25T11:02:35.205+0000] {processor.py:830} INFO - Processing file /opt/airflow/dags/load_raw_from_minio.py for tasks to queue
[2025-07-25T11:02:35.210+0000] {logging_mixin.py:188} INFO - [2025-07-25T11:02:35.209+0000] {dagbag.py:540} INFO - Filling up the DagBag from /opt/airflow/dags/load_raw_from_minio.py
[2025-07-25T11:02:35.346+0000] {processor.py:840} INFO - DAG(s) 'load_raw_from_minio' retrieved from /opt/airflow/dags/load_raw_from_minio.py
[2025-07-25T11:02:35.387+0000] {logging_mixin.py:188} INFO - [2025-07-25T11:02:35.386+0000] {dag.py:3047} INFO - Sync 1 DAGs
[2025-07-25T11:02:35.425+0000] {logging_mixin.py:188} INFO - [2025-07-25T11:02:35.425+0000] {dag.py:3834} INFO - Setting next_dagrun for load_raw_from_minio to 2025-07-25 11:00:00+00:00, run_after=2025-07-25 12:00:00+00:00
[2025-07-25T11:02:35.451+0000] {processor.py:183} INFO - Processing /opt/airflow/dags/load_raw_from_minio.py took 0.255 seconds
[2025-07-25T11:03:05.637+0000] {processor.py:161} INFO - Started process (PID=145) to work on /opt/airflow/dags/load_raw_from_minio.py
[2025-07-25T11:03:05.638+0000] {processor.py:830} INFO - Processing file /opt/airflow/dags/load_raw_from_minio.py for tasks to queue
[2025-07-25T11:03:05.641+0000] {logging_mixin.py:188} INFO - [2025-07-25T11:03:05.641+0000] {dagbag.py:540} INFO - Filling up the DagBag from /opt/airflow/dags/load_raw_from_minio.py
[2025-07-25T11:03:05.749+0000] {processor.py:840} INFO - DAG(s) 'load_raw_from_minio' retrieved from /opt/airflow/dags/load_raw_from_minio.py
[2025-07-25T11:03:05.788+0000] {logging_mixin.py:188} INFO - [2025-07-25T11:03:05.788+0000] {dag.py:3047} INFO - Sync 1 DAGs
[2025-07-25T11:03:05.836+0000] {logging_mixin.py:188} INFO - [2025-07-25T11:03:05.836+0000] {dag.py:3834} INFO - Setting next_dagrun for load_raw_from_minio to 2025-07-25 11:00:00+00:00, run_after=2025-07-25 12:00:00+00:00
[2025-07-25T11:03:05.861+0000] {processor.py:183} INFO - Processing /opt/airflow/dags/load_raw_from_minio.py took 0.231 seconds
[2025-07-25T11:03:36.050+0000] {processor.py:161} INFO - Started process (PID=153) to work on /opt/airflow/dags/load_raw_from_minio.py
[2025-07-25T11:03:36.052+0000] {processor.py:830} INFO - Processing file /opt/airflow/dags/load_raw_from_minio.py for tasks to queue
[2025-07-25T11:03:36.055+0000] {logging_mixin.py:188} INFO - [2025-07-25T11:03:36.054+0000] {dagbag.py:540} INFO - Filling up the DagBag from /opt/airflow/dags/load_raw_from_minio.py
[2025-07-25T11:03:36.135+0000] {processor.py:840} INFO - DAG(s) 'load_raw_from_minio' retrieved from /opt/airflow/dags/load_raw_from_minio.py
[2025-07-25T11:03:36.161+0000] {logging_mixin.py:188} INFO - [2025-07-25T11:03:36.161+0000] {dag.py:3047} INFO - Sync 1 DAGs
[2025-07-25T11:03:36.189+0000] {logging_mixin.py:188} INFO - [2025-07-25T11:03:36.189+0000] {dag.py:3834} INFO - Setting next_dagrun for load_raw_from_minio to 2025-07-25 11:00:00+00:00, run_after=2025-07-25 12:00:00+00:00
[2025-07-25T11:03:36.211+0000] {processor.py:183} INFO - Processing /opt/airflow/dags/load_raw_from_minio.py took 0.165 seconds
[2025-07-25T11:04:06.400+0000] {processor.py:161} INFO - Started process (PID=160) to work on /opt/airflow/dags/load_raw_from_minio.py
[2025-07-25T11:04:06.402+0000] {processor.py:830} INFO - Processing file /opt/airflow/dags/load_raw_from_minio.py for tasks to queue
[2025-07-25T11:04:06.404+0000] {logging_mixin.py:188} INFO - [2025-07-25T11:04:06.404+0000] {dagbag.py:540} INFO - Filling up the DagBag from /opt/airflow/dags/load_raw_from_minio.py
[2025-07-25T11:04:06.486+0000] {processor.py:840} INFO - DAG(s) 'load_raw_from_minio' retrieved from /opt/airflow/dags/load_raw_from_minio.py
[2025-07-25T11:04:06.514+0000] {logging_mixin.py:188} INFO - [2025-07-25T11:04:06.513+0000] {dag.py:3047} INFO - Sync 1 DAGs
[2025-07-25T11:04:06.542+0000] {logging_mixin.py:188} INFO - [2025-07-25T11:04:06.542+0000] {dag.py:3834} INFO - Setting next_dagrun for load_raw_from_minio to 2025-07-25 11:00:00+00:00, run_after=2025-07-25 12:00:00+00:00
[2025-07-25T11:04:06.563+0000] {processor.py:183} INFO - Processing /opt/airflow/dags/load_raw_from_minio.py took 0.168 seconds
[2025-07-25T11:04:36.640+0000] {processor.py:161} INFO - Started process (PID=167) to work on /opt/airflow/dags/load_raw_from_minio.py
[2025-07-25T11:04:36.641+0000] {processor.py:830} INFO - Processing file /opt/airflow/dags/load_raw_from_minio.py for tasks to queue
[2025-07-25T11:04:36.644+0000] {logging_mixin.py:188} INFO - [2025-07-25T11:04:36.643+0000] {dagbag.py:540} INFO - Filling up the DagBag from /opt/airflow/dags/load_raw_from_minio.py
[2025-07-25T11:04:36.778+0000] {processor.py:840} INFO - DAG(s) 'load_raw_from_minio' retrieved from /opt/airflow/dags/load_raw_from_minio.py
[2025-07-25T11:04:36.809+0000] {logging_mixin.py:188} INFO - [2025-07-25T11:04:36.808+0000] {dag.py:3047} INFO - Sync 1 DAGs
[2025-07-25T11:04:36.843+0000] {logging_mixin.py:188} INFO - [2025-07-25T11:04:36.843+0000] {dag.py:3834} INFO - Setting next_dagrun for load_raw_from_minio to 2025-07-25 11:00:00+00:00, run_after=2025-07-25 12:00:00+00:00
[2025-07-25T11:04:36.870+0000] {processor.py:183} INFO - Processing /opt/airflow/dags/load_raw_from_minio.py took 0.235 seconds
[2025-07-25T11:05:07.082+0000] {processor.py:161} INFO - Started process (PID=173) to work on /opt/airflow/dags/load_raw_from_minio.py
[2025-07-25T11:05:07.083+0000] {processor.py:830} INFO - Processing file /opt/airflow/dags/load_raw_from_minio.py for tasks to queue
[2025-07-25T11:05:07.085+0000] {logging_mixin.py:188} INFO - [2025-07-25T11:05:07.085+0000] {dagbag.py:540} INFO - Filling up the DagBag from /opt/airflow/dags/load_raw_from_minio.py
[2025-07-25T11:05:07.168+0000] {processor.py:840} INFO - DAG(s) 'load_raw_from_minio' retrieved from /opt/airflow/dags/load_raw_from_minio.py
[2025-07-25T11:05:07.194+0000] {logging_mixin.py:188} INFO - [2025-07-25T11:05:07.193+0000] {dag.py:3047} INFO - Sync 1 DAGs
[2025-07-25T11:05:07.224+0000] {logging_mixin.py:188} INFO - [2025-07-25T11:05:07.223+0000] {dag.py:3834} INFO - Setting next_dagrun for load_raw_from_minio to 2025-07-25 11:00:00+00:00, run_after=2025-07-25 12:00:00+00:00
[2025-07-25T11:05:07.243+0000] {processor.py:183} INFO - Processing /opt/airflow/dags/load_raw_from_minio.py took 0.165 seconds
[2025-07-25T11:05:37.319+0000] {processor.py:161} INFO - Started process (PID=180) to work on /opt/airflow/dags/load_raw_from_minio.py
[2025-07-25T11:05:37.320+0000] {processor.py:830} INFO - Processing file /opt/airflow/dags/load_raw_from_minio.py for tasks to queue
[2025-07-25T11:05:37.323+0000] {logging_mixin.py:188} INFO - [2025-07-25T11:05:37.323+0000] {dagbag.py:540} INFO - Filling up the DagBag from /opt/airflow/dags/load_raw_from_minio.py
[2025-07-25T11:05:37.411+0000] {processor.py:840} INFO - DAG(s) 'load_raw_from_minio' retrieved from /opt/airflow/dags/load_raw_from_minio.py
[2025-07-25T11:05:37.456+0000] {logging_mixin.py:188} INFO - [2025-07-25T11:05:37.455+0000] {dag.py:3047} INFO - Sync 1 DAGs
[2025-07-25T11:05:37.498+0000] {logging_mixin.py:188} INFO - [2025-07-25T11:05:37.498+0000] {dag.py:3834} INFO - Setting next_dagrun for load_raw_from_minio to 2025-07-25 11:00:00+00:00, run_after=2025-07-25 12:00:00+00:00
[2025-07-25T11:05:37.525+0000] {processor.py:183} INFO - Processing /opt/airflow/dags/load_raw_from_minio.py took 0.210 seconds
[2025-07-25T11:06:07.741+0000] {processor.py:161} INFO - Started process (PID=187) to work on /opt/airflow/dags/load_raw_from_minio.py
[2025-07-25T11:06:07.742+0000] {processor.py:830} INFO - Processing file /opt/airflow/dags/load_raw_from_minio.py for tasks to queue
[2025-07-25T11:06:07.744+0000] {logging_mixin.py:188} INFO - [2025-07-25T11:06:07.744+0000] {dagbag.py:540} INFO - Filling up the DagBag from /opt/airflow/dags/load_raw_from_minio.py
[2025-07-25T11:06:07.824+0000] {processor.py:840} INFO - DAG(s) 'load_raw_from_minio' retrieved from /opt/airflow/dags/load_raw_from_minio.py
[2025-07-25T11:06:07.852+0000] {logging_mixin.py:188} INFO - [2025-07-25T11:06:07.852+0000] {dag.py:3047} INFO - Sync 1 DAGs
[2025-07-25T11:06:07.878+0000] {logging_mixin.py:188} INFO - [2025-07-25T11:06:07.878+0000] {dag.py:3834} INFO - Setting next_dagrun for load_raw_from_minio to 2025-07-25 11:00:00+00:00, run_after=2025-07-25 12:00:00+00:00
[2025-07-25T11:06:07.897+0000] {processor.py:183} INFO - Processing /opt/airflow/dags/load_raw_from_minio.py took 0.161 seconds
[2025-07-25T11:06:38.087+0000] {processor.py:161} INFO - Started process (PID=194) to work on /opt/airflow/dags/load_raw_from_minio.py
[2025-07-25T11:06:38.090+0000] {processor.py:830} INFO - Processing file /opt/airflow/dags/load_raw_from_minio.py for tasks to queue
[2025-07-25T11:06:38.093+0000] {logging_mixin.py:188} INFO - [2025-07-25T11:06:38.092+0000] {dagbag.py:540} INFO - Filling up the DagBag from /opt/airflow/dags/load_raw_from_minio.py
[2025-07-25T11:06:38.214+0000] {processor.py:840} INFO - DAG(s) 'load_raw_from_minio' retrieved from /opt/airflow/dags/load_raw_from_minio.py
[2025-07-25T11:06:38.252+0000] {logging_mixin.py:188} INFO - [2025-07-25T11:06:38.251+0000] {dag.py:3047} INFO - Sync 1 DAGs
[2025-07-25T11:06:38.299+0000] {logging_mixin.py:188} INFO - [2025-07-25T11:06:38.299+0000] {dag.py:3834} INFO - Setting next_dagrun for load_raw_from_minio to 2025-07-25 11:00:00+00:00, run_after=2025-07-25 12:00:00+00:00
[2025-07-25T11:06:38.361+0000] {processor.py:183} INFO - Processing /opt/airflow/dags/load_raw_from_minio.py took 0.279 seconds
[2025-07-25T11:07:08.586+0000] {processor.py:161} INFO - Started process (PID=201) to work on /opt/airflow/dags/load_raw_from_minio.py
[2025-07-25T11:07:08.588+0000] {processor.py:830} INFO - Processing file /opt/airflow/dags/load_raw_from_minio.py for tasks to queue
[2025-07-25T11:07:08.591+0000] {logging_mixin.py:188} INFO - [2025-07-25T11:07:08.591+0000] {dagbag.py:540} INFO - Filling up the DagBag from /opt/airflow/dags/load_raw_from_minio.py
[2025-07-25T11:07:08.703+0000] {processor.py:840} INFO - DAG(s) 'load_raw_from_minio' retrieved from /opt/airflow/dags/load_raw_from_minio.py
[2025-07-25T11:07:08.757+0000] {logging_mixin.py:188} INFO - [2025-07-25T11:07:08.756+0000] {dag.py:3047} INFO - Sync 1 DAGs
[2025-07-25T11:07:08.794+0000] {logging_mixin.py:188} INFO - [2025-07-25T11:07:08.794+0000] {dag.py:3834} INFO - Setting next_dagrun for load_raw_from_minio to 2025-07-25 11:00:00+00:00, run_after=2025-07-25 12:00:00+00:00
[2025-07-25T11:07:08.818+0000] {processor.py:183} INFO - Processing /opt/airflow/dags/load_raw_from_minio.py took 0.240 seconds
[2025-07-25T11:07:39.130+0000] {processor.py:161} INFO - Started process (PID=208) to work on /opt/airflow/dags/load_raw_from_minio.py
[2025-07-25T11:07:39.133+0000] {processor.py:830} INFO - Processing file /opt/airflow/dags/load_raw_from_minio.py for tasks to queue
[2025-07-25T11:07:39.137+0000] {logging_mixin.py:188} INFO - [2025-07-25T11:07:39.136+0000] {dagbag.py:540} INFO - Filling up the DagBag from /opt/airflow/dags/load_raw_from_minio.py
[2025-07-25T11:07:39.243+0000] {processor.py:840} INFO - DAG(s) 'load_raw_from_minio' retrieved from /opt/airflow/dags/load_raw_from_minio.py
[2025-07-25T11:07:39.294+0000] {logging_mixin.py:188} INFO - [2025-07-25T11:07:39.294+0000] {dag.py:3047} INFO - Sync 1 DAGs
[2025-07-25T11:07:39.328+0000] {logging_mixin.py:188} INFO - [2025-07-25T11:07:39.328+0000] {dag.py:3834} INFO - Setting next_dagrun for load_raw_from_minio to 2025-07-25 11:00:00+00:00, run_after=2025-07-25 12:00:00+00:00
[2025-07-25T11:07:39.353+0000] {processor.py:183} INFO - Processing /opt/airflow/dags/load_raw_from_minio.py took 0.275 seconds
[2025-07-25T11:08:09.548+0000] {processor.py:161} INFO - Started process (PID=215) to work on /opt/airflow/dags/load_raw_from_minio.py
[2025-07-25T11:08:09.551+0000] {processor.py:830} INFO - Processing file /opt/airflow/dags/load_raw_from_minio.py for tasks to queue
[2025-07-25T11:08:09.555+0000] {logging_mixin.py:188} INFO - [2025-07-25T11:08:09.554+0000] {dagbag.py:540} INFO - Filling up the DagBag from /opt/airflow/dags/load_raw_from_minio.py
[2025-07-25T11:08:09.673+0000] {processor.py:840} INFO - DAG(s) 'load_raw_from_minio' retrieved from /opt/airflow/dags/load_raw_from_minio.py
[2025-07-25T11:08:09.714+0000] {logging_mixin.py:188} INFO - [2025-07-25T11:08:09.714+0000] {dag.py:3047} INFO - Sync 1 DAGs
[2025-07-25T11:08:09.758+0000] {logging_mixin.py:188} INFO - [2025-07-25T11:08:09.757+0000] {dag.py:3834} INFO - Setting next_dagrun for load_raw_from_minio to 2025-07-25 11:00:00+00:00, run_after=2025-07-25 12:00:00+00:00
[2025-07-25T11:08:09.787+0000] {processor.py:183} INFO - Processing /opt/airflow/dags/load_raw_from_minio.py took 0.244 seconds
[2025-07-25T11:08:39.831+0000] {processor.py:161} INFO - Started process (PID=222) to work on /opt/airflow/dags/load_raw_from_minio.py
[2025-07-25T11:08:39.833+0000] {processor.py:830} INFO - Processing file /opt/airflow/dags/load_raw_from_minio.py for tasks to queue
[2025-07-25T11:08:39.835+0000] {logging_mixin.py:188} INFO - [2025-07-25T11:08:39.835+0000] {dagbag.py:540} INFO - Filling up the DagBag from /opt/airflow/dags/load_raw_from_minio.py
[2025-07-25T11:08:39.928+0000] {processor.py:840} INFO - DAG(s) 'load_raw_from_minio' retrieved from /opt/airflow/dags/load_raw_from_minio.py
[2025-07-25T11:08:39.978+0000] {logging_mixin.py:188} INFO - [2025-07-25T11:08:39.977+0000] {dag.py:3047} INFO - Sync 1 DAGs
[2025-07-25T11:08:40.025+0000] {logging_mixin.py:188} INFO - [2025-07-25T11:08:40.025+0000] {dag.py:3834} INFO - Setting next_dagrun for load_raw_from_minio to 2025-07-25 11:00:00+00:00, run_after=2025-07-25 12:00:00+00:00
[2025-07-25T11:08:40.060+0000] {processor.py:183} INFO - Processing /opt/airflow/dags/load_raw_from_minio.py took 0.233 seconds
[2025-07-25T11:09:10.251+0000] {processor.py:161} INFO - Started process (PID=229) to work on /opt/airflow/dags/load_raw_from_minio.py
[2025-07-25T11:09:10.252+0000] {processor.py:830} INFO - Processing file /opt/airflow/dags/load_raw_from_minio.py for tasks to queue
[2025-07-25T11:09:10.255+0000] {logging_mixin.py:188} INFO - [2025-07-25T11:09:10.255+0000] {dagbag.py:540} INFO - Filling up the DagBag from /opt/airflow/dags/load_raw_from_minio.py
[2025-07-25T11:09:10.350+0000] {processor.py:840} INFO - DAG(s) 'load_raw_from_minio' retrieved from /opt/airflow/dags/load_raw_from_minio.py
[2025-07-25T11:09:10.378+0000] {logging_mixin.py:188} INFO - [2025-07-25T11:09:10.378+0000] {dag.py:3047} INFO - Sync 1 DAGs
[2025-07-25T11:09:10.410+0000] {logging_mixin.py:188} INFO - [2025-07-25T11:09:10.409+0000] {dag.py:3834} INFO - Setting next_dagrun for load_raw_from_minio to 2025-07-25 11:00:00+00:00, run_after=2025-07-25 12:00:00+00:00
[2025-07-25T11:09:10.431+0000] {processor.py:183} INFO - Processing /opt/airflow/dags/load_raw_from_minio.py took 0.184 seconds
[2025-07-25T11:09:40.539+0000] {processor.py:161} INFO - Started process (PID=236) to work on /opt/airflow/dags/load_raw_from_minio.py
[2025-07-25T11:09:40.540+0000] {processor.py:830} INFO - Processing file /opt/airflow/dags/load_raw_from_minio.py for tasks to queue
[2025-07-25T11:09:40.543+0000] {logging_mixin.py:188} INFO - [2025-07-25T11:09:40.543+0000] {dagbag.py:540} INFO - Filling up the DagBag from /opt/airflow/dags/load_raw_from_minio.py
[2025-07-25T11:09:40.635+0000] {processor.py:840} INFO - DAG(s) 'load_raw_from_minio' retrieved from /opt/airflow/dags/load_raw_from_minio.py
[2025-07-25T11:09:40.682+0000] {logging_mixin.py:188} INFO - [2025-07-25T11:09:40.681+0000] {dag.py:3047} INFO - Sync 1 DAGs
[2025-07-25T11:09:40.713+0000] {logging_mixin.py:188} INFO - [2025-07-25T11:09:40.713+0000] {dag.py:3834} INFO - Setting next_dagrun for load_raw_from_minio to 2025-07-25 11:00:00+00:00, run_after=2025-07-25 12:00:00+00:00
[2025-07-25T11:09:40.742+0000] {processor.py:183} INFO - Processing /opt/airflow/dags/load_raw_from_minio.py took 0.208 seconds
[2025-07-25T11:10:10.860+0000] {processor.py:161} INFO - Started process (PID=243) to work on /opt/airflow/dags/load_raw_from_minio.py
[2025-07-25T11:10:10.861+0000] {processor.py:830} INFO - Processing file /opt/airflow/dags/load_raw_from_minio.py for tasks to queue
[2025-07-25T11:10:10.864+0000] {logging_mixin.py:188} INFO - [2025-07-25T11:10:10.863+0000] {dagbag.py:540} INFO - Filling up the DagBag from /opt/airflow/dags/load_raw_from_minio.py
[2025-07-25T11:10:10.953+0000] {processor.py:840} INFO - DAG(s) 'load_raw_from_minio' retrieved from /opt/airflow/dags/load_raw_from_minio.py
[2025-07-25T11:10:10.980+0000] {logging_mixin.py:188} INFO - [2025-07-25T11:10:10.980+0000] {dag.py:3047} INFO - Sync 1 DAGs
[2025-07-25T11:10:11.009+0000] {logging_mixin.py:188} INFO - [2025-07-25T11:10:11.009+0000] {dag.py:3834} INFO - Setting next_dagrun for load_raw_from_minio to 2025-07-25 11:00:00+00:00, run_after=2025-07-25 12:00:00+00:00
[2025-07-25T11:10:11.031+0000] {processor.py:183} INFO - Processing /opt/airflow/dags/load_raw_from_minio.py took 0.176 seconds
[2025-07-25T11:10:41.080+0000] {processor.py:161} INFO - Started process (PID=250) to work on /opt/airflow/dags/load_raw_from_minio.py
[2025-07-25T11:10:41.081+0000] {processor.py:830} INFO - Processing file /opt/airflow/dags/load_raw_from_minio.py for tasks to queue
[2025-07-25T11:10:41.085+0000] {logging_mixin.py:188} INFO - [2025-07-25T11:10:41.084+0000] {dagbag.py:540} INFO - Filling up the DagBag from /opt/airflow/dags/load_raw_from_minio.py
[2025-07-25T11:10:41.194+0000] {processor.py:840} INFO - DAG(s) 'load_raw_from_minio' retrieved from /opt/airflow/dags/load_raw_from_minio.py
[2025-07-25T11:10:41.225+0000] {logging_mixin.py:188} INFO - [2025-07-25T11:10:41.225+0000] {dag.py:3047} INFO - Sync 1 DAGs
[2025-07-25T11:10:41.255+0000] {logging_mixin.py:188} INFO - [2025-07-25T11:10:41.255+0000] {dag.py:3834} INFO - Setting next_dagrun for load_raw_from_minio to 2025-07-25 11:00:00+00:00, run_after=2025-07-25 12:00:00+00:00
[2025-07-25T11:10:41.285+0000] {processor.py:183} INFO - Processing /opt/airflow/dags/load_raw_from_minio.py took 0.214 seconds
[2025-07-25T11:11:11.413+0000] {processor.py:161} INFO - Started process (PID=257) to work on /opt/airflow/dags/load_raw_from_minio.py
[2025-07-25T11:11:11.415+0000] {processor.py:830} INFO - Processing file /opt/airflow/dags/load_raw_from_minio.py for tasks to queue
[2025-07-25T11:11:11.418+0000] {logging_mixin.py:188} INFO - [2025-07-25T11:11:11.417+0000] {dagbag.py:540} INFO - Filling up the DagBag from /opt/airflow/dags/load_raw_from_minio.py
[2025-07-25T11:11:11.526+0000] {processor.py:840} INFO - DAG(s) 'load_raw_from_minio' retrieved from /opt/airflow/dags/load_raw_from_minio.py
[2025-07-25T11:11:11.555+0000] {logging_mixin.py:188} INFO - [2025-07-25T11:11:11.555+0000] {dag.py:3047} INFO - Sync 1 DAGs
[2025-07-25T11:11:11.588+0000] {logging_mixin.py:188} INFO - [2025-07-25T11:11:11.588+0000] {dag.py:3834} INFO - Setting next_dagrun for load_raw_from_minio to 2025-07-25 11:00:00+00:00, run_after=2025-07-25 12:00:00+00:00
[2025-07-25T11:11:11.610+0000] {processor.py:183} INFO - Processing /opt/airflow/dags/load_raw_from_minio.py took 0.203 seconds
[2025-07-25T11:11:41.791+0000] {processor.py:161} INFO - Started process (PID=264) to work on /opt/airflow/dags/load_raw_from_minio.py
[2025-07-25T11:11:41.792+0000] {processor.py:830} INFO - Processing file /opt/airflow/dags/load_raw_from_minio.py for tasks to queue
[2025-07-25T11:11:41.795+0000] {logging_mixin.py:188} INFO - [2025-07-25T11:11:41.794+0000] {dagbag.py:540} INFO - Filling up the DagBag from /opt/airflow/dags/load_raw_from_minio.py
[2025-07-25T11:11:41.898+0000] {processor.py:840} INFO - DAG(s) 'load_raw_from_minio' retrieved from /opt/airflow/dags/load_raw_from_minio.py
[2025-07-25T11:11:41.937+0000] {logging_mixin.py:188} INFO - [2025-07-25T11:11:41.937+0000] {dag.py:3047} INFO - Sync 1 DAGs
[2025-07-25T11:11:41.973+0000] {logging_mixin.py:188} INFO - [2025-07-25T11:11:41.973+0000] {dag.py:3834} INFO - Setting next_dagrun for load_raw_from_minio to 2025-07-25 11:00:00+00:00, run_after=2025-07-25 12:00:00+00:00
[2025-07-25T11:11:41.998+0000] {processor.py:183} INFO - Processing /opt/airflow/dags/load_raw_from_minio.py took 0.213 seconds
[2025-07-25T11:12:12.162+0000] {processor.py:161} INFO - Started process (PID=271) to work on /opt/airflow/dags/load_raw_from_minio.py
[2025-07-25T11:12:12.163+0000] {processor.py:830} INFO - Processing file /opt/airflow/dags/load_raw_from_minio.py for tasks to queue
[2025-07-25T11:12:12.166+0000] {logging_mixin.py:188} INFO - [2025-07-25T11:12:12.165+0000] {dagbag.py:540} INFO - Filling up the DagBag from /opt/airflow/dags/load_raw_from_minio.py
[2025-07-25T11:12:12.259+0000] {processor.py:840} INFO - DAG(s) 'load_raw_from_minio' retrieved from /opt/airflow/dags/load_raw_from_minio.py
[2025-07-25T11:12:12.290+0000] {logging_mixin.py:188} INFO - [2025-07-25T11:12:12.290+0000] {dag.py:3047} INFO - Sync 1 DAGs
[2025-07-25T11:12:12.321+0000] {logging_mixin.py:188} INFO - [2025-07-25T11:12:12.320+0000] {dag.py:3834} INFO - Setting next_dagrun for load_raw_from_minio to 2025-07-25 11:00:00+00:00, run_after=2025-07-25 12:00:00+00:00
[2025-07-25T11:12:12.342+0000] {processor.py:183} INFO - Processing /opt/airflow/dags/load_raw_from_minio.py took 0.186 seconds
[2025-07-25T11:12:42.513+0000] {processor.py:161} INFO - Started process (PID=278) to work on /opt/airflow/dags/load_raw_from_minio.py
[2025-07-25T11:12:42.514+0000] {processor.py:830} INFO - Processing file /opt/airflow/dags/load_raw_from_minio.py for tasks to queue
[2025-07-25T11:12:42.518+0000] {logging_mixin.py:188} INFO - [2025-07-25T11:12:42.517+0000] {dagbag.py:540} INFO - Filling up the DagBag from /opt/airflow/dags/load_raw_from_minio.py
[2025-07-25T11:12:42.634+0000] {processor.py:840} INFO - DAG(s) 'load_raw_from_minio' retrieved from /opt/airflow/dags/load_raw_from_minio.py
[2025-07-25T11:12:42.695+0000] {logging_mixin.py:188} INFO - [2025-07-25T11:12:42.695+0000] {dag.py:3047} INFO - Sync 1 DAGs
[2025-07-25T11:12:42.727+0000] {logging_mixin.py:188} INFO - [2025-07-25T11:12:42.727+0000] {dag.py:3834} INFO - Setting next_dagrun for load_raw_from_minio to 2025-07-25 10:00:00+00:00, run_after=2025-07-25 11:00:00+00:00
[2025-07-25T11:12:42.759+0000] {processor.py:183} INFO - Processing /opt/airflow/dags/load_raw_from_minio.py took 0.252 seconds
[2025-07-25T11:13:13.075+0000] {processor.py:161} INFO - Started process (PID=285) to work on /opt/airflow/dags/load_raw_from_minio.py
[2025-07-25T11:13:13.077+0000] {processor.py:830} INFO - Processing file /opt/airflow/dags/load_raw_from_minio.py for tasks to queue
[2025-07-25T11:13:13.081+0000] {logging_mixin.py:188} INFO - [2025-07-25T11:13:13.080+0000] {dagbag.py:540} INFO - Filling up the DagBag from /opt/airflow/dags/load_raw_from_minio.py
[2025-07-25T11:13:13.185+0000] {processor.py:840} INFO - DAG(s) 'load_raw_from_minio' retrieved from /opt/airflow/dags/load_raw_from_minio.py
[2025-07-25T11:13:13.222+0000] {logging_mixin.py:188} INFO - [2025-07-25T11:13:13.222+0000] {dag.py:3047} INFO - Sync 1 DAGs
[2025-07-25T11:13:13.258+0000] {logging_mixin.py:188} INFO - [2025-07-25T11:13:13.258+0000] {dag.py:3834} INFO - Setting next_dagrun for load_raw_from_minio to 2025-07-25 11:00:00+00:00, run_after=2025-07-25 12:00:00+00:00
[2025-07-25T11:13:13.283+0000] {processor.py:183} INFO - Processing /opt/airflow/dags/load_raw_from_minio.py took 0.213 seconds
[2025-07-25T11:13:43.452+0000] {processor.py:161} INFO - Started process (PID=292) to work on /opt/airflow/dags/load_raw_from_minio.py
[2025-07-25T11:13:43.453+0000] {processor.py:830} INFO - Processing file /opt/airflow/dags/load_raw_from_minio.py for tasks to queue
[2025-07-25T11:13:43.456+0000] {logging_mixin.py:188} INFO - [2025-07-25T11:13:43.455+0000] {dagbag.py:540} INFO - Filling up the DagBag from /opt/airflow/dags/load_raw_from_minio.py
[2025-07-25T11:13:43.544+0000] {processor.py:840} INFO - DAG(s) 'load_raw_from_minio' retrieved from /opt/airflow/dags/load_raw_from_minio.py
[2025-07-25T11:13:43.571+0000] {logging_mixin.py:188} INFO - [2025-07-25T11:13:43.571+0000] {dag.py:3047} INFO - Sync 1 DAGs
[2025-07-25T11:13:43.599+0000] {logging_mixin.py:188} INFO - [2025-07-25T11:13:43.599+0000] {dag.py:3834} INFO - Setting next_dagrun for load_raw_from_minio to 2025-07-25 11:00:00+00:00, run_after=2025-07-25 12:00:00+00:00
[2025-07-25T11:13:43.619+0000] {processor.py:183} INFO - Processing /opt/airflow/dags/load_raw_from_minio.py took 0.172 seconds
[2025-07-25T11:14:13.795+0000] {processor.py:161} INFO - Started process (PID=299) to work on /opt/airflow/dags/load_raw_from_minio.py
[2025-07-25T11:14:13.797+0000] {processor.py:830} INFO - Processing file /opt/airflow/dags/load_raw_from_minio.py for tasks to queue
[2025-07-25T11:14:13.800+0000] {logging_mixin.py:188} INFO - [2025-07-25T11:14:13.799+0000] {dagbag.py:540} INFO - Filling up the DagBag from /opt/airflow/dags/load_raw_from_minio.py
[2025-07-25T11:14:13.892+0000] {processor.py:840} INFO - DAG(s) 'load_raw_from_minio' retrieved from /opt/airflow/dags/load_raw_from_minio.py
[2025-07-25T11:14:13.922+0000] {logging_mixin.py:188} INFO - [2025-07-25T11:14:13.921+0000] {dag.py:3047} INFO - Sync 1 DAGs
[2025-07-25T11:14:13.952+0000] {logging_mixin.py:188} INFO - [2025-07-25T11:14:13.952+0000] {dag.py:3834} INFO - Setting next_dagrun for load_raw_from_minio to 2025-07-25 11:00:00+00:00, run_after=2025-07-25 12:00:00+00:00
[2025-07-25T11:14:13.978+0000] {processor.py:183} INFO - Processing /opt/airflow/dags/load_raw_from_minio.py took 0.188 seconds
[2025-07-25T11:14:44.169+0000] {processor.py:161} INFO - Started process (PID=306) to work on /opt/airflow/dags/load_raw_from_minio.py
[2025-07-25T11:14:44.170+0000] {processor.py:830} INFO - Processing file /opt/airflow/dags/load_raw_from_minio.py for tasks to queue
[2025-07-25T11:14:44.173+0000] {logging_mixin.py:188} INFO - [2025-07-25T11:14:44.173+0000] {dagbag.py:540} INFO - Filling up the DagBag from /opt/airflow/dags/load_raw_from_minio.py
[2025-07-25T11:14:44.273+0000] {processor.py:840} INFO - DAG(s) 'load_raw_from_minio' retrieved from /opt/airflow/dags/load_raw_from_minio.py
[2025-07-25T11:14:44.313+0000] {logging_mixin.py:188} INFO - [2025-07-25T11:14:44.312+0000] {dag.py:3047} INFO - Sync 1 DAGs
[2025-07-25T11:14:44.352+0000] {logging_mixin.py:188} INFO - [2025-07-25T11:14:44.352+0000] {dag.py:3834} INFO - Setting next_dagrun for load_raw_from_minio to 2025-07-25 11:00:00+00:00, run_after=2025-07-25 12:00:00+00:00
[2025-07-25T11:14:44.408+0000] {processor.py:183} INFO - Processing /opt/airflow/dags/load_raw_from_minio.py took 0.245 seconds
[2025-07-25T11:15:14.606+0000] {processor.py:161} INFO - Started process (PID=313) to work on /opt/airflow/dags/load_raw_from_minio.py
[2025-07-25T11:15:14.608+0000] {processor.py:830} INFO - Processing file /opt/airflow/dags/load_raw_from_minio.py for tasks to queue
[2025-07-25T11:15:14.611+0000] {logging_mixin.py:188} INFO - [2025-07-25T11:15:14.610+0000] {dagbag.py:540} INFO - Filling up the DagBag from /opt/airflow/dags/load_raw_from_minio.py
[2025-07-25T11:15:14.710+0000] {processor.py:840} INFO - DAG(s) 'load_raw_from_minio' retrieved from /opt/airflow/dags/load_raw_from_minio.py
[2025-07-25T11:15:14.738+0000] {logging_mixin.py:188} INFO - [2025-07-25T11:15:14.738+0000] {dag.py:3047} INFO - Sync 1 DAGs
[2025-07-25T11:15:14.772+0000] {logging_mixin.py:188} INFO - [2025-07-25T11:15:14.772+0000] {dag.py:3834} INFO - Setting next_dagrun for load_raw_from_minio to 2025-07-25 11:00:00+00:00, run_after=2025-07-25 12:00:00+00:00
[2025-07-25T11:15:14.795+0000] {processor.py:183} INFO - Processing /opt/airflow/dags/load_raw_from_minio.py took 0.195 seconds
[2025-07-25T11:15:45.005+0000] {processor.py:161} INFO - Started process (PID=320) to work on /opt/airflow/dags/load_raw_from_minio.py
[2025-07-25T11:15:45.014+0000] {processor.py:830} INFO - Processing file /opt/airflow/dags/load_raw_from_minio.py for tasks to queue
[2025-07-25T11:15:45.020+0000] {logging_mixin.py:188} INFO - [2025-07-25T11:15:45.020+0000] {dagbag.py:540} INFO - Filling up the DagBag from /opt/airflow/dags/load_raw_from_minio.py
[2025-07-25T11:15:45.122+0000] {processor.py:840} INFO - DAG(s) 'load_raw_from_minio' retrieved from /opt/airflow/dags/load_raw_from_minio.py
[2025-07-25T11:15:45.149+0000] {logging_mixin.py:188} INFO - [2025-07-25T11:15:45.149+0000] {dag.py:3047} INFO - Sync 1 DAGs
[2025-07-25T11:15:45.175+0000] {logging_mixin.py:188} INFO - [2025-07-25T11:15:45.175+0000] {dag.py:3834} INFO - Setting next_dagrun for load_raw_from_minio to 2025-07-25 11:00:00+00:00, run_after=2025-07-25 12:00:00+00:00
[2025-07-25T11:15:45.195+0000] {processor.py:183} INFO - Processing /opt/airflow/dags/load_raw_from_minio.py took 0.211 seconds
[2025-07-25T11:16:15.408+0000] {processor.py:161} INFO - Started process (PID=327) to work on /opt/airflow/dags/load_raw_from_minio.py
[2025-07-25T11:16:15.409+0000] {processor.py:830} INFO - Processing file /opt/airflow/dags/load_raw_from_minio.py for tasks to queue
[2025-07-25T11:16:15.413+0000] {logging_mixin.py:188} INFO - [2025-07-25T11:16:15.412+0000] {dagbag.py:540} INFO - Filling up the DagBag from /opt/airflow/dags/load_raw_from_minio.py
[2025-07-25T11:16:15.535+0000] {processor.py:840} INFO - DAG(s) 'load_raw_from_minio' retrieved from /opt/airflow/dags/load_raw_from_minio.py
[2025-07-25T11:16:15.574+0000] {logging_mixin.py:188} INFO - [2025-07-25T11:16:15.574+0000] {dag.py:3047} INFO - Sync 1 DAGs
[2025-07-25T11:16:15.603+0000] {logging_mixin.py:188} INFO - [2025-07-25T11:16:15.603+0000] {dag.py:3834} INFO - Setting next_dagrun for load_raw_from_minio to 2025-07-25 11:00:00+00:00, run_after=2025-07-25 12:00:00+00:00
[2025-07-25T11:16:15.624+0000] {processor.py:183} INFO - Processing /opt/airflow/dags/load_raw_from_minio.py took 0.223 seconds
[2025-07-25T11:16:45.801+0000] {processor.py:161} INFO - Started process (PID=334) to work on /opt/airflow/dags/load_raw_from_minio.py
[2025-07-25T11:16:45.803+0000] {processor.py:830} INFO - Processing file /opt/airflow/dags/load_raw_from_minio.py for tasks to queue
[2025-07-25T11:16:45.805+0000] {logging_mixin.py:188} INFO - [2025-07-25T11:16:45.805+0000] {dagbag.py:540} INFO - Filling up the DagBag from /opt/airflow/dags/load_raw_from_minio.py
[2025-07-25T11:16:45.894+0000] {processor.py:840} INFO - DAG(s) 'load_raw_from_minio' retrieved from /opt/airflow/dags/load_raw_from_minio.py
[2025-07-25T11:16:45.923+0000] {logging_mixin.py:188} INFO - [2025-07-25T11:16:45.922+0000] {dag.py:3047} INFO - Sync 1 DAGs
[2025-07-25T11:16:45.953+0000] {logging_mixin.py:188} INFO - [2025-07-25T11:16:45.953+0000] {dag.py:3834} INFO - Setting next_dagrun for load_raw_from_minio to 2025-07-25 11:00:00+00:00, run_after=2025-07-25 12:00:00+00:00
[2025-07-25T11:16:45.979+0000] {processor.py:183} INFO - Processing /opt/airflow/dags/load_raw_from_minio.py took 0.185 seconds
[2025-07-25T11:17:16.139+0000] {processor.py:161} INFO - Started process (PID=341) to work on /opt/airflow/dags/load_raw_from_minio.py
[2025-07-25T11:17:16.140+0000] {processor.py:830} INFO - Processing file /opt/airflow/dags/load_raw_from_minio.py for tasks to queue
[2025-07-25T11:17:16.143+0000] {logging_mixin.py:188} INFO - [2025-07-25T11:17:16.142+0000] {dagbag.py:540} INFO - Filling up the DagBag from /opt/airflow/dags/load_raw_from_minio.py
[2025-07-25T11:17:16.218+0000] {processor.py:840} INFO - DAG(s) 'load_raw_from_minio' retrieved from /opt/airflow/dags/load_raw_from_minio.py
[2025-07-25T11:17:16.242+0000] {logging_mixin.py:188} INFO - [2025-07-25T11:17:16.242+0000] {dag.py:3047} INFO - Sync 1 DAGs
[2025-07-25T11:17:16.267+0000] {logging_mixin.py:188} INFO - [2025-07-25T11:17:16.267+0000] {dag.py:3834} INFO - Setting next_dagrun for load_raw_from_minio to 2025-07-25 11:00:00+00:00, run_after=2025-07-25 12:00:00+00:00
[2025-07-25T11:17:16.285+0000] {processor.py:183} INFO - Processing /opt/airflow/dags/load_raw_from_minio.py took 0.151 seconds
[2025-07-25T11:17:46.338+0000] {processor.py:161} INFO - Started process (PID=348) to work on /opt/airflow/dags/load_raw_from_minio.py
[2025-07-25T11:17:46.340+0000] {processor.py:830} INFO - Processing file /opt/airflow/dags/load_raw_from_minio.py for tasks to queue
[2025-07-25T11:17:46.343+0000] {logging_mixin.py:188} INFO - [2025-07-25T11:17:46.343+0000] {dagbag.py:540} INFO - Filling up the DagBag from /opt/airflow/dags/load_raw_from_minio.py
[2025-07-25T11:17:46.448+0000] {processor.py:840} INFO - DAG(s) 'load_raw_from_minio' retrieved from /opt/airflow/dags/load_raw_from_minio.py
[2025-07-25T11:17:46.482+0000] {logging_mixin.py:188} INFO - [2025-07-25T11:17:46.481+0000] {dag.py:3047} INFO - Sync 1 DAGs
[2025-07-25T11:17:46.517+0000] {logging_mixin.py:188} INFO - [2025-07-25T11:17:46.517+0000] {dag.py:3834} INFO - Setting next_dagrun for load_raw_from_minio to 2025-07-25 11:00:00+00:00, run_after=2025-07-25 12:00:00+00:00
[2025-07-25T11:17:46.542+0000] {processor.py:183} INFO - Processing /opt/airflow/dags/load_raw_from_minio.py took 0.208 seconds
[2025-07-25T11:18:16.626+0000] {processor.py:161} INFO - Started process (PID=355) to work on /opt/airflow/dags/load_raw_from_minio.py
[2025-07-25T11:18:16.628+0000] {processor.py:830} INFO - Processing file /opt/airflow/dags/load_raw_from_minio.py for tasks to queue
[2025-07-25T11:18:16.631+0000] {logging_mixin.py:188} INFO - [2025-07-25T11:18:16.631+0000] {dagbag.py:540} INFO - Filling up the DagBag from /opt/airflow/dags/load_raw_from_minio.py
[2025-07-25T11:18:16.737+0000] {processor.py:840} INFO - DAG(s) 'load_raw_from_minio' retrieved from /opt/airflow/dags/load_raw_from_minio.py
[2025-07-25T11:18:16.770+0000] {logging_mixin.py:188} INFO - [2025-07-25T11:18:16.770+0000] {dag.py:3047} INFO - Sync 1 DAGs
[2025-07-25T11:18:16.802+0000] {logging_mixin.py:188} INFO - [2025-07-25T11:18:16.802+0000] {dag.py:3834} INFO - Setting next_dagrun for load_raw_from_minio to 2025-07-25 11:00:00+00:00, run_after=2025-07-25 12:00:00+00:00
[2025-07-25T11:18:16.824+0000] {processor.py:183} INFO - Processing /opt/airflow/dags/load_raw_from_minio.py took 0.203 seconds
[2025-07-25T11:18:46.888+0000] {processor.py:161} INFO - Started process (PID=362) to work on /opt/airflow/dags/load_raw_from_minio.py
[2025-07-25T11:18:46.890+0000] {processor.py:830} INFO - Processing file /opt/airflow/dags/load_raw_from_minio.py for tasks to queue
[2025-07-25T11:18:46.893+0000] {logging_mixin.py:188} INFO - [2025-07-25T11:18:46.892+0000] {dagbag.py:540} INFO - Filling up the DagBag from /opt/airflow/dags/load_raw_from_minio.py
[2025-07-25T11:18:46.996+0000] {processor.py:840} INFO - DAG(s) 'load_raw_from_minio' retrieved from /opt/airflow/dags/load_raw_from_minio.py
[2025-07-25T11:18:47.031+0000] {logging_mixin.py:188} INFO - [2025-07-25T11:18:47.030+0000] {dag.py:3047} INFO - Sync 1 DAGs
[2025-07-25T11:18:47.067+0000] {logging_mixin.py:188} INFO - [2025-07-25T11:18:47.067+0000] {dag.py:3834} INFO - Setting next_dagrun for load_raw_from_minio to 2025-07-25 11:00:00+00:00, run_after=2025-07-25 12:00:00+00:00
[2025-07-25T11:18:47.097+0000] {processor.py:183} INFO - Processing /opt/airflow/dags/load_raw_from_minio.py took 0.214 seconds
[2025-07-25T11:19:17.165+0000] {processor.py:161} INFO - Started process (PID=368) to work on /opt/airflow/dags/load_raw_from_minio.py
[2025-07-25T11:19:17.167+0000] {processor.py:830} INFO - Processing file /opt/airflow/dags/load_raw_from_minio.py for tasks to queue
[2025-07-25T11:19:17.170+0000] {logging_mixin.py:188} INFO - [2025-07-25T11:19:17.169+0000] {dagbag.py:540} INFO - Filling up the DagBag from /opt/airflow/dags/load_raw_from_minio.py
[2025-07-25T11:19:17.265+0000] {processor.py:840} INFO - DAG(s) 'load_raw_from_minio' retrieved from /opt/airflow/dags/load_raw_from_minio.py
[2025-07-25T11:19:17.293+0000] {logging_mixin.py:188} INFO - [2025-07-25T11:19:17.292+0000] {dag.py:3047} INFO - Sync 1 DAGs
[2025-07-25T11:19:17.320+0000] {logging_mixin.py:188} INFO - [2025-07-25T11:19:17.320+0000] {dag.py:3834} INFO - Setting next_dagrun for load_raw_from_minio to 2025-07-25 11:00:00+00:00, run_after=2025-07-25 12:00:00+00:00
[2025-07-25T11:19:17.338+0000] {processor.py:183} INFO - Processing /opt/airflow/dags/load_raw_from_minio.py took 0.178 seconds
[2025-07-25T11:19:47.481+0000] {processor.py:161} INFO - Started process (PID=375) to work on /opt/airflow/dags/load_raw_from_minio.py
[2025-07-25T11:19:47.483+0000] {processor.py:830} INFO - Processing file /opt/airflow/dags/load_raw_from_minio.py for tasks to queue
[2025-07-25T11:19:47.486+0000] {logging_mixin.py:188} INFO - [2025-07-25T11:19:47.485+0000] {dagbag.py:540} INFO - Filling up the DagBag from /opt/airflow/dags/load_raw_from_minio.py
[2025-07-25T11:19:47.571+0000] {processor.py:840} INFO - DAG(s) 'load_raw_from_minio' retrieved from /opt/airflow/dags/load_raw_from_minio.py
[2025-07-25T11:19:47.597+0000] {logging_mixin.py:188} INFO - [2025-07-25T11:19:47.597+0000] {dag.py:3047} INFO - Sync 1 DAGs
[2025-07-25T11:19:47.645+0000] {logging_mixin.py:188} INFO - [2025-07-25T11:19:47.645+0000] {dag.py:3834} INFO - Setting next_dagrun for load_raw_from_minio to 2025-07-25 11:00:00+00:00, run_after=2025-07-25 12:00:00+00:00
[2025-07-25T11:19:47.673+0000] {processor.py:183} INFO - Processing /opt/airflow/dags/load_raw_from_minio.py took 0.196 seconds
[2025-07-25T11:20:17.853+0000] {processor.py:161} INFO - Started process (PID=382) to work on /opt/airflow/dags/load_raw_from_minio.py
[2025-07-25T11:20:17.854+0000] {processor.py:830} INFO - Processing file /opt/airflow/dags/load_raw_from_minio.py for tasks to queue
[2025-07-25T11:20:17.856+0000] {logging_mixin.py:188} INFO - [2025-07-25T11:20:17.856+0000] {dagbag.py:540} INFO - Filling up the DagBag from /opt/airflow/dags/load_raw_from_minio.py
[2025-07-25T11:20:17.930+0000] {processor.py:840} INFO - DAG(s) 'load_raw_from_minio' retrieved from /opt/airflow/dags/load_raw_from_minio.py
[2025-07-25T11:20:17.955+0000] {logging_mixin.py:188} INFO - [2025-07-25T11:20:17.954+0000] {dag.py:3047} INFO - Sync 1 DAGs
[2025-07-25T11:20:17.979+0000] {logging_mixin.py:188} INFO - [2025-07-25T11:20:17.979+0000] {dag.py:3834} INFO - Setting next_dagrun for load_raw_from_minio to 2025-07-25 11:00:00+00:00, run_after=2025-07-25 12:00:00+00:00
[2025-07-25T11:20:17.997+0000] {processor.py:183} INFO - Processing /opt/airflow/dags/load_raw_from_minio.py took 0.148 seconds
[2025-07-25T11:20:48.038+0000] {processor.py:161} INFO - Started process (PID=389) to work on /opt/airflow/dags/load_raw_from_minio.py
[2025-07-25T11:20:48.039+0000] {processor.py:830} INFO - Processing file /opt/airflow/dags/load_raw_from_minio.py for tasks to queue
[2025-07-25T11:20:48.042+0000] {logging_mixin.py:188} INFO - [2025-07-25T11:20:48.041+0000] {dagbag.py:540} INFO - Filling up the DagBag from /opt/airflow/dags/load_raw_from_minio.py
[2025-07-25T11:20:48.125+0000] {processor.py:840} INFO - DAG(s) 'load_raw_from_minio' retrieved from /opt/airflow/dags/load_raw_from_minio.py
[2025-07-25T11:20:48.151+0000] {logging_mixin.py:188} INFO - [2025-07-25T11:20:48.151+0000] {dag.py:3047} INFO - Sync 1 DAGs
[2025-07-25T11:20:48.179+0000] {logging_mixin.py:188} INFO - [2025-07-25T11:20:48.179+0000] {dag.py:3834} INFO - Setting next_dagrun for load_raw_from_minio to 2025-07-25 11:00:00+00:00, run_after=2025-07-25 12:00:00+00:00
[2025-07-25T11:20:48.202+0000] {processor.py:183} INFO - Processing /opt/airflow/dags/load_raw_from_minio.py took 0.169 seconds
[2025-07-25T12:33:04.518+0000] {processor.py:161} INFO - Started process (PID=85) to work on /opt/airflow/dags/load_raw_from_minio.py
[2025-07-25T12:33:04.523+0000] {processor.py:830} INFO - Processing file /opt/airflow/dags/load_raw_from_minio.py for tasks to queue
[2025-07-25T12:33:04.541+0000] {logging_mixin.py:188} INFO - [2025-07-25T12:33:04.540+0000] {dagbag.py:540} INFO - Filling up the DagBag from /opt/airflow/dags/load_raw_from_minio.py
[2025-07-25T12:33:04.751+0000] {processor.py:840} INFO - DAG(s) 'load_raw_from_minio' retrieved from /opt/airflow/dags/load_raw_from_minio.py
[2025-07-25T12:33:05.083+0000] {logging_mixin.py:188} INFO - [2025-07-25T12:33:05.083+0000] {dag.py:3047} INFO - Sync 1 DAGs
[2025-07-25T12:33:05.154+0000] {logging_mixin.py:188} INFO - [2025-07-25T12:33:05.154+0000] {dag.py:3834} INFO - Setting next_dagrun for load_raw_from_minio to 2025-07-25 11:00:00+00:00, run_after=2025-07-25 12:00:00+00:00
[2025-07-25T12:33:05.195+0000] {processor.py:183} INFO - Processing /opt/airflow/dags/load_raw_from_minio.py took 0.711 seconds
[2025-07-25T12:33:35.776+0000] {processor.py:161} INFO - Started process (PID=92) to work on /opt/airflow/dags/load_raw_from_minio.py
[2025-07-25T12:33:35.777+0000] {processor.py:830} INFO - Processing file /opt/airflow/dags/load_raw_from_minio.py for tasks to queue
[2025-07-25T12:33:35.782+0000] {logging_mixin.py:188} INFO - [2025-07-25T12:33:35.781+0000] {dagbag.py:540} INFO - Filling up the DagBag from /opt/airflow/dags/load_raw_from_minio.py
[2025-07-25T12:33:35.885+0000] {processor.py:840} INFO - DAG(s) 'load_raw_from_minio' retrieved from /opt/airflow/dags/load_raw_from_minio.py
[2025-07-25T12:33:35.917+0000] {logging_mixin.py:188} INFO - [2025-07-25T12:33:35.917+0000] {dag.py:3047} INFO - Sync 1 DAGs
[2025-07-25T12:33:35.951+0000] {logging_mixin.py:188} INFO - [2025-07-25T12:33:35.951+0000] {dag.py:3834} INFO - Setting next_dagrun for load_raw_from_minio to 2025-07-25 12:00:00+00:00, run_after=2025-07-25 13:00:00+00:00
[2025-07-25T12:33:35.978+0000] {processor.py:183} INFO - Processing /opt/airflow/dags/load_raw_from_minio.py took 0.209 seconds
[2025-07-25T12:34:06.146+0000] {processor.py:161} INFO - Started process (PID=99) to work on /opt/airflow/dags/load_raw_from_minio.py
[2025-07-25T12:34:06.148+0000] {processor.py:830} INFO - Processing file /opt/airflow/dags/load_raw_from_minio.py for tasks to queue
[2025-07-25T12:34:06.150+0000] {logging_mixin.py:188} INFO - [2025-07-25T12:34:06.150+0000] {dagbag.py:540} INFO - Filling up the DagBag from /opt/airflow/dags/load_raw_from_minio.py
[2025-07-25T12:34:06.236+0000] {processor.py:840} INFO - DAG(s) 'load_raw_from_minio' retrieved from /opt/airflow/dags/load_raw_from_minio.py
[2025-07-25T12:34:06.263+0000] {logging_mixin.py:188} INFO - [2025-07-25T12:34:06.263+0000] {dag.py:3047} INFO - Sync 1 DAGs
[2025-07-25T12:34:06.299+0000] {logging_mixin.py:188} INFO - [2025-07-25T12:34:06.299+0000] {dag.py:3834} INFO - Setting next_dagrun for load_raw_from_minio to 2025-07-25 12:00:00+00:00, run_after=2025-07-25 13:00:00+00:00
[2025-07-25T12:34:06.317+0000] {processor.py:183} INFO - Processing /opt/airflow/dags/load_raw_from_minio.py took 0.176 seconds
[2025-07-25T12:34:36.519+0000] {processor.py:161} INFO - Started process (PID=106) to work on /opt/airflow/dags/load_raw_from_minio.py
[2025-07-25T12:34:36.523+0000] {processor.py:830} INFO - Processing file /opt/airflow/dags/load_raw_from_minio.py for tasks to queue
[2025-07-25T12:34:36.526+0000] {logging_mixin.py:188} INFO - [2025-07-25T12:34:36.526+0000] {dagbag.py:540} INFO - Filling up the DagBag from /opt/airflow/dags/load_raw_from_minio.py
[2025-07-25T12:34:36.607+0000] {processor.py:840} INFO - DAG(s) 'load_raw_from_minio' retrieved from /opt/airflow/dags/load_raw_from_minio.py
[2025-07-25T12:34:36.631+0000] {logging_mixin.py:188} INFO - [2025-07-25T12:34:36.631+0000] {dag.py:3047} INFO - Sync 1 DAGs
[2025-07-25T12:34:36.656+0000] {logging_mixin.py:188} INFO - [2025-07-25T12:34:36.656+0000] {dag.py:3834} INFO - Setting next_dagrun for load_raw_from_minio to 2025-07-25 12:00:00+00:00, run_after=2025-07-25 13:00:00+00:00
[2025-07-25T12:34:36.678+0000] {processor.py:183} INFO - Processing /opt/airflow/dags/load_raw_from_minio.py took 0.187 seconds
[2025-07-25T12:35:06.828+0000] {processor.py:161} INFO - Started process (PID=113) to work on /opt/airflow/dags/load_raw_from_minio.py
[2025-07-25T12:35:06.829+0000] {processor.py:830} INFO - Processing file /opt/airflow/dags/load_raw_from_minio.py for tasks to queue
[2025-07-25T12:35:06.832+0000] {logging_mixin.py:188} INFO - [2025-07-25T12:35:06.831+0000] {dagbag.py:540} INFO - Filling up the DagBag from /opt/airflow/dags/load_raw_from_minio.py
[2025-07-25T12:35:07.488+0000] {processor.py:840} INFO - DAG(s) 'load_raw_from_minio' retrieved from /opt/airflow/dags/load_raw_from_minio.py
[2025-07-25T12:35:07.732+0000] {logging_mixin.py:188} INFO - [2025-07-25T12:35:07.732+0000] {dag.py:3047} INFO - Sync 1 DAGs
[2025-07-25T12:35:07.879+0000] {logging_mixin.py:188} INFO - [2025-07-25T12:35:07.879+0000] {dag.py:3834} INFO - Setting next_dagrun for load_raw_from_minio to 2025-07-25 12:00:00+00:00, run_after=2025-07-25 13:00:00+00:00
[2025-07-25T12:35:07.940+0000] {processor.py:183} INFO - Processing /opt/airflow/dags/load_raw_from_minio.py took 1.117 seconds
[2025-07-25T12:35:38.039+0000] {processor.py:161} INFO - Started process (PID=120) to work on /opt/airflow/dags/load_raw_from_minio.py
[2025-07-25T12:35:38.041+0000] {processor.py:830} INFO - Processing file /opt/airflow/dags/load_raw_from_minio.py for tasks to queue
[2025-07-25T12:35:38.043+0000] {logging_mixin.py:188} INFO - [2025-07-25T12:35:38.043+0000] {dagbag.py:540} INFO - Filling up the DagBag from /opt/airflow/dags/load_raw_from_minio.py
[2025-07-25T12:35:38.130+0000] {processor.py:840} INFO - DAG(s) 'load_raw_from_minio' retrieved from /opt/airflow/dags/load_raw_from_minio.py
[2025-07-25T12:35:38.156+0000] {logging_mixin.py:188} INFO - [2025-07-25T12:35:38.156+0000] {dag.py:3047} INFO - Sync 1 DAGs
[2025-07-25T12:35:38.183+0000] {logging_mixin.py:188} INFO - [2025-07-25T12:35:38.183+0000] {dag.py:3834} INFO - Setting next_dagrun for load_raw_from_minio to 2025-07-25 12:00:00+00:00, run_after=2025-07-25 13:00:00+00:00
[2025-07-25T12:35:38.203+0000] {processor.py:183} INFO - Processing /opt/airflow/dags/load_raw_from_minio.py took 0.169 seconds
[2025-07-25T12:36:08.265+0000] {processor.py:161} INFO - Started process (PID=133) to work on /opt/airflow/dags/load_raw_from_minio.py
[2025-07-25T12:36:08.267+0000] {processor.py:830} INFO - Processing file /opt/airflow/dags/load_raw_from_minio.py for tasks to queue
[2025-07-25T12:36:08.269+0000] {logging_mixin.py:188} INFO - [2025-07-25T12:36:08.269+0000] {dagbag.py:540} INFO - Filling up the DagBag from /opt/airflow/dags/load_raw_from_minio.py
[2025-07-25T12:36:08.371+0000] {processor.py:840} INFO - DAG(s) 'load_raw_from_minio' retrieved from /opt/airflow/dags/load_raw_from_minio.py
[2025-07-25T12:36:08.412+0000] {logging_mixin.py:188} INFO - [2025-07-25T12:36:08.412+0000] {dag.py:3047} INFO - Sync 1 DAGs
[2025-07-25T12:36:08.458+0000] {logging_mixin.py:188} INFO - [2025-07-25T12:36:08.457+0000] {dag.py:3834} INFO - Setting next_dagrun for load_raw_from_minio to 2025-07-25 12:00:00+00:00, run_after=2025-07-25 13:00:00+00:00
[2025-07-25T12:36:08.491+0000] {processor.py:183} INFO - Processing /opt/airflow/dags/load_raw_from_minio.py took 0.231 seconds
[2025-07-25T12:36:38.692+0000] {processor.py:161} INFO - Started process (PID=140) to work on /opt/airflow/dags/load_raw_from_minio.py
[2025-07-25T12:36:38.693+0000] {processor.py:830} INFO - Processing file /opt/airflow/dags/load_raw_from_minio.py for tasks to queue
[2025-07-25T12:36:38.696+0000] {logging_mixin.py:188} INFO - [2025-07-25T12:36:38.696+0000] {dagbag.py:540} INFO - Filling up the DagBag from /opt/airflow/dags/load_raw_from_minio.py
[2025-07-25T12:36:38.792+0000] {processor.py:840} INFO - DAG(s) 'load_raw_from_minio' retrieved from /opt/airflow/dags/load_raw_from_minio.py
[2025-07-25T12:36:38.824+0000] {logging_mixin.py:188} INFO - [2025-07-25T12:36:38.824+0000] {dag.py:3047} INFO - Sync 1 DAGs
[2025-07-25T12:36:38.859+0000] {logging_mixin.py:188} INFO - [2025-07-25T12:36:38.859+0000] {dag.py:3834} INFO - Setting next_dagrun for load_raw_from_minio to 2025-07-25 12:00:00+00:00, run_after=2025-07-25 13:00:00+00:00
[2025-07-25T12:36:38.883+0000] {processor.py:183} INFO - Processing /opt/airflow/dags/load_raw_from_minio.py took 0.197 seconds
[2025-07-25T12:37:09.066+0000] {processor.py:161} INFO - Started process (PID=147) to work on /opt/airflow/dags/load_raw_from_minio.py
[2025-07-25T12:37:09.067+0000] {processor.py:830} INFO - Processing file /opt/airflow/dags/load_raw_from_minio.py for tasks to queue
[2025-07-25T12:37:09.071+0000] {logging_mixin.py:188} INFO - [2025-07-25T12:37:09.070+0000] {dagbag.py:540} INFO - Filling up the DagBag from /opt/airflow/dags/load_raw_from_minio.py
[2025-07-25T12:37:09.167+0000] {processor.py:840} INFO - DAG(s) 'load_raw_from_minio' retrieved from /opt/airflow/dags/load_raw_from_minio.py
[2025-07-25T12:37:09.200+0000] {logging_mixin.py:188} INFO - [2025-07-25T12:37:09.200+0000] {dag.py:3047} INFO - Sync 1 DAGs
[2025-07-25T12:37:09.233+0000] {logging_mixin.py:188} INFO - [2025-07-25T12:37:09.233+0000] {dag.py:3834} INFO - Setting next_dagrun for load_raw_from_minio to 2025-07-25 12:00:00+00:00, run_after=2025-07-25 13:00:00+00:00
[2025-07-25T12:37:09.255+0000] {processor.py:183} INFO - Processing /opt/airflow/dags/load_raw_from_minio.py took 0.194 seconds
[2025-07-25T12:37:39.472+0000] {processor.py:161} INFO - Started process (PID=154) to work on /opt/airflow/dags/load_raw_from_minio.py
[2025-07-25T12:37:39.473+0000] {processor.py:830} INFO - Processing file /opt/airflow/dags/load_raw_from_minio.py for tasks to queue
[2025-07-25T12:37:39.475+0000] {logging_mixin.py:188} INFO - [2025-07-25T12:37:39.475+0000] {dagbag.py:540} INFO - Filling up the DagBag from /opt/airflow/dags/load_raw_from_minio.py
[2025-07-25T12:37:39.561+0000] {processor.py:840} INFO - DAG(s) 'load_raw_from_minio' retrieved from /opt/airflow/dags/load_raw_from_minio.py
[2025-07-25T12:37:39.591+0000] {logging_mixin.py:188} INFO - [2025-07-25T12:37:39.591+0000] {dag.py:3047} INFO - Sync 1 DAGs
[2025-07-25T12:37:39.620+0000] {logging_mixin.py:188} INFO - [2025-07-25T12:37:39.620+0000] {dag.py:3834} INFO - Setting next_dagrun for load_raw_from_minio to 2025-07-25 12:00:00+00:00, run_after=2025-07-25 13:00:00+00:00
[2025-07-25T12:37:39.643+0000] {processor.py:183} INFO - Processing /opt/airflow/dags/load_raw_from_minio.py took 0.175 seconds
[2025-07-25T12:38:09.824+0000] {processor.py:161} INFO - Started process (PID=161) to work on /opt/airflow/dags/load_raw_from_minio.py
[2025-07-25T12:38:09.826+0000] {processor.py:830} INFO - Processing file /opt/airflow/dags/load_raw_from_minio.py for tasks to queue
[2025-07-25T12:38:09.829+0000] {logging_mixin.py:188} INFO - [2025-07-25T12:38:09.829+0000] {dagbag.py:540} INFO - Filling up the DagBag from /opt/airflow/dags/load_raw_from_minio.py
[2025-07-25T12:38:09.926+0000] {processor.py:840} INFO - DAG(s) 'load_raw_from_minio' retrieved from /opt/airflow/dags/load_raw_from_minio.py
[2025-07-25T12:38:09.959+0000] {logging_mixin.py:188} INFO - [2025-07-25T12:38:09.958+0000] {dag.py:3047} INFO - Sync 1 DAGs
[2025-07-25T12:38:09.993+0000] {logging_mixin.py:188} INFO - [2025-07-25T12:38:09.993+0000] {dag.py:3834} INFO - Setting next_dagrun for load_raw_from_minio to 2025-07-25 12:00:00+00:00, run_after=2025-07-25 13:00:00+00:00
[2025-07-25T12:38:10.018+0000] {processor.py:183} INFO - Processing /opt/airflow/dags/load_raw_from_minio.py took 0.199 seconds
[2025-07-25T12:38:40.195+0000] {processor.py:161} INFO - Started process (PID=168) to work on /opt/airflow/dags/load_raw_from_minio.py
[2025-07-25T12:38:40.196+0000] {processor.py:830} INFO - Processing file /opt/airflow/dags/load_raw_from_minio.py for tasks to queue
[2025-07-25T12:38:40.199+0000] {logging_mixin.py:188} INFO - [2025-07-25T12:38:40.199+0000] {dagbag.py:540} INFO - Filling up the DagBag from /opt/airflow/dags/load_raw_from_minio.py
[2025-07-25T12:38:40.435+0000] {processor.py:840} INFO - DAG(s) 'load_raw_from_minio' retrieved from /opt/airflow/dags/load_raw_from_minio.py
[2025-07-25T12:38:40.498+0000] {logging_mixin.py:188} INFO - [2025-07-25T12:38:40.497+0000] {dag.py:3047} INFO - Sync 1 DAGs
[2025-07-25T12:38:40.546+0000] {logging_mixin.py:188} INFO - [2025-07-25T12:38:40.546+0000] {dag.py:3834} INFO - Setting next_dagrun for load_raw_from_minio to 2025-07-25 12:00:00+00:00, run_after=2025-07-25 13:00:00+00:00
[2025-07-25T12:38:40.578+0000] {processor.py:183} INFO - Processing /opt/airflow/dags/load_raw_from_minio.py took 0.389 seconds
[2025-07-25T12:39:10.850+0000] {processor.py:161} INFO - Started process (PID=175) to work on /opt/airflow/dags/load_raw_from_minio.py
[2025-07-25T12:39:10.852+0000] {processor.py:830} INFO - Processing file /opt/airflow/dags/load_raw_from_minio.py for tasks to queue
[2025-07-25T12:39:10.854+0000] {logging_mixin.py:188} INFO - [2025-07-25T12:39:10.853+0000] {dagbag.py:540} INFO - Filling up the DagBag from /opt/airflow/dags/load_raw_from_minio.py
[2025-07-25T12:39:10.925+0000] {processor.py:840} INFO - DAG(s) 'load_raw_from_minio' retrieved from /opt/airflow/dags/load_raw_from_minio.py
[2025-07-25T12:39:10.951+0000] {logging_mixin.py:188} INFO - [2025-07-25T12:39:10.950+0000] {dag.py:3047} INFO - Sync 1 DAGs
[2025-07-25T12:39:10.976+0000] {logging_mixin.py:188} INFO - [2025-07-25T12:39:10.976+0000] {dag.py:3834} INFO - Setting next_dagrun for load_raw_from_minio to 2025-07-25 12:00:00+00:00, run_after=2025-07-25 13:00:00+00:00
[2025-07-25T12:39:10.998+0000] {processor.py:183} INFO - Processing /opt/airflow/dags/load_raw_from_minio.py took 0.152 seconds
[2025-07-25T12:39:41.077+0000] {processor.py:161} INFO - Started process (PID=182) to work on /opt/airflow/dags/load_raw_from_minio.py
[2025-07-25T12:39:41.079+0000] {processor.py:830} INFO - Processing file /opt/airflow/dags/load_raw_from_minio.py for tasks to queue
[2025-07-25T12:39:41.081+0000] {logging_mixin.py:188} INFO - [2025-07-25T12:39:41.081+0000] {dagbag.py:540} INFO - Filling up the DagBag from /opt/airflow/dags/load_raw_from_minio.py
[2025-07-25T12:39:41.156+0000] {processor.py:840} INFO - DAG(s) 'load_raw_from_minio' retrieved from /opt/airflow/dags/load_raw_from_minio.py
[2025-07-25T12:39:41.180+0000] {logging_mixin.py:188} INFO - [2025-07-25T12:39:41.180+0000] {dag.py:3047} INFO - Sync 1 DAGs
[2025-07-25T12:39:41.205+0000] {logging_mixin.py:188} INFO - [2025-07-25T12:39:41.205+0000] {dag.py:3834} INFO - Setting next_dagrun for load_raw_from_minio to 2025-07-25 12:00:00+00:00, run_after=2025-07-25 13:00:00+00:00
[2025-07-25T12:39:41.223+0000] {processor.py:183} INFO - Processing /opt/airflow/dags/load_raw_from_minio.py took 0.150 seconds
[2025-07-25T12:40:11.290+0000] {processor.py:161} INFO - Started process (PID=188) to work on /opt/airflow/dags/load_raw_from_minio.py
[2025-07-25T12:40:11.291+0000] {processor.py:830} INFO - Processing file /opt/airflow/dags/load_raw_from_minio.py for tasks to queue
[2025-07-25T12:40:11.294+0000] {logging_mixin.py:188} INFO - [2025-07-25T12:40:11.293+0000] {dagbag.py:540} INFO - Filling up the DagBag from /opt/airflow/dags/load_raw_from_minio.py
[2025-07-25T12:40:11.370+0000] {processor.py:840} INFO - DAG(s) 'load_raw_from_minio' retrieved from /opt/airflow/dags/load_raw_from_minio.py
[2025-07-25T12:40:11.395+0000] {logging_mixin.py:188} INFO - [2025-07-25T12:40:11.394+0000] {dag.py:3047} INFO - Sync 1 DAGs
[2025-07-25T12:40:11.419+0000] {logging_mixin.py:188} INFO - [2025-07-25T12:40:11.419+0000] {dag.py:3834} INFO - Setting next_dagrun for load_raw_from_minio to 2025-07-25 12:00:00+00:00, run_after=2025-07-25 13:00:00+00:00
[2025-07-25T12:40:11.439+0000] {processor.py:183} INFO - Processing /opt/airflow/dags/load_raw_from_minio.py took 0.153 seconds
[2025-07-25T12:40:41.563+0000] {processor.py:161} INFO - Started process (PID=195) to work on /opt/airflow/dags/load_raw_from_minio.py
[2025-07-25T12:40:41.564+0000] {processor.py:830} INFO - Processing file /opt/airflow/dags/load_raw_from_minio.py for tasks to queue
[2025-07-25T12:40:41.569+0000] {logging_mixin.py:188} INFO - [2025-07-25T12:40:41.569+0000] {dagbag.py:540} INFO - Filling up the DagBag from /opt/airflow/dags/load_raw_from_minio.py
[2025-07-25T12:40:41.674+0000] {processor.py:840} INFO - DAG(s) 'load_raw_from_minio' retrieved from /opt/airflow/dags/load_raw_from_minio.py
[2025-07-25T12:40:41.706+0000] {logging_mixin.py:188} INFO - [2025-07-25T12:40:41.706+0000] {dag.py:3047} INFO - Sync 1 DAGs
[2025-07-25T12:40:41.763+0000] {logging_mixin.py:188} INFO - [2025-07-25T12:40:41.762+0000] {dag.py:3834} INFO - Setting next_dagrun for load_raw_from_minio to 2025-07-25 12:00:00+00:00, run_after=2025-07-25 13:00:00+00:00
[2025-07-25T12:40:41.809+0000] {processor.py:183} INFO - Processing /opt/airflow/dags/load_raw_from_minio.py took 0.252 seconds
[2025-07-25T12:41:12.048+0000] {processor.py:161} INFO - Started process (PID=202) to work on /opt/airflow/dags/load_raw_from_minio.py
[2025-07-25T12:41:12.050+0000] {processor.py:830} INFO - Processing file /opt/airflow/dags/load_raw_from_minio.py for tasks to queue
[2025-07-25T12:41:12.053+0000] {logging_mixin.py:188} INFO - [2025-07-25T12:41:12.053+0000] {dagbag.py:540} INFO - Filling up the DagBag from /opt/airflow/dags/load_raw_from_minio.py
[2025-07-25T12:41:12.132+0000] {processor.py:840} INFO - DAG(s) 'load_raw_from_minio' retrieved from /opt/airflow/dags/load_raw_from_minio.py
[2025-07-25T12:41:12.156+0000] {logging_mixin.py:188} INFO - [2025-07-25T12:41:12.156+0000] {dag.py:3047} INFO - Sync 1 DAGs
[2025-07-25T12:41:12.179+0000] {logging_mixin.py:188} INFO - [2025-07-25T12:41:12.179+0000] {dag.py:3834} INFO - Setting next_dagrun for load_raw_from_minio to 2025-07-25 12:00:00+00:00, run_after=2025-07-25 13:00:00+00:00
[2025-07-25T12:41:12.199+0000] {processor.py:183} INFO - Processing /opt/airflow/dags/load_raw_from_minio.py took 0.156 seconds
[2025-07-25T12:41:42.232+0000] {processor.py:161} INFO - Started process (PID=209) to work on /opt/airflow/dags/load_raw_from_minio.py
[2025-07-25T12:41:42.233+0000] {processor.py:830} INFO - Processing file /opt/airflow/dags/load_raw_from_minio.py for tasks to queue
[2025-07-25T12:41:42.236+0000] {logging_mixin.py:188} INFO - [2025-07-25T12:41:42.236+0000] {dagbag.py:540} INFO - Filling up the DagBag from /opt/airflow/dags/load_raw_from_minio.py
[2025-07-25T12:41:42.365+0000] {processor.py:840} INFO - DAG(s) 'load_raw_from_minio' retrieved from /opt/airflow/dags/load_raw_from_minio.py
[2025-07-25T12:41:42.407+0000] {logging_mixin.py:188} INFO - [2025-07-25T12:41:42.407+0000] {dag.py:3047} INFO - Sync 1 DAGs
[2025-07-25T12:41:42.453+0000] {logging_mixin.py:188} INFO - [2025-07-25T12:41:42.453+0000] {dag.py:3834} INFO - Setting next_dagrun for load_raw_from_minio to 2025-07-25 12:00:00+00:00, run_after=2025-07-25 13:00:00+00:00
[2025-07-25T12:41:42.486+0000] {processor.py:183} INFO - Processing /opt/airflow/dags/load_raw_from_minio.py took 0.261 seconds
[2025-07-25T12:42:12.542+0000] {processor.py:161} INFO - Started process (PID=216) to work on /opt/airflow/dags/load_raw_from_minio.py
[2025-07-25T12:42:12.544+0000] {processor.py:830} INFO - Processing file /opt/airflow/dags/load_raw_from_minio.py for tasks to queue
[2025-07-25T12:42:12.546+0000] {logging_mixin.py:188} INFO - [2025-07-25T12:42:12.546+0000] {dagbag.py:540} INFO - Filling up the DagBag from /opt/airflow/dags/load_raw_from_minio.py
[2025-07-25T12:42:12.629+0000] {processor.py:840} INFO - DAG(s) 'load_raw_from_minio' retrieved from /opt/airflow/dags/load_raw_from_minio.py
[2025-07-25T12:42:12.661+0000] {logging_mixin.py:188} INFO - [2025-07-25T12:42:12.660+0000] {dag.py:3047} INFO - Sync 1 DAGs
[2025-07-25T12:42:12.689+0000] {logging_mixin.py:188} INFO - [2025-07-25T12:42:12.689+0000] {dag.py:3834} INFO - Setting next_dagrun for load_raw_from_minio to 2025-07-25 12:00:00+00:00, run_after=2025-07-25 13:00:00+00:00
[2025-07-25T12:42:12.709+0000] {processor.py:183} INFO - Processing /opt/airflow/dags/load_raw_from_minio.py took 0.170 seconds
[2025-07-25T12:42:42.826+0000] {processor.py:161} INFO - Started process (PID=223) to work on /opt/airflow/dags/load_raw_from_minio.py
[2025-07-25T12:42:42.828+0000] {processor.py:830} INFO - Processing file /opt/airflow/dags/load_raw_from_minio.py for tasks to queue
[2025-07-25T12:42:42.831+0000] {logging_mixin.py:188} INFO - [2025-07-25T12:42:42.830+0000] {dagbag.py:540} INFO - Filling up the DagBag from /opt/airflow/dags/load_raw_from_minio.py
[2025-07-25T12:42:42.929+0000] {processor.py:840} INFO - DAG(s) 'load_raw_from_minio' retrieved from /opt/airflow/dags/load_raw_from_minio.py
[2025-07-25T12:42:42.960+0000] {logging_mixin.py:188} INFO - [2025-07-25T12:42:42.959+0000] {dag.py:3047} INFO - Sync 1 DAGs
[2025-07-25T12:42:42.996+0000] {logging_mixin.py:188} INFO - [2025-07-25T12:42:42.995+0000] {dag.py:3834} INFO - Setting next_dagrun for load_raw_from_minio to 2025-07-25 12:00:00+00:00, run_after=2025-07-25 13:00:00+00:00
[2025-07-25T12:42:43.021+0000] {processor.py:183} INFO - Processing /opt/airflow/dags/load_raw_from_minio.py took 0.199 seconds
[2025-07-25T12:43:13.349+0000] {processor.py:161} INFO - Started process (PID=230) to work on /opt/airflow/dags/load_raw_from_minio.py
[2025-07-25T12:43:13.350+0000] {processor.py:830} INFO - Processing file /opt/airflow/dags/load_raw_from_minio.py for tasks to queue
[2025-07-25T12:43:13.353+0000] {logging_mixin.py:188} INFO - [2025-07-25T12:43:13.352+0000] {dagbag.py:540} INFO - Filling up the DagBag from /opt/airflow/dags/load_raw_from_minio.py
[2025-07-25T12:43:13.451+0000] {processor.py:840} INFO - DAG(s) 'load_raw_from_minio' retrieved from /opt/airflow/dags/load_raw_from_minio.py
[2025-07-25T12:43:13.478+0000] {logging_mixin.py:188} INFO - [2025-07-25T12:43:13.477+0000] {dag.py:3047} INFO - Sync 1 DAGs
[2025-07-25T12:43:13.507+0000] {logging_mixin.py:188} INFO - [2025-07-25T12:43:13.507+0000] {dag.py:3834} INFO - Setting next_dagrun for load_raw_from_minio to 2025-07-25 12:00:00+00:00, run_after=2025-07-25 13:00:00+00:00
[2025-07-25T12:43:13.540+0000] {processor.py:183} INFO - Processing /opt/airflow/dags/load_raw_from_minio.py took 0.195 seconds
[2025-07-25T12:43:43.754+0000] {processor.py:161} INFO - Started process (PID=237) to work on /opt/airflow/dags/load_raw_from_minio.py
[2025-07-25T12:43:43.755+0000] {processor.py:830} INFO - Processing file /opt/airflow/dags/load_raw_from_minio.py for tasks to queue
[2025-07-25T12:43:43.758+0000] {logging_mixin.py:188} INFO - [2025-07-25T12:43:43.758+0000] {dagbag.py:540} INFO - Filling up the DagBag from /opt/airflow/dags/load_raw_from_minio.py
[2025-07-25T12:43:43.839+0000] {processor.py:840} INFO - DAG(s) 'load_raw_from_minio' retrieved from /opt/airflow/dags/load_raw_from_minio.py
[2025-07-25T12:43:43.866+0000] {logging_mixin.py:188} INFO - [2025-07-25T12:43:43.866+0000] {dag.py:3047} INFO - Sync 1 DAGs
[2025-07-25T12:43:43.895+0000] {logging_mixin.py:188} INFO - [2025-07-25T12:43:43.895+0000] {dag.py:3834} INFO - Setting next_dagrun for load_raw_from_minio to 2025-07-25 12:00:00+00:00, run_after=2025-07-25 13:00:00+00:00
[2025-07-25T12:43:43.916+0000] {processor.py:183} INFO - Processing /opt/airflow/dags/load_raw_from_minio.py took 0.167 seconds
[2025-07-25T12:44:14.123+0000] {processor.py:161} INFO - Started process (PID=244) to work on /opt/airflow/dags/load_raw_from_minio.py
[2025-07-25T12:44:14.126+0000] {processor.py:830} INFO - Processing file /opt/airflow/dags/load_raw_from_minio.py for tasks to queue
[2025-07-25T12:44:14.129+0000] {logging_mixin.py:188} INFO - [2025-07-25T12:44:14.128+0000] {dagbag.py:540} INFO - Filling up the DagBag from /opt/airflow/dags/load_raw_from_minio.py
[2025-07-25T12:44:14.212+0000] {processor.py:840} INFO - DAG(s) 'load_raw_from_minio' retrieved from /opt/airflow/dags/load_raw_from_minio.py
[2025-07-25T12:44:14.239+0000] {logging_mixin.py:188} INFO - [2025-07-25T12:44:14.239+0000] {dag.py:3047} INFO - Sync 1 DAGs
[2025-07-25T12:44:14.265+0000] {logging_mixin.py:188} INFO - [2025-07-25T12:44:14.264+0000] {dag.py:3834} INFO - Setting next_dagrun for load_raw_from_minio to 2025-07-25 12:00:00+00:00, run_after=2025-07-25 13:00:00+00:00
[2025-07-25T12:44:14.284+0000] {processor.py:183} INFO - Processing /opt/airflow/dags/load_raw_from_minio.py took 0.166 seconds
[2025-07-25T12:44:44.466+0000] {processor.py:161} INFO - Started process (PID=251) to work on /opt/airflow/dags/load_raw_from_minio.py
[2025-07-25T12:44:44.468+0000] {processor.py:830} INFO - Processing file /opt/airflow/dags/load_raw_from_minio.py for tasks to queue
[2025-07-25T12:44:44.471+0000] {logging_mixin.py:188} INFO - [2025-07-25T12:44:44.470+0000] {dagbag.py:540} INFO - Filling up the DagBag from /opt/airflow/dags/load_raw_from_minio.py
[2025-07-25T12:44:44.601+0000] {processor.py:840} INFO - DAG(s) 'load_raw_from_minio' retrieved from /opt/airflow/dags/load_raw_from_minio.py
[2025-07-25T12:44:44.635+0000] {logging_mixin.py:188} INFO - [2025-07-25T12:44:44.635+0000] {dag.py:3047} INFO - Sync 1 DAGs
[2025-07-25T12:44:44.673+0000] {logging_mixin.py:188} INFO - [2025-07-25T12:44:44.673+0000] {dag.py:3834} INFO - Setting next_dagrun for load_raw_from_minio to 2025-07-25 12:00:00+00:00, run_after=2025-07-25 13:00:00+00:00
[2025-07-25T12:44:44.706+0000] {processor.py:183} INFO - Processing /opt/airflow/dags/load_raw_from_minio.py took 0.246 seconds
[2025-07-25T12:45:14.893+0000] {processor.py:161} INFO - Started process (PID=258) to work on /opt/airflow/dags/load_raw_from_minio.py
[2025-07-25T12:45:14.894+0000] {processor.py:830} INFO - Processing file /opt/airflow/dags/load_raw_from_minio.py for tasks to queue
[2025-07-25T12:45:14.897+0000] {logging_mixin.py:188} INFO - [2025-07-25T12:45:14.896+0000] {dagbag.py:540} INFO - Filling up the DagBag from /opt/airflow/dags/load_raw_from_minio.py
[2025-07-25T12:45:14.980+0000] {processor.py:840} INFO - DAG(s) 'load_raw_from_minio' retrieved from /opt/airflow/dags/load_raw_from_minio.py
[2025-07-25T12:45:15.008+0000] {logging_mixin.py:188} INFO - [2025-07-25T12:45:15.007+0000] {dag.py:3047} INFO - Sync 1 DAGs
[2025-07-25T12:45:15.039+0000] {logging_mixin.py:188} INFO - [2025-07-25T12:45:15.038+0000] {dag.py:3834} INFO - Setting next_dagrun for load_raw_from_minio to 2025-07-25 12:00:00+00:00, run_after=2025-07-25 13:00:00+00:00
[2025-07-25T12:45:15.063+0000] {processor.py:183} INFO - Processing /opt/airflow/dags/load_raw_from_minio.py took 0.175 seconds
[2025-07-25T12:45:45.238+0000] {processor.py:161} INFO - Started process (PID=265) to work on /opt/airflow/dags/load_raw_from_minio.py
[2025-07-25T12:45:45.239+0000] {processor.py:830} INFO - Processing file /opt/airflow/dags/load_raw_from_minio.py for tasks to queue
[2025-07-25T12:45:45.241+0000] {logging_mixin.py:188} INFO - [2025-07-25T12:45:45.241+0000] {dagbag.py:540} INFO - Filling up the DagBag from /opt/airflow/dags/load_raw_from_minio.py
[2025-07-25T12:45:45.320+0000] {processor.py:840} INFO - DAG(s) 'load_raw_from_minio' retrieved from /opt/airflow/dags/load_raw_from_minio.py
[2025-07-25T12:45:45.353+0000] {logging_mixin.py:188} INFO - [2025-07-25T12:45:45.353+0000] {dag.py:3047} INFO - Sync 1 DAGs
[2025-07-25T12:45:45.385+0000] {logging_mixin.py:188} INFO - [2025-07-25T12:45:45.385+0000] {dag.py:3834} INFO - Setting next_dagrun for load_raw_from_minio to 2025-07-25 12:00:00+00:00, run_after=2025-07-25 13:00:00+00:00
[2025-07-25T12:45:45.410+0000] {processor.py:183} INFO - Processing /opt/airflow/dags/load_raw_from_minio.py took 0.176 seconds
[2025-07-25T12:46:15.645+0000] {processor.py:161} INFO - Started process (PID=272) to work on /opt/airflow/dags/load_raw_from_minio.py
[2025-07-25T12:46:15.647+0000] {processor.py:830} INFO - Processing file /opt/airflow/dags/load_raw_from_minio.py for tasks to queue
[2025-07-25T12:46:15.649+0000] {logging_mixin.py:188} INFO - [2025-07-25T12:46:15.649+0000] {dagbag.py:540} INFO - Filling up the DagBag from /opt/airflow/dags/load_raw_from_minio.py
[2025-07-25T12:46:15.736+0000] {processor.py:840} INFO - DAG(s) 'load_raw_from_minio' retrieved from /opt/airflow/dags/load_raw_from_minio.py
[2025-07-25T12:46:15.760+0000] {logging_mixin.py:188} INFO - [2025-07-25T12:46:15.760+0000] {dag.py:3047} INFO - Sync 1 DAGs
[2025-07-25T12:46:15.785+0000] {logging_mixin.py:188} INFO - [2025-07-25T12:46:15.785+0000] {dag.py:3834} INFO - Setting next_dagrun for load_raw_from_minio to 2025-07-25 12:00:00+00:00, run_after=2025-07-25 13:00:00+00:00
[2025-07-25T12:46:15.804+0000] {processor.py:183} INFO - Processing /opt/airflow/dags/load_raw_from_minio.py took 0.163 seconds
[2025-07-25T12:46:46.083+0000] {processor.py:161} INFO - Started process (PID=279) to work on /opt/airflow/dags/load_raw_from_minio.py
[2025-07-25T12:46:46.091+0000] {processor.py:830} INFO - Processing file /opt/airflow/dags/load_raw_from_minio.py for tasks to queue
[2025-07-25T12:46:46.103+0000] {logging_mixin.py:188} INFO - [2025-07-25T12:46:46.103+0000] {dagbag.py:540} INFO - Filling up the DagBag from /opt/airflow/dags/load_raw_from_minio.py
[2025-07-25T12:46:46.189+0000] {processor.py:840} INFO - DAG(s) 'load_raw_from_minio' retrieved from /opt/airflow/dags/load_raw_from_minio.py
[2025-07-25T12:46:46.396+0000] {logging_mixin.py:188} INFO - [2025-07-25T12:46:46.396+0000] {dag.py:3047} INFO - Sync 1 DAGs
[2025-07-25T12:46:46.538+0000] {logging_mixin.py:188} INFO - [2025-07-25T12:46:46.537+0000] {dag.py:3834} INFO - Setting next_dagrun for load_raw_from_minio to 2025-07-25 12:00:00+00:00, run_after=2025-07-25 13:00:00+00:00
[2025-07-25T12:46:46.589+0000] {processor.py:183} INFO - Processing /opt/airflow/dags/load_raw_from_minio.py took 0.559 seconds
[2025-07-25T12:47:16.781+0000] {processor.py:161} INFO - Started process (PID=286) to work on /opt/airflow/dags/load_raw_from_minio.py
[2025-07-25T12:47:16.782+0000] {processor.py:830} INFO - Processing file /opt/airflow/dags/load_raw_from_minio.py for tasks to queue
[2025-07-25T12:47:16.784+0000] {logging_mixin.py:188} INFO - [2025-07-25T12:47:16.784+0000] {dagbag.py:540} INFO - Filling up the DagBag from /opt/airflow/dags/load_raw_from_minio.py
[2025-07-25T12:47:16.863+0000] {processor.py:840} INFO - DAG(s) 'load_raw_from_minio' retrieved from /opt/airflow/dags/load_raw_from_minio.py
[2025-07-25T12:47:16.891+0000] {logging_mixin.py:188} INFO - [2025-07-25T12:47:16.890+0000] {dag.py:3047} INFO - Sync 1 DAGs
[2025-07-25T12:47:16.920+0000] {logging_mixin.py:188} INFO - [2025-07-25T12:47:16.920+0000] {dag.py:3834} INFO - Setting next_dagrun for load_raw_from_minio to 2025-07-25 12:00:00+00:00, run_after=2025-07-25 13:00:00+00:00
[2025-07-25T12:47:16.942+0000] {processor.py:183} INFO - Processing /opt/airflow/dags/load_raw_from_minio.py took 0.164 seconds
[2025-07-25T12:47:47.099+0000] {processor.py:161} INFO - Started process (PID=293) to work on /opt/airflow/dags/load_raw_from_minio.py
[2025-07-25T12:47:47.100+0000] {processor.py:830} INFO - Processing file /opt/airflow/dags/load_raw_from_minio.py for tasks to queue
[2025-07-25T12:47:47.103+0000] {logging_mixin.py:188} INFO - [2025-07-25T12:47:47.103+0000] {dagbag.py:540} INFO - Filling up the DagBag from /opt/airflow/dags/load_raw_from_minio.py
[2025-07-25T12:47:47.207+0000] {processor.py:840} INFO - DAG(s) 'load_raw_from_minio' retrieved from /opt/airflow/dags/load_raw_from_minio.py
[2025-07-25T12:47:47.255+0000] {logging_mixin.py:188} INFO - [2025-07-25T12:47:47.254+0000] {dag.py:3047} INFO - Sync 1 DAGs
[2025-07-25T12:47:47.291+0000] {logging_mixin.py:188} INFO - [2025-07-25T12:47:47.291+0000] {dag.py:3834} INFO - Setting next_dagrun for load_raw_from_minio to 2025-07-25 12:00:00+00:00, run_after=2025-07-25 13:00:00+00:00
[2025-07-25T12:47:47.320+0000] {processor.py:183} INFO - Processing /opt/airflow/dags/load_raw_from_minio.py took 0.226 seconds
[2025-07-25T12:48:17.460+0000] {processor.py:161} INFO - Started process (PID=300) to work on /opt/airflow/dags/load_raw_from_minio.py
[2025-07-25T12:48:17.461+0000] {processor.py:830} INFO - Processing file /opt/airflow/dags/load_raw_from_minio.py for tasks to queue
[2025-07-25T12:48:17.463+0000] {logging_mixin.py:188} INFO - [2025-07-25T12:48:17.463+0000] {dagbag.py:540} INFO - Filling up the DagBag from /opt/airflow/dags/load_raw_from_minio.py
[2025-07-25T12:48:17.560+0000] {processor.py:840} INFO - DAG(s) 'load_raw_from_minio' retrieved from /opt/airflow/dags/load_raw_from_minio.py
[2025-07-25T12:48:17.590+0000] {logging_mixin.py:188} INFO - [2025-07-25T12:48:17.589+0000] {dag.py:3047} INFO - Sync 1 DAGs
[2025-07-25T12:48:17.622+0000] {logging_mixin.py:188} INFO - [2025-07-25T12:48:17.622+0000] {dag.py:3834} INFO - Setting next_dagrun for load_raw_from_minio to 2025-07-25 12:00:00+00:00, run_after=2025-07-25 13:00:00+00:00
[2025-07-25T12:48:17.649+0000] {processor.py:183} INFO - Processing /opt/airflow/dags/load_raw_from_minio.py took 0.194 seconds
[2025-07-25T12:48:47.828+0000] {processor.py:161} INFO - Started process (PID=307) to work on /opt/airflow/dags/load_raw_from_minio.py
[2025-07-25T12:48:47.829+0000] {processor.py:830} INFO - Processing file /opt/airflow/dags/load_raw_from_minio.py for tasks to queue
[2025-07-25T12:48:47.832+0000] {logging_mixin.py:188} INFO - [2025-07-25T12:48:47.832+0000] {dagbag.py:540} INFO - Filling up the DagBag from /opt/airflow/dags/load_raw_from_minio.py
[2025-07-25T12:48:47.916+0000] {processor.py:840} INFO - DAG(s) 'load_raw_from_minio' retrieved from /opt/airflow/dags/load_raw_from_minio.py
[2025-07-25T12:48:47.945+0000] {logging_mixin.py:188} INFO - [2025-07-25T12:48:47.945+0000] {dag.py:3047} INFO - Sync 1 DAGs
[2025-07-25T12:48:47.974+0000] {logging_mixin.py:188} INFO - [2025-07-25T12:48:47.974+0000] {dag.py:3834} INFO - Setting next_dagrun for load_raw_from_minio to 2025-07-25 12:00:00+00:00, run_after=2025-07-25 13:00:00+00:00
[2025-07-25T12:48:47.998+0000] {processor.py:183} INFO - Processing /opt/airflow/dags/load_raw_from_minio.py took 0.174 seconds
[2025-07-25T12:49:18.110+0000] {processor.py:161} INFO - Started process (PID=314) to work on /opt/airflow/dags/load_raw_from_minio.py
[2025-07-25T12:49:18.111+0000] {processor.py:830} INFO - Processing file /opt/airflow/dags/load_raw_from_minio.py for tasks to queue
[2025-07-25T12:49:18.114+0000] {logging_mixin.py:188} INFO - [2025-07-25T12:49:18.114+0000] {dagbag.py:540} INFO - Filling up the DagBag from /opt/airflow/dags/load_raw_from_minio.py
[2025-07-25T12:49:18.198+0000] {processor.py:840} INFO - DAG(s) 'load_raw_from_minio' retrieved from /opt/airflow/dags/load_raw_from_minio.py
[2025-07-25T12:49:18.225+0000] {logging_mixin.py:188} INFO - [2025-07-25T12:49:18.225+0000] {dag.py:3047} INFO - Sync 1 DAGs
[2025-07-25T12:49:18.256+0000] {logging_mixin.py:188} INFO - [2025-07-25T12:49:18.256+0000] {dag.py:3834} INFO - Setting next_dagrun for load_raw_from_minio to 2025-07-25 12:00:00+00:00, run_after=2025-07-25 13:00:00+00:00
[2025-07-25T12:49:18.277+0000] {processor.py:183} INFO - Processing /opt/airflow/dags/load_raw_from_minio.py took 0.172 seconds
[2025-07-25T12:49:48.366+0000] {processor.py:161} INFO - Started process (PID=321) to work on /opt/airflow/dags/load_raw_from_minio.py
[2025-07-25T12:49:48.368+0000] {processor.py:830} INFO - Processing file /opt/airflow/dags/load_raw_from_minio.py for tasks to queue
[2025-07-25T12:49:48.370+0000] {logging_mixin.py:188} INFO - [2025-07-25T12:49:48.370+0000] {dagbag.py:540} INFO - Filling up the DagBag from /opt/airflow/dags/load_raw_from_minio.py
[2025-07-25T12:49:48.452+0000] {processor.py:840} INFO - DAG(s) 'load_raw_from_minio' retrieved from /opt/airflow/dags/load_raw_from_minio.py
[2025-07-25T12:49:48.478+0000] {logging_mixin.py:188} INFO - [2025-07-25T12:49:48.478+0000] {dag.py:3047} INFO - Sync 1 DAGs
[2025-07-25T12:49:48.504+0000] {logging_mixin.py:188} INFO - [2025-07-25T12:49:48.503+0000] {dag.py:3834} INFO - Setting next_dagrun for load_raw_from_minio to 2025-07-25 12:00:00+00:00, run_after=2025-07-25 13:00:00+00:00
[2025-07-25T12:49:48.523+0000] {processor.py:183} INFO - Processing /opt/airflow/dags/load_raw_from_minio.py took 0.161 seconds
[2025-07-25T12:50:18.770+0000] {processor.py:161} INFO - Started process (PID=328) to work on /opt/airflow/dags/load_raw_from_minio.py
[2025-07-25T12:50:18.772+0000] {processor.py:830} INFO - Processing file /opt/airflow/dags/load_raw_from_minio.py for tasks to queue
[2025-07-25T12:50:18.775+0000] {logging_mixin.py:188} INFO - [2025-07-25T12:50:18.774+0000] {dagbag.py:540} INFO - Filling up the DagBag from /opt/airflow/dags/load_raw_from_minio.py
[2025-07-25T12:50:18.867+0000] {processor.py:840} INFO - DAG(s) 'load_raw_from_minio' retrieved from /opt/airflow/dags/load_raw_from_minio.py
[2025-07-25T12:50:18.892+0000] {logging_mixin.py:188} INFO - [2025-07-25T12:50:18.892+0000] {dag.py:3047} INFO - Sync 1 DAGs
[2025-07-25T12:50:18.920+0000] {logging_mixin.py:188} INFO - [2025-07-25T12:50:18.919+0000] {dag.py:3834} INFO - Setting next_dagrun for load_raw_from_minio to 2025-07-25 12:00:00+00:00, run_after=2025-07-25 13:00:00+00:00
[2025-07-25T12:50:18.941+0000] {processor.py:183} INFO - Processing /opt/airflow/dags/load_raw_from_minio.py took 0.181 seconds
[2025-07-25T12:52:34.871+0000] {processor.py:161} INFO - Started process (PID=104) to work on /opt/airflow/dags/load_raw_from_minio.py
[2025-07-25T12:52:34.874+0000] {processor.py:830} INFO - Processing file /opt/airflow/dags/load_raw_from_minio.py for tasks to queue
[2025-07-25T12:52:34.879+0000] {logging_mixin.py:188} INFO - [2025-07-25T12:52:34.878+0000] {dagbag.py:540} INFO - Filling up the DagBag from /opt/airflow/dags/load_raw_from_minio.py
[2025-07-25T12:52:35.082+0000] {processor.py:840} INFO - DAG(s) 'load_raw_from_minio' retrieved from /opt/airflow/dags/load_raw_from_minio.py
[2025-07-25T12:52:35.717+0000] {logging_mixin.py:188} INFO - [2025-07-25T12:52:35.716+0000] {dag.py:3047} INFO - Sync 1 DAGs
[2025-07-25T12:52:35.775+0000] {logging_mixin.py:188} INFO - [2025-07-25T12:52:35.774+0000] {dag.py:3834} INFO - Setting next_dagrun for load_raw_from_minio to 2025-07-25 12:00:00+00:00, run_after=2025-07-25 13:00:00+00:00
[2025-07-25T12:52:35.965+0000] {processor.py:183} INFO - Processing /opt/airflow/dags/load_raw_from_minio.py took 1.101 seconds
[2025-07-25T12:53:06.126+0000] {processor.py:161} INFO - Started process (PID=111) to work on /opt/airflow/dags/load_raw_from_minio.py
[2025-07-25T12:53:06.130+0000] {processor.py:830} INFO - Processing file /opt/airflow/dags/load_raw_from_minio.py for tasks to queue
[2025-07-25T12:53:06.133+0000] {logging_mixin.py:188} INFO - [2025-07-25T12:53:06.133+0000] {dagbag.py:540} INFO - Filling up the DagBag from /opt/airflow/dags/load_raw_from_minio.py
[2025-07-25T12:53:06.227+0000] {processor.py:840} INFO - DAG(s) 'load_raw_from_minio' retrieved from /opt/airflow/dags/load_raw_from_minio.py
[2025-07-25T12:53:06.268+0000] {logging_mixin.py:188} INFO - [2025-07-25T12:53:06.267+0000] {dag.py:3047} INFO - Sync 1 DAGs
[2025-07-25T12:53:06.333+0000] {logging_mixin.py:188} INFO - [2025-07-25T12:53:06.333+0000] {dag.py:3834} INFO - Setting next_dagrun for load_raw_from_minio to 2025-07-25 12:00:00+00:00, run_after=2025-07-25 13:00:00+00:00
[2025-07-25T12:53:06.361+0000] {processor.py:183} INFO - Processing /opt/airflow/dags/load_raw_from_minio.py took 0.245 seconds
[2025-07-25T12:53:36.496+0000] {processor.py:161} INFO - Started process (PID=118) to work on /opt/airflow/dags/load_raw_from_minio.py
[2025-07-25T12:53:36.503+0000] {processor.py:830} INFO - Processing file /opt/airflow/dags/load_raw_from_minio.py for tasks to queue
[2025-07-25T12:53:36.507+0000] {logging_mixin.py:188} INFO - [2025-07-25T12:53:36.506+0000] {dagbag.py:540} INFO - Filling up the DagBag from /opt/airflow/dags/load_raw_from_minio.py
[2025-07-25T12:53:36.695+0000] {processor.py:840} INFO - DAG(s) 'load_raw_from_minio' retrieved from /opt/airflow/dags/load_raw_from_minio.py
[2025-07-25T12:53:36.977+0000] {logging_mixin.py:188} INFO - [2025-07-25T12:53:36.977+0000] {dag.py:3047} INFO - Sync 1 DAGs
[2025-07-25T12:53:37.156+0000] {logging_mixin.py:188} INFO - [2025-07-25T12:53:37.155+0000] {dag.py:3834} INFO - Setting next_dagrun for load_raw_from_minio to 2025-07-25 12:00:00+00:00, run_after=2025-07-25 13:00:00+00:00
[2025-07-25T12:53:37.336+0000] {processor.py:183} INFO - Processing /opt/airflow/dags/load_raw_from_minio.py took 0.870 seconds
[2025-07-25T12:54:07.564+0000] {processor.py:161} INFO - Started process (PID=125) to work on /opt/airflow/dags/load_raw_from_minio.py
[2025-07-25T12:54:07.565+0000] {processor.py:830} INFO - Processing file /opt/airflow/dags/load_raw_from_minio.py for tasks to queue
[2025-07-25T12:54:07.568+0000] {logging_mixin.py:188} INFO - [2025-07-25T12:54:07.568+0000] {dagbag.py:540} INFO - Filling up the DagBag from /opt/airflow/dags/load_raw_from_minio.py
[2025-07-25T12:54:07.649+0000] {processor.py:840} INFO - DAG(s) 'load_raw_from_minio' retrieved from /opt/airflow/dags/load_raw_from_minio.py
[2025-07-25T12:54:07.674+0000] {logging_mixin.py:188} INFO - [2025-07-25T12:54:07.674+0000] {dag.py:3047} INFO - Sync 1 DAGs
[2025-07-25T12:54:07.698+0000] {logging_mixin.py:188} INFO - [2025-07-25T12:54:07.698+0000] {dag.py:3834} INFO - Setting next_dagrun for load_raw_from_minio to 2025-07-25 12:00:00+00:00, run_after=2025-07-25 13:00:00+00:00
[2025-07-25T12:54:07.716+0000] {processor.py:183} INFO - Processing /opt/airflow/dags/load_raw_from_minio.py took 0.157 seconds
[2025-07-25T12:54:37.924+0000] {processor.py:161} INFO - Started process (PID=132) to work on /opt/airflow/dags/load_raw_from_minio.py
[2025-07-25T12:54:37.926+0000] {processor.py:830} INFO - Processing file /opt/airflow/dags/load_raw_from_minio.py for tasks to queue
[2025-07-25T12:54:37.929+0000] {logging_mixin.py:188} INFO - [2025-07-25T12:54:37.929+0000] {dagbag.py:540} INFO - Filling up the DagBag from /opt/airflow/dags/load_raw_from_minio.py
[2025-07-25T12:54:38.099+0000] {processor.py:840} INFO - DAG(s) 'load_raw_from_minio' retrieved from /opt/airflow/dags/load_raw_from_minio.py
[2025-07-25T12:54:38.136+0000] {logging_mixin.py:188} INFO - [2025-07-25T12:54:38.136+0000] {dag.py:3047} INFO - Sync 1 DAGs
[2025-07-25T12:54:38.173+0000] {logging_mixin.py:188} INFO - [2025-07-25T12:54:38.173+0000] {dag.py:3834} INFO - Setting next_dagrun for load_raw_from_minio to 2025-07-25 12:00:00+00:00, run_after=2025-07-25 13:00:00+00:00
[2025-07-25T12:54:38.199+0000] {processor.py:183} INFO - Processing /opt/airflow/dags/load_raw_from_minio.py took 0.285 seconds
[2025-07-25T12:55:08.492+0000] {processor.py:161} INFO - Started process (PID=139) to work on /opt/airflow/dags/load_raw_from_minio.py
[2025-07-25T12:55:08.494+0000] {processor.py:830} INFO - Processing file /opt/airflow/dags/load_raw_from_minio.py for tasks to queue
[2025-07-25T12:55:08.497+0000] {logging_mixin.py:188} INFO - [2025-07-25T12:55:08.496+0000] {dagbag.py:540} INFO - Filling up the DagBag from /opt/airflow/dags/load_raw_from_minio.py
[2025-07-25T12:55:08.582+0000] {processor.py:840} INFO - DAG(s) 'load_raw_from_minio' retrieved from /opt/airflow/dags/load_raw_from_minio.py
[2025-07-25T12:55:08.611+0000] {logging_mixin.py:188} INFO - [2025-07-25T12:55:08.611+0000] {dag.py:3047} INFO - Sync 1 DAGs
[2025-07-25T12:55:08.641+0000] {logging_mixin.py:188} INFO - [2025-07-25T12:55:08.641+0000] {dag.py:3834} INFO - Setting next_dagrun for load_raw_from_minio to 2025-07-25 12:00:00+00:00, run_after=2025-07-25 13:00:00+00:00
[2025-07-25T12:55:08.665+0000] {processor.py:183} INFO - Processing /opt/airflow/dags/load_raw_from_minio.py took 0.178 seconds
[2025-07-25T12:55:38.709+0000] {processor.py:161} INFO - Started process (PID=146) to work on /opt/airflow/dags/load_raw_from_minio.py
[2025-07-25T12:55:38.711+0000] {processor.py:830} INFO - Processing file /opt/airflow/dags/load_raw_from_minio.py for tasks to queue
[2025-07-25T12:55:38.714+0000] {logging_mixin.py:188} INFO - [2025-07-25T12:55:38.714+0000] {dagbag.py:540} INFO - Filling up the DagBag from /opt/airflow/dags/load_raw_from_minio.py
[2025-07-25T12:55:38.821+0000] {processor.py:840} INFO - DAG(s) 'load_raw_from_minio' retrieved from /opt/airflow/dags/load_raw_from_minio.py
[2025-07-25T12:55:38.856+0000] {logging_mixin.py:188} INFO - [2025-07-25T12:55:38.856+0000] {dag.py:3047} INFO - Sync 1 DAGs
[2025-07-25T12:55:38.896+0000] {logging_mixin.py:188} INFO - [2025-07-25T12:55:38.896+0000] {dag.py:3834} INFO - Setting next_dagrun for load_raw_from_minio to 2025-07-25 12:00:00+00:00, run_after=2025-07-25 13:00:00+00:00
[2025-07-25T12:55:38.926+0000] {processor.py:183} INFO - Processing /opt/airflow/dags/load_raw_from_minio.py took 0.222 seconds
[2025-07-25T12:56:09.058+0000] {processor.py:161} INFO - Started process (PID=153) to work on /opt/airflow/dags/load_raw_from_minio.py
[2025-07-25T12:56:09.060+0000] {processor.py:830} INFO - Processing file /opt/airflow/dags/load_raw_from_minio.py for tasks to queue
[2025-07-25T12:56:09.064+0000] {logging_mixin.py:188} INFO - [2025-07-25T12:56:09.063+0000] {dagbag.py:540} INFO - Filling up the DagBag from /opt/airflow/dags/load_raw_from_minio.py
[2025-07-25T12:56:09.147+0000] {processor.py:840} INFO - DAG(s) 'load_raw_from_minio' retrieved from /opt/airflow/dags/load_raw_from_minio.py
[2025-07-25T12:56:09.177+0000] {logging_mixin.py:188} INFO - [2025-07-25T12:56:09.176+0000] {dag.py:3047} INFO - Sync 1 DAGs
[2025-07-25T12:56:09.203+0000] {logging_mixin.py:188} INFO - [2025-07-25T12:56:09.203+0000] {dag.py:3834} INFO - Setting next_dagrun for load_raw_from_minio to 2025-07-25 12:00:00+00:00, run_after=2025-07-25 13:00:00+00:00
[2025-07-25T12:56:09.222+0000] {processor.py:183} INFO - Processing /opt/airflow/dags/load_raw_from_minio.py took 0.169 seconds
[2025-07-25T12:56:39.611+0000] {processor.py:161} INFO - Started process (PID=160) to work on /opt/airflow/dags/load_raw_from_minio.py
[2025-07-25T12:56:39.612+0000] {processor.py:830} INFO - Processing file /opt/airflow/dags/load_raw_from_minio.py for tasks to queue
[2025-07-25T12:56:39.616+0000] {logging_mixin.py:188} INFO - [2025-07-25T12:56:39.615+0000] {dagbag.py:540} INFO - Filling up the DagBag from /opt/airflow/dags/load_raw_from_minio.py
[2025-07-25T12:56:39.759+0000] {processor.py:840} INFO - DAG(s) 'load_raw_from_minio' retrieved from /opt/airflow/dags/load_raw_from_minio.py
[2025-07-25T12:56:39.804+0000] {logging_mixin.py:188} INFO - [2025-07-25T12:56:39.803+0000] {dag.py:3047} INFO - Sync 1 DAGs
[2025-07-25T12:56:39.856+0000] {logging_mixin.py:188} INFO - [2025-07-25T12:56:39.855+0000] {dag.py:3834} INFO - Setting next_dagrun for load_raw_from_minio to 2025-07-25 12:00:00+00:00, run_after=2025-07-25 13:00:00+00:00
[2025-07-25T12:56:39.892+0000] {processor.py:183} INFO - Processing /opt/airflow/dags/load_raw_from_minio.py took 0.288 seconds
[2025-07-25T12:57:10.318+0000] {processor.py:161} INFO - Started process (PID=167) to work on /opt/airflow/dags/load_raw_from_minio.py
[2025-07-25T12:57:10.320+0000] {processor.py:830} INFO - Processing file /opt/airflow/dags/load_raw_from_minio.py for tasks to queue
[2025-07-25T12:57:10.325+0000] {logging_mixin.py:188} INFO - [2025-07-25T12:57:10.324+0000] {dagbag.py:540} INFO - Filling up the DagBag from /opt/airflow/dags/load_raw_from_minio.py
[2025-07-25T12:57:10.433+0000] {processor.py:840} INFO - DAG(s) 'load_raw_from_minio' retrieved from /opt/airflow/dags/load_raw_from_minio.py
[2025-07-25T12:57:10.475+0000] {logging_mixin.py:188} INFO - [2025-07-25T12:57:10.475+0000] {dag.py:3047} INFO - Sync 1 DAGs
[2025-07-25T12:57:10.513+0000] {logging_mixin.py:188} INFO - [2025-07-25T12:57:10.512+0000] {dag.py:3834} INFO - Setting next_dagrun for load_raw_from_minio to 2025-07-25 12:00:00+00:00, run_after=2025-07-25 13:00:00+00:00
[2025-07-25T12:57:10.544+0000] {processor.py:183} INFO - Processing /opt/airflow/dags/load_raw_from_minio.py took 0.232 seconds
[2025-07-25T12:57:40.821+0000] {processor.py:161} INFO - Started process (PID=174) to work on /opt/airflow/dags/load_raw_from_minio.py
[2025-07-25T12:57:40.823+0000] {processor.py:830} INFO - Processing file /opt/airflow/dags/load_raw_from_minio.py for tasks to queue
[2025-07-25T12:57:40.826+0000] {logging_mixin.py:188} INFO - [2025-07-25T12:57:40.826+0000] {dagbag.py:540} INFO - Filling up the DagBag from /opt/airflow/dags/load_raw_from_minio.py
[2025-07-25T12:57:40.920+0000] {processor.py:840} INFO - DAG(s) 'load_raw_from_minio' retrieved from /opt/airflow/dags/load_raw_from_minio.py
[2025-07-25T12:57:40.970+0000] {logging_mixin.py:188} INFO - [2025-07-25T12:57:40.969+0000] {dag.py:3047} INFO - Sync 1 DAGs
[2025-07-25T12:57:41.018+0000] {logging_mixin.py:188} INFO - [2025-07-25T12:57:41.017+0000] {dag.py:3834} INFO - Setting next_dagrun for load_raw_from_minio to 2025-07-25 12:00:00+00:00, run_after=2025-07-25 13:00:00+00:00
[2025-07-25T12:57:41.052+0000] {processor.py:183} INFO - Processing /opt/airflow/dags/load_raw_from_minio.py took 0.235 seconds
[2025-07-25T12:58:11.241+0000] {processor.py:161} INFO - Started process (PID=181) to work on /opt/airflow/dags/load_raw_from_minio.py
[2025-07-25T12:58:11.242+0000] {processor.py:830} INFO - Processing file /opt/airflow/dags/load_raw_from_minio.py for tasks to queue
[2025-07-25T12:58:11.245+0000] {logging_mixin.py:188} INFO - [2025-07-25T12:58:11.245+0000] {dagbag.py:540} INFO - Filling up the DagBag from /opt/airflow/dags/load_raw_from_minio.py
[2025-07-25T12:58:11.352+0000] {processor.py:840} INFO - DAG(s) 'load_raw_from_minio' retrieved from /opt/airflow/dags/load_raw_from_minio.py
[2025-07-25T12:58:11.400+0000] {logging_mixin.py:188} INFO - [2025-07-25T12:58:11.400+0000] {dag.py:3047} INFO - Sync 1 DAGs
[2025-07-25T12:58:11.442+0000] {logging_mixin.py:188} INFO - [2025-07-25T12:58:11.441+0000] {dag.py:3834} INFO - Setting next_dagrun for load_raw_from_minio to 2025-07-25 12:00:00+00:00, run_after=2025-07-25 13:00:00+00:00
[2025-07-25T12:58:11.469+0000] {processor.py:183} INFO - Processing /opt/airflow/dags/load_raw_from_minio.py took 0.236 seconds
[2025-07-25T12:58:41.645+0000] {processor.py:161} INFO - Started process (PID=188) to work on /opt/airflow/dags/load_raw_from_minio.py
[2025-07-25T12:58:41.646+0000] {processor.py:830} INFO - Processing file /opt/airflow/dags/load_raw_from_minio.py for tasks to queue
[2025-07-25T12:58:41.649+0000] {logging_mixin.py:188} INFO - [2025-07-25T12:58:41.649+0000] {dagbag.py:540} INFO - Filling up the DagBag from /opt/airflow/dags/load_raw_from_minio.py
[2025-07-25T12:58:41.741+0000] {processor.py:840} INFO - DAG(s) 'load_raw_from_minio' retrieved from /opt/airflow/dags/load_raw_from_minio.py
[2025-07-25T12:58:41.771+0000] {logging_mixin.py:188} INFO - [2025-07-25T12:58:41.771+0000] {dag.py:3047} INFO - Sync 1 DAGs
[2025-07-25T12:58:41.821+0000] {logging_mixin.py:188} INFO - [2025-07-25T12:58:41.821+0000] {dag.py:3834} INFO - Setting next_dagrun for load_raw_from_minio to 2025-07-25 12:00:00+00:00, run_after=2025-07-25 13:00:00+00:00
[2025-07-25T12:58:41.844+0000] {processor.py:183} INFO - Processing /opt/airflow/dags/load_raw_from_minio.py took 0.204 seconds
[2025-07-25T12:59:11.936+0000] {processor.py:161} INFO - Started process (PID=195) to work on /opt/airflow/dags/load_raw_from_minio.py
[2025-07-25T12:59:11.939+0000] {processor.py:830} INFO - Processing file /opt/airflow/dags/load_raw_from_minio.py for tasks to queue
[2025-07-25T12:59:11.942+0000] {logging_mixin.py:188} INFO - [2025-07-25T12:59:11.941+0000] {dagbag.py:540} INFO - Filling up the DagBag from /opt/airflow/dags/load_raw_from_minio.py
[2025-07-25T12:59:12.026+0000] {processor.py:840} INFO - DAG(s) 'load_raw_from_minio' retrieved from /opt/airflow/dags/load_raw_from_minio.py
[2025-07-25T12:59:12.059+0000] {logging_mixin.py:188} INFO - [2025-07-25T12:59:12.059+0000] {dag.py:3047} INFO - Sync 1 DAGs
[2025-07-25T12:59:12.089+0000] {logging_mixin.py:188} INFO - [2025-07-25T12:59:12.089+0000] {dag.py:3834} INFO - Setting next_dagrun for load_raw_from_minio to 2025-07-25 12:00:00+00:00, run_after=2025-07-25 13:00:00+00:00
[2025-07-25T12:59:12.111+0000] {processor.py:183} INFO - Processing /opt/airflow/dags/load_raw_from_minio.py took 0.180 seconds
[2025-07-25T12:59:42.245+0000] {processor.py:161} INFO - Started process (PID=202) to work on /opt/airflow/dags/load_raw_from_minio.py
[2025-07-25T12:59:42.247+0000] {processor.py:830} INFO - Processing file /opt/airflow/dags/load_raw_from_minio.py for tasks to queue
[2025-07-25T12:59:42.249+0000] {logging_mixin.py:188} INFO - [2025-07-25T12:59:42.249+0000] {dagbag.py:540} INFO - Filling up the DagBag from /opt/airflow/dags/load_raw_from_minio.py
[2025-07-25T12:59:42.329+0000] {processor.py:840} INFO - DAG(s) 'load_raw_from_minio' retrieved from /opt/airflow/dags/load_raw_from_minio.py
[2025-07-25T12:59:42.358+0000] {logging_mixin.py:188} INFO - [2025-07-25T12:59:42.358+0000] {dag.py:3047} INFO - Sync 1 DAGs
[2025-07-25T12:59:42.391+0000] {logging_mixin.py:188} INFO - [2025-07-25T12:59:42.391+0000] {dag.py:3834} INFO - Setting next_dagrun for load_raw_from_minio to 2025-07-25 12:00:00+00:00, run_after=2025-07-25 13:00:00+00:00
[2025-07-25T12:59:42.414+0000] {processor.py:183} INFO - Processing /opt/airflow/dags/load_raw_from_minio.py took 0.174 seconds
[2025-07-25T13:00:12.518+0000] {processor.py:161} INFO - Started process (PID=209) to work on /opt/airflow/dags/load_raw_from_minio.py
[2025-07-25T13:00:12.519+0000] {processor.py:830} INFO - Processing file /opt/airflow/dags/load_raw_from_minio.py for tasks to queue
[2025-07-25T13:00:12.522+0000] {logging_mixin.py:188} INFO - [2025-07-25T13:00:12.522+0000] {dagbag.py:540} INFO - Filling up the DagBag from /opt/airflow/dags/load_raw_from_minio.py
[2025-07-25T13:00:12.618+0000] {processor.py:840} INFO - DAG(s) 'load_raw_from_minio' retrieved from /opt/airflow/dags/load_raw_from_minio.py
[2025-07-25T13:00:12.651+0000] {logging_mixin.py:188} INFO - [2025-07-25T13:00:12.650+0000] {dag.py:3047} INFO - Sync 1 DAGs
[2025-07-25T13:00:12.692+0000] {logging_mixin.py:188} INFO - [2025-07-25T13:00:12.692+0000] {dag.py:3834} INFO - Setting next_dagrun for load_raw_from_minio to 2025-07-25 13:00:00+00:00, run_after=2025-07-25 14:00:00+00:00
[2025-07-25T13:00:12.723+0000] {processor.py:183} INFO - Processing /opt/airflow/dags/load_raw_from_minio.py took 0.210 seconds
